:020000040800F2
:1000000078400020ED010008B1720008BD5E0008D4
:10001000AD720008110C00084989000800000000BA
:10002000000000000000000000000000B1730008A4
:10003000050D00080000000011730008DD730008C2
:10004000070200080702000807020008070200086C
:10005000070200080702000807020008070200085C
:10006000070200080702000807020008D50C000874
:10007000E10C0008ED0C0008F90C0008070200086C
:10008000070200080702000807020008070200082C
:1000900007020008150D0008070200080702000803
:1000A000070200087D7600080974000807020008AE
:1000B00007020008070200080702000807020008FC
:1000C00007020008070200080702000807020008EC
:1000D00007020008858800089188000807020008C8
:1000E00007020008070200080702000807020008CC
:1000F00007020008070200080702000807020008BC
:1001000007020008070200089D76000807020008A1
:1001100007020008070200084577000807020008E8
:10012000070200080702000807020008070200088B
:10013000070200080702000807020008070200087B
:10014000070200080702000807020008000000007C
:10015000000000000000000000000000000000009F
:10016000000000000000000000000000070200087E
:10017000070200080702000807020008070200083B
:10018000070200080702000807020008070200082B
:10019000070200080000000007020008210D000807
:1001A000070200080702000807020008070200080B
:1001B00007020008070200080702000807020008FB
:1001C00007020008070200080702000807020008EB
:1001D0000702000807020008DFF80CD000F0A0FAC0
:1001E000004800472D8A00087840002006488047D4
:1001F00006480047FEE7FEE7FEE7FEE7FEE7FEE70C
:10020000FEE7FEE7FEE7FEE7F5730008D901000808
:100210002DE9F05F0546002092469B46884606463B
:10022000814640241BE0284641464746224600F0CE
:10023000C6F953465A46C01A914110D31146184682
:10024000224600F0ADF92D1A67EB01084F46224611
:100250000120002100F0A4F917EB00094E41201EF7
:10026000A4F10104DFDC484631462A464346BDE896
:10027000F09F40EA01039B0703D009E008C9121F61
:1002800008C0042AFAD203E011F8013B00F8013B50
:10029000521EF9D27047D2B201E000F8012B491E7C
:1002A000FBD270470022F6E710B513460A46044613
:1002B0001946FFF7F0FF204610BD00000FB400B54F
:1002C0008DB010A909900B9000914FF0FF300A906B
:1002D00000200C9005480690054807906A4609A83A
:1002E0000F9900F091F90DB05DF814FB2506000898
:1002F000430600082DE9FF5F1D464FF0FF3BD5E99F
:10030000014691465F464FF00008A9697F1C01989D
:100310008847296A824688470028F6D1BAF1FF3F0C
:100320000CD024F4C064002E19DD600614D5BAF197
:100330002B0F09D0BAF12D0F0ED103E0584604B0AF
:10034000BDE8F09F44F48064A9697F1C0198884748
:10035000761E8246002E02DDBAF1300F03D0B9F1CD
:10036000000F26D032E0A969761E44F400747F1C89
:10037000019888478246002E05DDBAF1780F06D035
:10038000BAF1580F03D0B9F1000F10D01EE0B9F147
:10039000000F02D0B9F1100F18D1A969761E24F40C
:1003A00000747F1C019888478246102002E00820D4
:1003B00000E00A20814609E008FB0908A969761EC9
:1003C00044F400747F1C019888478246002E05DDA6
:1003D0004946504600F003F90028EDDAE969019832
:1003E0008847A00502D46FF00100A8E7E00725D1F7
:1003F000600613D5600502D5C8F1000000E0404654
:1004000029680A1D2A600968220501D5087015E0CF
:10041000220701D5088011E008600FE02868011D5F
:1004200029600068210502D580F8008006E02107D8
:1004300002D5A0F8008001E0C0F8008038467EE7D1
:100440002DE9FE4F81EA030404F0004421F000414D
:1004500000944FF0000B23F0004350EA01045ED0FB
:1004600052EA03045BD0C3F30A54C1F30A552C4487
:10047000A4F2F3340194A0FB0254C1F3130141F43C
:100480008011C3F3130343F4801301FB024400FB08
:10049000034E840A970A44EA815447EA8357A4FB2F
:1004A000076802958D0A05FB07854FEA932C04FB2C
:1004B0000C542705029D4FEA065847EA1637B5EB5C
:1004C00008056EEB070C870E920E47EA811742EA89
:1004D0008312A7FB0201B6EB0B0164EB00042B0DAA
:1004E00043EA0C335E1844EB1C50DA465146E7FBF6
:1004F0000201C5F313044FEA0B3343EA14534FEAE6
:100500000432019C43EA0603A4F10C040294009C0B
:10051000CDE900B400F0B5F803B0BDE8F08F0020DD
:100520000146F9E730B5041E71F1000404DB4FF019
:100530000044404264EB0101141E73F1000405DB2A
:100540001C464FF00043524263EB0403101A8B41E8
:1005500001D2012030BD002030BD0EB540F2334144
:1005600002910021CDE900110A460B4600F089F8FE
:1005700003B000BD30B50B46014600202022012407
:1005800009E021FA02F59D4205D303FA02F5491B61
:1005900004FA02F52844151EA2F10102F1DC30BD77
:1005A000202A04DB203A00FA02F100207047914033
:1005B000C2F1200320FA03F3194390407047202A28
:1005C00004DB203A21FA02F00021704721FA02F3FD
:1005D000D040C2F1200291400843194670473A28A2
:1005E00000D2303820F02002412A01D3A2F1370096
:1005F000884201D34FF0FF30704700000268114479
:100600001378016018467047D1600449516104496C
:10061000116200211161114600F0A0B8FD0500082B
:1006200051070008426842B1016811F8013B23B14B
:10063000521EC0E90012184670470121C160881E91
:10064000704742685AB1C368016843B983688B42F6
:1006500005D0491E521CC0E90012002070474FF01F
:10066000FF30704710B5141E73F1000408DA401C07
:1006700041F1000192185B411A4301D120F00100C1
:1006800010BD2DE9F04D92469B4611B1B1FA81F2B1
:1006900002E0B0FA80F220329046FFF781FF044674
:1006A0000F4640EA0A0041EA0B0153465A46084306
:1006B00013D0114653EA010019D0C8F14002504648
:1006C000FFF77DFF05460E46504659464246FFF766
:1006D00067FF084305D0012004E020463946BDE805
:1006E000F08D0020054346EAE0762C4337430A9814
:1006F0006305E40AA0EB08000022FD0A44EA47541F
:100700000A3002D500200146E9E7010510196941C8
:10071000DDE9084500196941BDE8F04DA2E7000098
:100720001CB509480090094801900546009C06E068
:10073000E06840F0010394E8070098471034AC42A9
:10074000F6D3FFF74DFD000044B1000864B1000886
:10075000C0B24FF4F05100F097B900002DE9F34F0B
:100760008BB04FF0000801F10C000C464FF0010B6C
:1007700046460DF1080A01906269012101989047EF
:10078000051E2DD0252D2CD0216A8847C0B1626965
:10079000012101989047216A88470028F7D1411E1E
:1007A00062690198904700E0761CA1690B98884720
:1007B000216A88470028F7D1E1690B988847DBE771
:1007C000A1690B9888470746A84201D1761CD3E758
:1007D000E1690B9888477F1C02D1B8F1000F6FD0F8
:1007E00046E1002762693D463946019890472A282C
:1007F00004D162690121019890470125DFF88492B4
:100800006269012101989047A0F130010A290AD2BA
:100810004F45E5DC07EB870100EB4107303FDFD4B4
:1008200045F01005ECE7E90601D46FF000476C28AD
:100830000AD04C2814D0682815D06A280DD0742806
:100840001CD07A281AD01DE06269012101989047D6
:100850006C2802D045F0040514E045F002050DE0D7
:1008600045F020050AE06269012101989047682857
:1008700002D045F0080505E045F4006562690121F4
:1008800001989047C4E9015765283DD019DC5828E4
:100890007AD00CDC452837D004DC252826D0412826
:1008A00031D131E046282FD047282CD12CE05B28CD
:1008B00077D0612828D063287CD0642823D15AE0DF
:1008C000D0E06F2848D008DC66281DD067281BD0F0
:1008D000692821D06E2816D127E0702845D07328CA
:1008E00068D0752847D078280DD14DE0A1690B98C4
:1008F0008847054625283FF469AFE1690B9888478A
:100900006D1C3FF46AAFB3E023466A466FF0010006
:100910000B99AFF300809EE045F040006060A807AF
:1009200023464FF0000236D43EE0E8077FF447AF9D
:100930002068011D21600068290501D506701BE7AC
:10094000290701D5068017E7A90703D5F117C0E9E4
:10095000006111E706600FE745F040006060A807FE
:1009600023464FF0080216D41EE040F60E0125EA99
:100970000100606016E045F040006060A807234673
:100980004FF00A0207D40FE045F040006060A8076E
:1009900008D5234610226FF001000B99AFF30080B9
:1009A00059E007E0234610226FF001000B99FFF792
:1009B000A1FC50E04FF000094F464B46632802D09F
:1009C0005B2806D040E0E80601D40120A0600127A2
:1009D0003AE062690121019890475E2805D14FF005
:1009E00001096269494601989047216939B9002196
:1009F0000A46534643F82120491C0829FADBB0B3C4
:100A0000216969B9C11700EBD16253110AEB830167
:100A100022F01F02821A01200B68904003430B60F2
:100A200062690121019890475D28E8D1B9F1000F72
:100A300009D00020514651F82020D24341F820200F
:100A4000401C0828F7DB02AB224600976FF001003C
:100A50000B99AFF3008000280CDA401C08D1BBF1E1
:100A6000000F05D04FF0FF300DB0BDE8F08FFFE76D
:100A70004046F9E7E90701D108F1010806444FF0C3
:100A8000000B79E6CCCCCC0C7F2801D9002208E001
:100A9000064A02EB5002C007127800D1120902F098
:100AA0000F02012090400840704700006CB0000821
:100AB0000146806AC36DC26D13F0500F07D0D20695
:100AC00048BF00F07BBC406D426B0846104742F4C3
:100AD0000071C16501680B68CA681B0703D49107E0
:100AE00007D500F067BC12F4406FFAD1C9688904D9
:100AF000F7D4C16D21F48071C165C16DC90448BFCF
:100B000000F058BCC16D41F00101C16500F052BC5C
:100B1000806AC16D41F04001C165016E41F0040180
:100B2000016600F04BBC0000806A00F045BC00008C
:100B300070B582B004460020019021688A68D2070F
:100B400011D14FF6C076C7F6FF76886806F17F02AE
:100B500010420AD0E06D40F01000E065206E40F0D9
:100B600001002066012002B070BD88684FF4C162A8
:100B7000304040F00100886040F20010C5F20000F3
:100B8000814208BF4FF40272B1F1A04F08BF4FF489
:100B900002721058000220D401F090FB21680A680C
:100BA000D20717D1054603E021680868C00711D1B4
:100BB0008868C00704D18868304040F00100886030
:100BC00001F07CFB401B0328EED320680068C007BF
:100BD000EAD1BFE7002002B070BD40F20400C2F2CB
:100BE0000000006842F663518009C0F23E51A0FB4C
:100BF0000101880900EB40000C2101EB800000BFDF
:100C0000019001980028C7D001980138F8E700004A
:100C1000FEE70000F0B581B00D46064606980021BB
:100C200041F224773161F161C6E90211C6E9001190
:100C30000121C2F2000771703174C6E9050338461C
:100C400000211C463570B27004F0A4F93846042126
:100C500004F0A0F9307830B1012809D149F62930E3
:100C6000C0F6000003E049F6BD20C0F60000F061C8
:100C700044B1B7EE000A2046294601B0BDE8F04075
:100C800005F03ABA01B0F0BD10B50129044608BF1D
:100C900084ED020AA069002808BF10BD05F058FACB
:100CA0006069A8B1A169D4ED020A91ED030A08F0C8
:100CB00039F9A078B0EE401A0028E069B1EE400A98
:100CC00008BFB0EE410A84ED011ABDE810400047AC
:100CD00010BD000040F6E060C2F2000000F04EBE21
:100CE00040F64070C2F2000000F048BE40F6A0702E
:100CF000C2F2000000F042BE41F20000C2F2000069
:100D000000F03CBE70470000EFF3108072B600BFE9
:100D1000FEE7000041F26000C2F2000000F09ABF5E
:100D200041F2C400C2F2000000F094BF2DE9F04788
:100D3000DDE908EC802400254FF0000904700C70F8
:100D400002EB050ABAF80C70545B3E1B9E420ADCAB
:100D5000E41B9C422BDC09F10109B9F17A0F05F182
:100D60000205EDD128E0A9F1790806350AF10E0651
:100D7000002700BFB84510D036F80CAC36F8024B4F
:100D8000013FAAEB04049C4205F10105F2DD6C0869
:100D90000470C7F106048EF800400478802C0BD153
:100DA00009F17F046408047089F07F0902E04FEACA
:100DB000590404708EF80090F025002002EB4006E4
:100DC000B6F8F240B6F8FE60A71B9F420BDC341B5E
:100DD0009C4200F17F042EDC023D062CA0F10100B4
:100DE000ECD8BDE8F08705F108042A4400F17F0E35
:100DF000002500BF46197F36072E10DB968932F892
:100E00000279013DF61B9E42A4F10104F2DD04EBE0
:100E1000D47040080870C5F106008CF8000008780E
:100E2000802818BFBDE8F0874FEA5E0008708CF894
:100E300000E0BDE8F087FE304008087084F07F00D5
:100E40008EF80000BDE8F0872DE9F04140F278000F
:100E5000C2F20000047840F25A00C2F200000678A4
:100E600040F25800C2F200000578972C28BF972E58
:100E700004D3962D84BF2D20BDE8F081A54288BF04
:100E8000B54216D92846FFF768FB804620460F4634
:100E9000FFF763FB9FED180B53EC102BFFF7D0FA15
:100EA00042463B46FFF73EFB00281CBFB420BDE88E
:100EB000F081AE4288BFA64204D9132E84BF002021
:100EC000BDE8F081601B282807DB502C05D3A01B50
:100ED0002728C4BF5A20BDE8F0814FF0FF30332DE2
:100EE00038BF87204FF0FF31332E28BF0846332C00
:100EF00028BF0846BDE8F081333333333333FB3F3B
:100F000040F27901C2F20001087801284FF0000098
:100F100004BF08700120704790F85820012A04BFD0
:100F20000220704770B582B00122002380F858205B
:100F300001930093026840F2080CC5F2000CB2F174
:100F4000A04F0CF1F8050AD040F20043C5F20003AF
:100F50009A4207D10CF59F64002333B133E02C464D
:100F60001BB130E0002401236BBBA36894682343CA
:100F70005B0728D44FF4E063D1F800E0AA4208BF31
:100F80004FF44073B2F1A04F08BF4FF440735CF8C8
:100F90000340BEF1000F24F460441AD04D6890F86D
:100FA000386042F4807245EA46352C4340F2001521
:100FB000C5F20005AA424CF8034019D1DCF8002024
:100FC000DCF800411BE0C16D41F02001C165012149
:100FD00034E042F4807140F20012C5F20002914206
:100FE0004CF8034018D1DCF80010DCF800211AE0BE
:100FF000DCF80044DCF80055DCF800262C432243E2
:10100000D2071AD15CF8032040F61F748968A24306
:10101000114341EA0E010EE0DCF80024DCF8006523
:10102000DCF8001632431143C90706D15CF80310FF
:1010300040F61F7291434CF803100021002280F803
:10104000582002B0BDE8704008467047F0B581B046
:101050000022009290F85820012A01D1022181E15A
:101060000123076880F85830BB685B0734D4D1E9A6
:1010700000361F22C6F3012507EB85052C6B06F011
:101080001F06B240C3F3846324EA0202B3401A434A
:101090002A63BA68BB6802F0040203F00803D2189E
:1010A00040F0AC800A68042607F1140306EAD25C1B
:1010B000C2F340668D6853F82660C2F304540722D9
:1010C000A240B5F1004F26EA02060BD143F80C60AE
:1010D0001A6842F000430DE0C16D41F02001C16586
:1010E00001213CE105FA04F2324343F80C201A686E
:1010F00022F000437B61D1E90436FD68042B50D116
:101100003A6E3A6E0B68C2F3846293FAA3F6B6FAAB
:1011100086F65D0308BFC3F384664FF6FF73B242E1
:10112000C0F2070303D13A6E22F000423A667A6EAB
:101130007A6E0E68C2F3846296FAA6F5B5FA85F562
:101140001E4208BFC6F38465AA4203D17A6E22F01C
:1011500000427A66BA6EBA6E0E68C2F3846296FA7C
:10116000A6F5B5FA85F51E4208BFC6F38465AA4206
:1011700003D1BA6E22F00042BA66FA6EFA6E0E68B9
:10118000C2F3846296FAA6F5B5FA85F51E4208BF49
:10119000C6F38465AA4231D1FA6E22F00042FA66A3
:1011A0002CE0062202EA950206FA02FC0E6807F11C
:1011B000600555F823404FF20002C0F2FF3206F0FE
:1011C000F846224046EA0C06324342F0004245F817
:1011D00023200A698B6955F8226026F08076334314
:1011E00045F822300A690B7F55F82260012B26F062
:1011F000007608BF06F1007645F82260BA68D2078B
:1012000043D10E68CA68D7F8B05033466FF3DF4356
:1012100025EA030C4FF6FF7502F01804C0F207052B
:10122000E54000243540C4F27F0445EA0C05A242A3
:10123000C7F8B05029D196FAA6F2B2FA82F2002B82
:1012400008BFB20E013202F01E0302F01F02012697
:101250000025964002EB4202CFF6206505EB0255D1
:10126000354345F000750A2B38BF46EA0255C5F3F1
:10127000406307EB83038A685E69C5F3045507245E
:10128000AC40A643AA4032435A610D680021C8F21F
:1012900008010D4262D040F2083EC5F2000E0EF584
:1012A0008063AEF502741946A74204BF40F20831CC
:1012B000C5F20001B7F1A04F04BF40F20831C5F2FA
:1012C00000010E680022CCF22132954206F0E07C4B
:1012D00004D01022C9F2C00295422ED132022CD481
:1012E00040F20062C5F20002974202D0B7F1A04F6F
:1012F00034D10A6822F0E07242EA0C0242F40002A1
:101300000A6040F20401C2F20001096842F6635229
:101310008909C0F23E52A1FB0212910901EB410181
:101320000C2202EB810100910099B9B100990139B9
:10133000009100990029F9D110E00022CCF25272FC
:10134000954212D10022B2EB1C6F0ED10A6822F036
:10135000E07242EA0C0242F080720A600021002230
:1013600080F85820084601B0F0BD0021CCF6843149
:101370008D424FF0000108BF16F48002EFD1B7F1A3
:10138000A04F0AD040F20011C5F200018F42E5D013
:10139000391BB1FA81F1490900E00121002918BF88
:1013A0007346196821F0E07141EA0C0141F48001B3
:1013B0001960D3E7704700007047000070470000D5
:1013C00070B582B000210028019142D0C16D39B9B9
:1013D000044600F003F920460021216684F85810E5
:1013E0000268916889004FF6C071C5F6FF7102D599
:1013F00093680B4093609368DB001DD4936801F100
:101400008051194041F08051916040F20401C2F2D4
:101410000001096842F663538909C0F23E53A1FBFB
:1014200003139909022303EB410100BF01910199C4
:1014300011B101990139F9E79168C9000BD4C16D67
:10144000012641F01001C165016E41F00101016604
:1014500002E00126BFE000269368C46D03F0040398
:1014600004F010041B19C36D17D123F481730233E8
:10147000C3659368DB0736D140F2001442F48073F1
:10148000C5F2000440F2080CA342C5F2000C08D1DA
:10149000DCF80040DCF800310BE043F010020126DC
:1014A00098E0DCF800E4DCF80035DCF8004643EABC
:1014B0000E032343DB0716D10CF1F8034FF4E0646D
:1014C000D0F804E09A4208BF4FF44074B2F1A04F44
:1014D00008BF4FF440745CF8043023F47C1343EAF3
:1014E0000E034CF80430437FC46BD0E9021544EA84
:1014F00043332B4390F824501943012D41EA05430F
:1015000006D1816A0025CFF6FE7505EB41410B43FC
:10151000C46A24B1016B04F4787529430B43D16884
:1015200044F20705CFF6F07529401943D1601169DF
:10153000436B21F0406119431161916809073BD465
:1015400090F83810037F490041EA8331D36844F2B0
:101550000205AB431943D160036914694BB144F4EC
:1015600080311161D2F8C01043F6FF75A9430B43D7
:1015700008E024F480311161D2F8C01043F6FF7303
:1015800021EA0303C2F8C03090F840101369012922
:101590000FD140F2FD7123EA010CD0E91135D0E9F9
:1015A000134143EA0C032B432343194341F0010346
:1015B00001E023F0010313614169136B012923F05A
:1015C0000F0302D1016A01390B431363C26D01217C
:1015D00061F30102C265304602B070BDF0B59BB048
:1015E000044600201A90CDE91800CDE9160001A8A4
:1015F0005421FEF757FE206840F20051C5F2000169
:10160000884254D040F20041C5F20001884240F0C7
:10161000A6804FF4803001904FF00040139001A855
:1016200001F0A0FC002818BFFFF76EFB40F25C0140
:10163000C2F200010A6841F24C00C4F20200531CDD
:101640000B6042B9016841F480410160016801F416
:101650008041009100990168002641F0020101607B
:10166000006816A900F00200009000980220169071
:101670000320179040F20040C4F60000189600F0D6
:1016800047FD40F6E0650820C2F20005C4F2020002
:1016900080224FF480734FF4806C252185E843004D
:1016A000C5E90362C5E9053CC5E907664EE04FF4AC
:1016B000803001904FF00040139001A801F052FCDF
:1016C000002818BFFFF720FB40F25C01C2F20001C6
:1016D0000A6841F24C00C4F20200531C0B6042B98C
:1016E000016841F480410160016801F4804100918A
:1016F000009901684FF4807641F0100101600068A4
:10170000002700F01000009000980320179040F28E
:101710000040C4F6000000F5406016A91696189720
:1017200000F0F6FC0820C4F2020040F640751430C8
:10173000C2F2000580224FF48063262185E88300F1
:10174000C5E90372C5E90563C5E90777284600F0D6
:1017500063F9002818BFFFF7D7FA6565AC621BB0C4
:10176000F0BD00002DE9F04140F200160368C5F21B
:1017700000064FF4C167B34208BF4FF40277B3F1DC
:10178000A04F08BF4FF40277BF599D686D0703D47F
:1017900090F85850012D02D10220BDE8F08106F5E5
:1017A000A06407F01F070125A34280F8585018BF16
:1017B000002F0AD10D4690460446FFF7B9F970B1E3
:1017C000002184F85810BDE8F081052FF2D0092FD0
:1017D000F0D0002180F858100120BDE8F081216888
:1017E000E06D40F601739843224600F58070B142E7
:1017F000E06509D040F20050C5F200008142084681
:1018000008BF06F5407001E04FF0A040884218BFC5
:10181000002F03D1D06D20F48010D065D06D40F63C
:10182000B127C0044FF0000044BF106E20F0060046
:101830001066506D40F62936C0F60007C0F6000667
:1018400040F611340023C0F60004C0E90B761C27D3
:1018500044630F6082F858304B68144643F010031D
:101860004B60CB682A4643F00103CB6040314346CE
:1018700000F064F921684FF6C0738A68C7F6FF73F9
:101880001A4004328A60BDE8F0810000014690F8F9
:101890002500022827D180B50868D1E910CE8A6CCE
:1018A000036823F00E030360136823F4807313604E
:1018B000026822F0010202600EF01F00012202FA0B
:1018C00000F0CCF80400D1E913205060486D30B12D
:1018D000026822F480720260D1E9160242600020A0
:1018E000BDE8804002E00420C8630120012281F8A5
:1018F0002520002281F824207047000090F8251050
:10190000022930D180B50168D0E910CE826C0B6815
:1019100023F00E030B600B6823F001030B601168CA
:1019200021F4807111600EF01F02012101FA02F210
:10193000CCF80420D0E913325A60426D32B11368FA
:1019400023F480731360D0E91623536080F82510C8
:10195000826B002180F824100AB190470021BDE875
:101960008040084670470421C1630121002280F8AD
:10197000251080F82420084670470000B0B5D0E953
:1019800010C30268DCF8001003F01F030424D2F82F
:1019900000E09C400C4218BF1EF004051BD102243D
:1019A0009C400C4218BF1EF0020520D1D940090707
:1019B0001CD51EF0080108BFB0BD116821F00E0152
:1019C0001160012101FA03F2CCF80420C16380F810
:1019D0002510416B18E01168890603D4116821F0C5
:1019E00004011160CCF80440016B91B9B0BD1168DD
:1019F000890606D4116821F00A011160012180F8DE
:101A00002510CCF80440C16A0022002980F8242067
:101A1000ECD0BDE8B040084700284FF0010C00F0C2
:101A20008A802DE9F04F0021C4F2020103684FF6CD
:101A3000F83201F5816ECBF6FD72734538BF02F5C1
:101A400080624CF6CD441A44CCF6CC44A2FB042967
:101A500003F0FC02A2F10802A2FB042800F1080B2B
:101A600001F580646FF003069BE8040C3CBF002482
:101A7000C4F2020401F5026506EA9906734538BF0F
:101A800001F50065C0E91046022480F825401C6875
:101A900047F6F07724EA0707D0E9054147EA0A0745
:101AA00047EA0B07D0E907E93C43214341EA0E012D
:101AB00041EA0901114319600021C4F2020101F554
:101AC0000861C164C8F3041173190CFA01F5836449
:101AD000B2F5804F056504BF00214160476840F6BC
:101AE0008401FAB21A607B1EC4F20201032B0D605E
:101AF00012D8013A01EB8203002702F01F020126EF
:101B000043F87C7F01F1BC0706FA02F2C0E9153701
:101B1000C265C1F8C02003E00021C0E91511C1650C
:101B20004FF0000C0121C0F83CC080F8251080F86F
:101B300024C0BDE8F04F60467047000090F824C014
:101B4000BCF1010F43D04FF0010C80F824C090F895
:101B500025C0BCF1010F37D12DE9F0414FF0020C47
:101B600080F825C04FF0000CC0F83CC0D0F800C091
:101B700000F14C0E9EE83040DCF80060BEF1000F32
:101B800026F00106CCF8006065601CBFD0E9164560
:101B90006560D0E91056846806F01F060127D0F86A
:101BA000308007FA06F66E60CCF80430102C0B4635
:101BB00004BF13460A46B8F1000FCCF80830CCF841
:101BC0000C2006D00E210BE0002180F8241002200A
:101BD0007047DCF8001021F00401CCF800100A2155
:101BE000DCF800201143CCF80010806C0168C903B8
:101BF00003D5016841F480710160BEF1000F05D08A
:101C0000DEF8000040F48070CEF80000DCF8000040
:101C100040F00100CCF800000020BDE8F081000099
:101C2000B0B5044600F04AFB054640F24000C2F25F
:101C300000000068611C18BF044400BF00F03EFBB8
:101C4000401BA042FAD3B0BD7047000070470000AF
:101C5000704700002DE9F04F85B004460068016D23
:101C6000426DD0F850B0456D076D466D036D01EAC9
:101C700002080493436D0393036D0293436D019334
:101C8000D0F854A0D0F850905FEA496307D51AF015
:101C9000400104D0402101652046FFF7D9FF0BEA3F
:101CA000050B5FEAC95008F4E0550ED51AF48070B0
:101CB0000BD02068D0F8D810D0F8E02011404FF4B5
:101CC00080720265204600F01BFA37400BF00706D1
:101CD0002DB1206829460565204600F015FA07F069
:101CE00038052EB1206831460665204600F000FA1E
:101CF0002DB1206829460565204600F0FBF95FEA12
:101D0000895009D51AF4007006D020684FF400718C
:101D10000165204600F0FAF95FEA09600DD51AF076
:101D200080000AD02068D0F8D410D0F8DC20114010
:101D300080220265204600F0E5F95FEA894009D576
:101D40001AF4005006D020684FF400510165204677
:101D500000F0D4F95FEA0940DDE9011000EA01056D
:101D600009D51AF4004006D020684FF400410165FF
:101D7000204600F0C1F9DDE9031008405FEA49415F
:101D800005F460210AD51AF4804207D022684FF486
:101D900080431365226E42F08002226600F47105D2
:101DA00021B1206801652046FFF750FF25B120686A
:101DB0000565206E28432066206E28B1204605B0B8
:101DC000BDE8F04FFFF740BF05B0BDE8F08F000061
:101DD000002804BF01207047F0B581B0044690F898
:101DE0005C0028B9002084F85D00204600F0EAF885
:101DF0002068816921F01001816100F05FFA0546D9
:101E000020688169090705D500F058FA401B0B28A6
:101E1000F6D310E0816941F00101816100F04EFAD2
:101E2000054600BF20688169C9070BD100F046FA5A
:101E3000401B0B28F6D3206E032140F001002066E2
:101E40000120BBE0826946F2004CC4F2000C42F073
:101E500002026045826102D16268CCF80021227CD6
:101E60008369012A23F0400318BF40338361627CF9
:101E70008369012A23F4804308BF03F5804383610B
:101E8000A27C8369012A23F4805318BF03F5805391
:101E900083618569D4E902E325F4407545EA0E05BE
:101EA0008561856925F0A4058561056925F0100522
:101EB00005619BB1012B0DD0022B09D08569032B45
:101EC00045F080058561056945F01005056105D17E
:101ED000202300E0042385692B43836104F114056A
:101EE0002ACD226A6FF0FF075E1E07EB052545EA43
:101EF0004665013A2A430025CFF6FF7505EB0141FF
:101F00001143BEF5407FC16110D104F1240646CED5
:101F1000236B013A07EB06273A436FF00F0707EBF5
:101F200003131A4305EB01411143C160D4E90D13BA
:101F3000E26BD0F8C0704AF250763A43C0F8C02045
:101F40000CF580670CF58042B84204BF4AF250722B
:101F5000C4F200020CF50067C4F20006B84208BFE4
:101F600006F554722264D0F8807027F4F81747EA17
:101F70000141C0F8801002F170016164D0F8801056
:101F800021F0706141EA0361C0F8801002F1B000F5
:101F9000A06402F5C470E06402F51870206502F5D3
:101FA0001E70606502F55470002100BF42F8041BEA
:101FB0008242FBD300200121A065206684F85C10DA
:101FC00001B0F0BD10B59CB0044600201B90CDE9D7
:101FD0001900CDE9170002A85421FEF763F9206823
:101FE00046F60001C4F20001884239D046F20041B1
:101FF000C4F20001884278D14FF4805002904FF033
:102000000070109002A800F0ADFF002818BFFEF786
:102010007BFE40F26001C2F200010A6841F24C000E
:10202000C4F20200531C0B6042B9C16841F0007158
:10203000C160C16801F00071019101990168152426
:1020400041F0080101600068032100F008000190E0
:10205000019840F20040C4F6000000F5006031E055
:102060004FF4805002904FF00070109002A800F0E2
:1020700079FF002818BFFEF747FE40F26001C2F268
:1020800000010A6841F24C00C4F20200531C0B60CC
:1020900042B9C16841F00071C160C16801F00071CE
:1020A000019101990168572441F002010160006823
:1020B0004FF4405100F002000190019840F20040BE
:1020C000C4F600001791022118910021CDE91911E1
:1020D00009211B9117A900F01BF8204605210022B9
:1020E00000F0E4FD204600F0CFFD1CB010BD000064
:1020F0007047000070470000704700007047000004
:1021000070470000704700007047000070470000F3
:102110002DE9F04F83B00E68002E00F0C68000F16C
:10212000200241F2004C009200F13847C4F6000C46
:1021300006224FEAB725604508BF0522052D38BFA6
:102140004FEAB722002500274FF0000A01920AE06B
:102150000E680AF1010A36FA0AF207F1020705F1E0
:10216000040500F0A280012202FA0AFC16EA0C091A
:10217000EED0D1F804B003220BF00308A8F1010659
:10218000012E02FA07F610D8D0F808E0CC682EEA43
:102190000602BC40224382604268CBF3001422EA6C
:1021A0000C0204FA0AF422434260B8F1030F1ED075
:1021B000C2688C68B243BC402243B8F1020FC260CF
:1021C00015D16FF00302009C02EA5A0B54F80BC0C1
:1021D00005F01C030F22D1F8108002FA03FE2CEA4E
:1021E0000E0C08FA03F343EA0C0344F80B300268C0
:1021F0004B68B24303F00306BE40324313F4403F42
:102200000260A5D041F26003C4F202031A6840F2F2
:10221000004E42F001021A601A68C4F2010E02F088
:1022200001020292029A2AF003024FF6084C72440D
:10223000CFF6FF7C52F80C3005F00C060F24B440AA
:10224000A343019C04FA06F6334342F80C30DEF84F
:1022500008204B6842EA090640F20C4CDC0258BFE9
:1022600022EA0906CEF80860C4F2010CDCF800206E
:102270009C0242EA090658BF22EA0906CCF800602F
:10228000DEF804209C0342EA090658BF22EA090648
:10229000CEF80460DEF80020DB0342EA090658BFEE
:1022A00022EA0906CEF8006052E703B0BDE8F08FDD
:1022B0001823002A08BF2823C150704743F2980012
:1022C000C2F200000068704790F84120202A03D134
:1022D00090F84020012A01D102207047242280F882
:1022E00041200268136823F001031360136823F48C
:1022F00080531360136819431160116841F00101A4
:102300001160202180F84110002180F84010002049
:102310007047000090F84120202A03D190F8402017
:10232000012A01D102207047242280F8412002684E
:10233000136823F001031360136823F4706343EA06
:1023400001211160116841F001011160202180F824
:102350004110002180F8401000207047002804BF81
:102360000120704710B590F8411031B9002180F874
:102370004010044600F064FB2046242180F8411000
:1023800090E80610C4680B6822F0706223F0010325
:102390000B600A618A68012C22F400428A604FF4C3
:1023A000044208BF4FF4004242EA0C028A604A68C5
:1023B000022C22F4006208BF02F500624A604A68FB
:1023C00000F1100442F0007242F400424A60CA6810
:1023D00022F40042CA601CCC1A4342EA0422CA60BA
:1023E000D0E907231A430A600A6842F001020A6032
:1023F00000212022416480F84120016380F84210CE
:10240000002010BD2DE9F04F81B0044690F8410046
:10241000202807D10A9E4EB10B9F3FB194F840008F
:10242000012807D1022001B0BDE8F08F4FF4007001
:10243000606471E101209B469146884684F8400023
:10244000FFF73CFF216805468969090428D422204A
:1024500084F84100402084F84200002060646662F5
:1024600067852168606349F6000A40464B68CFF6ED
:10247000004A6FF39F205FFA8BF2804640EA0240E9
:1024800003EA0A02104400F50050486088690C9E77
:1024900080073CD4771C28E0206880690004D6D5EA
:1024A000204619212A4603F00BFD002840F0348114
:1024B000FFF704FF401B1A28EED320688069000450
:1024C000EAD5606C40F020006064202084F8410070
:1024D000002084F842001DE120688069800740F1F7
:1024E0000C8120688069800711D4204631462A4635
:1024F00003F0E6FC002840F00C81002FF1D0FFF73C
:10250000DDFE002EE8D0401BB042EAD9E4E72068A7
:10251000BBF1010F23D04FEA192181628069800746
:102520001CD4771C08E020688069800740F1E580B2
:1025300020688069800711D4204631462A4603F07E
:10254000BFFC002840F0E580002FF1D0FFF7B6FE79
:10255000002EE8D0401BB042EAD9E4E720685FFAD9
:1025600089F181622068806940061CD4771C08E0EC
:1025700020688069400640F1C0802068806940067C
:1025800011D4204631462A4603F09AFC002840F038
:10259000C080002FF1D0FFF791FE002EE8D0401B45
:1025A000B042EAD9E4E7608D40F20009B0F5807FDF
:1025B000C0F2FF19404609D3FF222168228551F855
:1025C000042F09F5105302EA0A020BE0628D21681C
:1025D000228551F8043FD2B203EA0A0343EA0242D9
:1025E00009F592331A431043771C4FF0FF0B0AF59D
:1025F000806A086004E02068806940077FF561AF69
:1026000020688069400711D4204631462A4603F0ED
:1026100057FC002840F08080002FF1D0FFF74EFEDD
:10262000002EE8D0401BB042EAD9E4E72068616A96
:10263000406A0870606A218D01306062481E208502
:10264000618D01396185618DD1B3000405D037E01A
:102650002068806900067FF534AF20688069000635
:1026600010D4204631462A4603F02AFC002853D1D4
:10267000002FF2D0FFF722FE002EE9D0401BB0421F
:10268000EBD9E5E7608DB0F5807F08D32068A4F82A
:1026900028B050F8041F4A4601EA0A010BE0618D98
:1026A0002068218550F8042FC9B202EA0A0242EAE2
:1026B00001414FF00072114341EA080143460160B5
:1026C000608D00289CD1204631462A4603F092FCBA
:1026D00010BB20682021C16142684EF60003CFF68E
:1026E00000631A404260002084F8411084F84200E0
:1026F00084F8400001B0BDE8F08F606C40F020002D
:102700006064202084F84100002084F8420084F8AE
:102710004000002084F84000012001B0BDE8F08FA7
:102720002DE9F04F81B0044690F84100202807D1F0
:102730000A9E4EB10B9F3FB194F84000012807D18B
:10274000022001B0BDE8F08F4FF40070606472E1C8
:1027500001209B469246894684F84000FFF7AEFD73
:1027600021680546896909042CD4212084F8410098
:10277000402084F8420000206064666267856063E0
:102780004846226849F600486FF39F205FFA8BF1B4
:10279000CFF60048814640EA01405168A8F58063C1
:1027A0001940084440F0807040F400505060906937
:1027B0000C9E80073DD4771C29E000BF206880690B
:1027C0000004D2D5204619212A4603F079FB0028BF
:1027D00040F03181FFF772FD401B1A28EED32068CC
:1027E00080690004EAD5606C40F02000606420201D
:1027F00084F84100002084F842001AE120688069D2
:10280000800740F1098120688069800711D4204643
:1028100031462A4603F054FB002840F00981002F7E
:10282000F1D0FFF74BFD002EE8D0401BB042EAD9B3
:10283000E4E72068BBF1010F23D04FEA1A2181623F
:10284000806980071CD4771C08E0206880698007B5
:1028500040F1E28020688069800711D4204631462B
:102860002A4603F02DFB002840F0E280002FF1D033
:10287000FFF724FD002EE8D0401BB042EAD9E4E780
:1028800020685FFA8AF181622068806900061CD4A2
:10289000771C08E020688069000640F1BD80206850
:1028A0008069000611D4204631462A4603F008FB11
:1028B000002840F0BD80002FF1D0FFF7FFFC002E74
:1028C000E8D0401BB042EAD9E4E7608DB0F5807FE4
:1028D00048460AD3FF222168228551F8042F00239D
:1028E000C0F2FF1302EA08020BE0628D2168228524
:1028F00051F8043FD2B203EA080343EA02424FF020
:1029000000731A4340F2000A1043771CC0F2FF1A0A
:102910004FF0FF0B086004E02068806980077FF5B6
:1029200062AF20688069800710D4204631462A466D
:1029300003F0C6FA00287ED1002FF2D0FFF7BEFCCC
:10294000002EE9D0401BB042EBD9E5E7616A206870
:1029500011F8012B82626162618D01396185218DDF
:1029600001392185628DD2B3090406D037E0206891
:10297000806900067FF537AF20688069000610D4B3
:10298000204631462A4603F09BFA002853D1002FF7
:10299000F2D0FFF793FC002EE9D0401BB042EBD9F8
:1029A000E5E7608DB0F5807F08D32068A4F828B0F3
:1029B00050F8041F524601EA08010BE0618D2068BF
:1029C000218550F8042FC9B202EA080242EA014107
:1029D0004FF00072114341EA09014B460160608DDE
:1029E00000289ED1204631462A4603F003FB10BB47
:1029F00020682021C16142684EF60003CFF60063D3
:102A00001A404260002084F8411084F8420084F8A3
:102A1000400001B0BDE8F08F606C40F020006064C1
:102A2000202084F84100002084F8420084F840000F
:102A3000002084F84000012001B0BDE8F08F0000C4
:102A4000B0B59CB00446002502A854211B95CDE9E1
:102A50001955CDE91755FDF725FC206848F20041CE
:102A6000C4F2000188426BD047F60001C4F20001B5
:102A7000884234D045F60001C4F20001884240F09B
:102A8000908080200290002402A80A9400F06AFA44
:102A9000002818BFFEF738F941F24C05C4F20205D0
:102AA000286817A940F001002860286800F001009C
:102AB000019001984FF4407017901220CDE918044E
:102AC00004201B904FF090401A94FFF721FBE86818
:102AD00040F48000E860E86800F480005FE04FF4B4
:102AE00080700290002402A80B9400F03BFA0028AA
:102AF00018BFFEF709F941F24C05C4F20205286837
:102B000017A940F004002860286800F00400019034
:102B100001984FF4407017901220CDE91804082056
:102B20001B9040F60000C4F600001A94FFF7F0FA7C
:102B3000E86840F08040E860E86800F080402EE0FF
:102B40004FF40030029002A80C9500F00BFA002818
:102B500018BFFEF7D9F841F24C04C4F20204206811
:102B600017A940F004002060206800F004000190E4
:102B70000198C0201790122018900020CDE919006C
:102B800008201B9040F60000C4F60000FFF7C0FAD2
:102B9000206940F002002061206900F002000190ED
:102BA00001981CB0B0BD000040F2400043F2980113
:102BB000C2F20000C2F2000100680A681044086016
:102BC0007047000080B5032000F09CF80F2000F053
:102BD00009F800281CBF012080BD00F031F800205A
:102BE00080BD000040F24001C2F2000109680029E6
:102BF00004BF0120704710B5044640F20400C2F241
:102C000000004FF47A720068B2FBF1F1B0FBF1F012
:102C100001F0C0F801460F2C4FF001000ED800293A
:102C200018BF10BD4FF0FF302146002200F03EF8E3
:102C300040F244010020C2F200010C6010BD00000F
:102C400080B582B041F25800C4F2020081680022CF
:102C500041F001018160816801F001010191019958
:102C6000016841F08051016000680F2100F0805040
:102C7000009000986FF0010000F018F802B0BDE875
:102C8000804000F065B90000002848BF704700F0A0
:102C90001F01012202FA01F11C2202EAD0004EF2C9
:102CA0000012CEF2000281507047000010B54EF6BF
:102CB0000C5CCEF2000CDCF80030C3F3022E8EF078
:102CC0000704042C28BF0424BEF103034FF0FF3E89
:102CD0000EFA04F438BF0023A14399400EFA03F31F
:102CE0009A43114300F1604200F00F03090102F51D
:102CF0006442043B6344002848BF03F10C02117096
:102D000010BD00004EF60C51CEF200010A684FF6DD
:102D1000FF031A4060F30A2242F0806040F0FD7029
:102D20000860704701220168C0F8D022002280F8B4
:102D3000C822B1F8540040F00100A1F85400B1F8E5
:102D4000540040F002020020A1F854207047000017
:102D5000002804BF01207047B0B5044690F89102E6
:102D600028B9002084F89002204600F04BF8032098
:102D700084F89102206805F0DDFD94F804C0BCF1F0
:102D8000000F14D00CEB8C00C10000224FF0010E9C
:102D900000200023251828302B74814203F1010301
:102DA00085F811E0EA74C5E90822AA62F2D1BCF103
:102DB000000F15D00CEB8C00C00000210022002376
:102DC000A518283285F85031904203F1010385F8A7
:102DD000511185F85311C5E95811C5F86811EFD1A3
:102DE00094E8070005F098FD00200121207384F885
:102DF0009112A17A012918BFB0BD2046FFF792FFBA
:102E00000020B0BD10B596B0044601A85421FDF7CE
:102E100049FA206845F60041C4F20001884201D019
:102E200016B010BD4FF4005001900020109001A882
:102E300000F098F8002818BFFDF766FF41F258002F
:102E4000C4F20200016841F400010160006800F46E
:102E500000000090009816B010BD000047F2000C72
:102E6000C4F2000CDCF80020B0F5007F35D000285B
:102E700066D1DCF8800002F4C06220F48070B2F504
:102E8000806FCCF8800026D1DCF80000012262F3CC
:102E90004A20CCF8000040F20400C2F200000068B2
:102EA000322358434DF68363C4F21B33A0FB030364
:102EB00002EB9340002200BFDCF81410013842F10D
:102EC0000003490501D5002BF6D1DCF814004005BC
:102ED00044BF0320704700207047DCF8800002F4F4
:102EE000C06140F48070B1F5806FCCF88000F2D101
:102EF000DCF80000012161F34A20CCF8000040F228
:102F00000400C2F200000068322250434DF6836292
:102F1000C4F21B32A0FB020201EB9240002200BF70
:102F2000DCF81410013842F10003490501D5002BEB
:102F3000F6D1DCF81400400544BF03207047CAE70F
:102F4000022060F34A22CCF80020002070470000E5
:102F500047F20800C4F20000016841F480410160BA
:102F6000704700002DE9F04381B08146807841F23E
:102F700088060007C4F2020601D400204AE056F891
:102F8000300C5FEAC0080BD456F8300C40F080508B
:102F900046F8300C56F8300C00F080500090009845
:102FA00047F20004C4F20004206840F480702060FE
:102FB000FFF784F9054600BF2068C70508D4FFF76E
:102FC0007DF9401B0328F7D30320002F03D418E01A
:102FD0000020002F15D5B16811F4407100F029814F
:102FE000D9F85020914240F02981C90740F035813D
:102FF00038B9B068D9F8501020F440700843B06078
:103000000020B8F1000F05D456F8301C21F0805193
:1030100046F8301CD9F80010CA0716D18A071DD40B
:103020004A0724D40A072BD4CA0632D48A0639D4D4
:103030004A0640D40A0647D4CA054ED48A0355D45A
:103040008A055CD44A0563D472E03268D9F804304A
:1030500022F003021A4332608A07E1D53268D9F8B8
:10306000083022F00C021A4332604A07DAD532687F
:10307000D9F80C3022F030021A4332600A07D3D557
:103080003268D9F8103022F0C0021A433260CA0602
:10309000CCD53268D9F8143022F440721A43326029
:1030A0008A06C5D53268D9F8183022F440621A432E
:1030B00032604A06BED53268D9F81C3022F440523C
:1030C0001A4332600A06B7D53268D9F8203022F4A4
:1030D00040421A433260CA05B0D53268D9F824306C
:1030E00022F440321A4332608A03A9D57269D9F8B2
:1030F000283022F003021A4372618A05A2D5326891
:10310000D9F82C3022F440221A4332604A050FD5F8
:103110003268D9F8303022F440121A43B3F5801FD8
:10312000326005D156F87C2C42F4801246F87C2C93
:103130000A050FD53268D9F8343022F440021A4318
:10314000B3F5800F326005D156F87C2C42F4801222
:1031500046F87C2CCA040FD53268D9F8383022F0F2
:1031600040721A43B3F1807F326005D156F87C2C4F
:1031700042F4801246F87C2C8A040FD53268D9F8C4
:103180003C3022F040621A43B3F1006F326005D147
:1031900056F87C2C42F4801246F87C2C4A040FD559
:1031A0003268D9F8403022F040621A43B3F1006F20
:1031B000326005D156F87C2C42F4801246F87C2C03
:1031C0000A040FD53268D9F8443022F040521A432D
:1031D000B3F1805F326005D156F87C2C42F4803226
:1031E00046F87C2CCA030FD53268D9F8483022F053
:1031F00040421A43B3F1804F326005D156F87C2C1F
:1032000042F4803246F87C2C49030FD57169D9F815
:103210004C2021F440111143B2F5001F716105D11A
:1032200056F87C1C41F4801146F87C1C01B0BDE8C6
:10323000F0830021C9073FF4DBAE0EE0B168B2684D
:1032400021F4407142F48032B260B26822F48032DC
:10325000B260B160C9073FF4CBAE0446FFF72EF869
:10326000054641F2893700BFB068800709D4FFF7EF
:1032700025F8401BB842F7D3032000287FF4C1AEE5
:10328000B7E6204600287FF4BCAEB2E62DE9F04751
:10329000002800F0FE8042F2000AC4F2020A04464E
:1032A000DAF800000D4600F00F0088420DD2DAF87F
:1032B000000020F00F002843CAF80000DAF80000F0
:1032C00000F00F00A84240F0E480216841F20808B5
:1032D000C807C4F202080CD14FF00009206881072A
:1032E0004BD4B9F1000F61D0D8F8000020F0F00005
:1032F0005AE0606858F8082C022800F0C8800328BB
:1033000040F0CA80920140F1C480D8F80420D8F877
:10331000043042F20046C3F3031302F00302D8F86C
:1033200004700133C0F2F406032A04BF43F20066BE
:10333000C0F26E16B6FBF3F2D8F80430C7F30627D6
:103340007A43C3F34163022707EB4303B2FBF3F273
:103350004BF20043C0F2C4439A4240F2E480D8F8F2
:10336000002012F0F00F00F0D480890740F1DB80DC
:10337000A168002940F0D780CBE0410705D5D8F8F7
:10338000001041F4E061C8F80010000706D5D8F835
:103390000000072161F30D20C8F80000D8F80000F4
:1033A000A16820F0F0000843C8F80000DAF8000037
:1033B00000F00F00A84219D9DAF8000020F00F0041
:1033C0002843CAF80000FEF779FF064641F2883725
:1033D000DAF8000000F00F00A84207D0FEF76EFFF9
:1033E000801BB842F4D90320BDE8F087206841076C
:1033F00007D5D8F80010E26821F4E0611143C8F85D
:103400000010000708D5D8F80000216920F46050AA
:1034100040EAC100C8F80000D8F8000042F20041BC
:10342000C0F2F40100F00C000428084600F09C8073
:10343000D8F8000000F00C00082843F20060C0F249
:103440006E1000F09180D8F8002002F00C020C2AD7
:1034500040F08980D8F80420D8F8043002F0030244
:10346000C3F30313D8F804700133032A08BF0146DD
:10347000B1FBF3F0D8F80410C7F30627C1F341619C
:103480000222784302EB4101B0FBF1F06CE09103C2
:1034900004D40120BDE8F0875105FAD5D8F8001012
:1034A00001F00C0104293ED0D8F8001001F00C0105
:1034B000082938D0D8F8001001F00C010C2932D1BD
:1034C000D8F80410D8F8042042F20047C2F30312DF
:1034D00001F00301D8F804300132C0F2F4070329E7
:1034E00004BF43F20067C0F26E17B7FBF2F1D8F8E1
:1034F0000420C3F306235943C2F34162022303EBC2
:103500004202B1FBF2F14BF20042C0F2C4429142DE
:1035100009D9D8F80010082262F307114FF0010909
:10352000C8F8001001E04FF00009D8F8001021F0B1
:1035300003010843C8F80000FEF7C0FE064641F24A
:10354000883700BFD8F80000616800F00C00B0EBCD
:10355000810F3FF4C3AEFEF7B1FE801BB842F1D934
:103560000320BDE8F0870020D8F800104BF2AC0231
:10357000C1F30311C0F60002515C40F2040201F0F5
:103580001F0120FA01F140F24400C2F2000000687D
:10359000C2F200021160BDE8F047FFF723BB000054
:1035A00040F2040041F20801C2F20000C4F202013C
:1035B000006809684BF2BC02C1F30221C0F60002A8
:1035C000515C01F01F01C8407047000040F2040048
:1035D00041F20801C2F20000C4F202010068096869
:1035E0004BF2BC02C1F3C221C0F60002515C01F0F3
:1035F0001F01C8407047000041F20C01C4F20201F3
:1036000051F8040C42F20042C0F2F40200F00C0047
:103610000428104608BF704751F8040C00F00C0055
:10362000082843F20060C0F26E1025D051F8043C27
:1036300003F00C030C2B1CBF0020704780B5D1F8A1
:1036400000C00B680CF0030CC3F3031E0B680EF1F3
:10365000010EBCF1030F08BF02460968B2FBFEF081
:10366000C3F30623C1F341610222584302EB410137
:10367000B0FBF1F0BDE8804070470000002804BFB7
:10368000012070472DE9F04182B00446007841F2F4
:103690000006C007C4F202061DD12078800737D487
:1036A000207800075AD42078400778D42078800604
:1036B00000F1BF80E569002D00F01E82B06800F0C7
:1036C0000C000C2840F01E81012D40F09881012053
:1036D00002B0BDE8F081B06800F00C01F068082984
:1036E00054D0032281F00C0122EA00000844B0FA11
:1036F00080F040094AD165683068B5F5A02F00F028
:10370000C680B5F5803F40F0C98040F48030CBE002
:10371000B068F16800F00C00042864D001F00301E7
:1037200080F00C0081F002010844B0FA80F04009FA
:1037300059D1E1683068002900F0D18040F48070F0
:103740003060FEF7BBFD05463068400500F1FC80A7
:10375000FEF7B4FD401B0228F6D936E16169D6F8C0
:103760009400002900F0818040F00100C6F8940028
:10377000FEF7A4FD054600BFD6F89400800792D45A
:10378000FEF79CFD401B0228F6D91EE1306880033D
:103790007FF583AF606800287FF47FAF39E0B06DBC
:1037A0005FEAC00808D4B06D40F08050B065B06DDD
:1037B00000F080500190019847F20007C4F2000722
:1037C0003868C00529D4386840F480703860FEF746
:1037D00075FD05463868C0051FD4FEF76FFD401B18
:1037E0000228F7D9F1E03068400501D5E06880B1E2
:1037F0007068216920F0FE4040EA0160706040F28C
:103800004400C2F200000068FFF7ECF900283FF422
:1038100047AF012002B0BDE8F081A568D6F890005E
:10382000052D00F0AE80012D40F0B48040F0010085
:10383000B8E0A169D6F89800002900F08D8040F02A
:103840000100C6F89800FEF739FD0546D6F8980045
:1038500080073FF52FAFFEF731FD401B02284FF0E8
:103860000300F3D902B0BDE8F08120F00100C6F8F2
:103870009400FEF723FD0546D6F8940080077FF5F7
:1038800012AFFEF71BFD401B0228F5D99DE040F466
:1038900080203060306840F4803005E020F48030D3
:1038A0003060306820F480203060FEF707FD002D86
:1038B000054610D0306880033FF5EFAEFEF7FEFC02
:1038C000401B6428F6D980E0FEF7F8FC401B642812
:1038D0004FF00300C6D830688003F5D4DDE620F44D
:1038E00080703060FEF7EAFC054600BF3068400596
:1038F0007FF5D6AEFEF7E2FC401B02284FF0030036
:10390000F4D9AFE7306820F080703060FEF7D6FC65
:10391000022D05460CD100BF3068800140F1A8801F
:10392000FEF7CCFC401B02284FF00300F4D999E7C6
:103930003068800140F1D980FEF7C0FC401B0228AE
:103940004FF00300F4D98DE77068216920F0FE4044
:1039500040EA01607060A3E620F00100C6F898001C
:10396000FEF7ACFC054600BFD6F8980080077FF54F
:10397000A1AEFEF7A3FC401B02284FF00300F3D9D1
:1039800070E740F00400C6F89000D6F8900040F0D0
:10399000010007E020F00100C6F89000D6F8900082
:1039A00020F00400C6F89000FEF788FC002D0546C4
:1039B00041F2883716D000BFD6F89000800715D4A2
:1039C000FEF77CFC401BB842F6D9032002B0BDE8EC
:1039D000F08100BFFEF772FC401BB8424FF00300BD
:1039E0003FF640AFD6F890008007F3D4B8F1000F4F
:1039F0003FF55CAEB06D20F08050B06556E6F068E3
:103A0000216A00F003028A427FF403AF626A6FF01A
:103A10000F0300F0F00103EB021291427FF4F9AEC4
:103A2000A16A00F4FE42B2EB012F7FF4F2AEE16A2C
:103A300000F07842B2EBC16F7FF4EBAE226B002353
:103A4000CFF6E07303EA025200F4C001A2F50012BF
:103A500091427FF4DEAE616B4FF07E4202EA01617B
:103A600000F0C06001F17E4188427FF4D2AE43E0B5
:103A7000F06848F20C01C0F29F1104F1200700EA3F
:103A8000010C8ECF6FF00F00D4E90C5400EB021044
:103A90000022CFF6E07241EA0C0102EA0552084327
:103AA000A2F500124FF07E4540EA032005EA0465C6
:103AB000104305F17E4540EAC7602843F060306856
:103AC00040F080703060F06840F08070F060FEF789
:103AD000F5FB0446306880010ED4FEF7EFFB001BB7
:103AE00002284FF00300F5D9BCE6F0684FF6FC71F0
:103AF000CFF6EE610840F060002002B0BDE8F08132
:103B0000002804BF01207047416A19B100210161FA
:103B1000142104E04168B1F5827F02D01C2100220B
:103B20004250B0B50025856290F85D1029B980F843
:103B30005C50044600F056F82046022180F85D10E3
:103B40000168D0F80CE00B68BEF5E06F23F040038D
:103B50000B6098BF01254EF40063B3F5706F4FEA18
:103B6000053C1CBF00258562D0E90154D0E9043230
:103B700005F4827504F404442C4403F00203234446
:103B8000846902F00102C5691A4404F400731A44FE
:103B900005F03803056A1A4405F08003856A1A4463
:103BA00005F400531A430A600422436A0EF4706558
:103BB00002EA1442446B45EA0C0503F010032A4361
:103BC00004F008041A4322434A60CA6922F40062DE
:103BD000CA6100210122016680F85D20BDE8B04085
:103BE00008467047F0B587B0006842F6FF71C4F22E
:103BF000010188424FF000010691CDE90411CDE9A1
:103C0000021133DC43F60001C4F2000188425CD0AB
:103C100043F60041C4F20001884240F0B98041F20D
:103C20004C00C4F20200C16841F40041C160C168A7
:103C300001F4004101910199016841F00401016022
:103C4000006800F00400019001984FF4E0500290E9
:103C5000022003900020CDE904000620069040F2E7
:103C60000040C4F6000000F580608EE043F600419D
:103C7000C4F20101884262D043F20001C4F20101A2
:103C8000884240F0858041F24C00C4F20200416954
:103C900041F480514161416901F4805101910199E0
:103CA000016841F001010160006800F0010001902D
:103CB0000198E0200290022003900020CDE904004A
:103CC000052006904FF090405FE041F24C00C4F2B6
:103CD0000200C16840F2004741F48041C160C16800
:103CE000C4F6000701F480410191019901680224A2
:103CF00041F0200101600168002501F020010191DF
:103D000001990168052641F002010160006802A9DD
:103D100000F00200019001984FF48060029007F5D6
:103D200080500394CDE904550696FEF7F1F94FF45F
:103D3000004102AA384632C2CDE9055625E041F2DB
:103D40004C00C4F20200416941F400414161416903
:103D500001F4004101910199016841F010010160F5
:103D6000006800F01000019001984FF4E0400290CC
:103D7000022003900020CDE904000520069040F2C7
:103D80000040C4F6000000F5406002A9FEF7C0F94B
:103D900007B0F0BD411E0020B0EB116F1CBF012029
:103DA00070474EF21002CEF2000251604EF62351DF
:103DB000CEF20001F0230B70072190601160704774
:103DC00070470000704700007047000090F83C20EA
:103DD000012A04BF02207047B0B5012280F83C20C0
:103DE000D1E90232D1E900CE22F47C5223F470539F
:103DF00043EA020448F2FF73CEF6F0730EEA0302C0
:103E0000224303F5006404EA0C0442EA040C0C6942
:103E100003F5C05222404C6942EA0C02224303F5EA
:103E2000605422400C6B03F5F04323401A438B6926
:103E300040F2000CCC69CEF6FF7C0CEA034C144334
:103E4000026842F60043C4F201039A4244EA0C03BA
:103E50000BD045F20004C4F20104A24205D043F2A3
:103E60000044C4F20104A24217D14FF6FF74CDF60C
:103E70000F4403EA040ED1E9084CD1E90A310025C8
:103E8000CDF6F04505EA035343EA0E0324F0085546
:103E90002B432CF000552B430B430021536480F837
:103EA0003C100020B0BD00007047000070470000CB
:103EB0007047000090F83C20012A4FF0020266D0C3
:103EC00070B5012380F83C3080F83D20026842F64E
:103ED000004C54689368C4F2010C45F2000E624530
:103EE000C4F2010E18BF72452AD14D6824F4700443
:103EF0002C434FF68F75CFF6FF550E682C4042F6D7
:103F0000FF35C4F201053443AA4254600DDC40F28F
:103F1000FF76C4F20006B24219DCB2F1804F29D01C
:103F200040F20046C4F2000622E043F6FF74C4F2F9
:103F30000104A24216DC62451CD043F2004615E0A3
:103F400043F20045C4F20105AA42CED0D1E740F6C3
:103F50000006C4F20006B2420CD040F60046C4F29D
:103F6000000605E0724505D044F20006C4F20106E1
:103F7000B24204D1896823F0800319439160012182
:103F8000002280F83D1080F83C20BDE870401046CB
:103F90007047000070470000002804BF01207047F0
:103FA00010B5044690F83D0028B9002084F83C0084
:103FB000204600F023F8022084F83D002068211DEF
:103FC00003F0C6FB012084F8480084F83E0084F822
:103FD0003F0084F8400084F8410084F8420084F8EF
:103FE000430084F8440084F8450084F8460084F8CF
:103FF000470084F83D00002010BD000080B586B069
:10400000006843F2FF31C4F2010188424FF0000121
:104010000591CDE90311CDE9011126DD44F2FF310F
:10402000C4F2010188426CDD44F20041C4F2010196
:10403000884200F0C08044F60001C4F201018842C9
:1040400000F0DC8045F20001C4F20101884240F03A
:10405000A18041F26000C4F20200016841F48011C5
:104060000160006800F48010C4E041F2FF31C4F246
:104070000001884223DC40F60041C4F2000188427E
:1040800057D041F20001C4F20001884240F0828022
:1040900041F26000C4F2020050F8081C002241F016
:1040A000100140F8081C50F8080C052100F0100021
:1040B000009000983620FEF7F9FD3620B1E041F27D
:1040C0000041C4F20001884266D042F60041C4F2C9
:1040D000010188425ED141F26000C4F20200016831
:1040E000002241F4006101600068052100F40060D5
:1040F000009000981920FEF7D9FD1920FEF7C4FDA5
:1041000089E043F20041C4F20101884267D044F2E1
:104110000001C4F2010188423CD141F26000C4F2C6
:104120000200016841F480310160006800F48030D1
:1041300060E041F26000C4F2020050F8081C41F057
:10414000080140F8081C50F8081C01F00801009113
:10415000009950F8141C41F0010140F8141C50F86B
:10416000140C002100F00100009000980320019041
:1041700002200290CDE90311059001A94FF0904073
:10418000FDF7C6FF322005210022FEF78FFD322009
:10419000FEF77AFD06B080BD41F26000C4F2020075
:1041A00050F8081C41F0200140F8081C50F8080C99
:1041B00000F020001EE041F26000C4F2020001683D
:1041C000002241F4003101600068052100F4003054
:1041D000009000981920FEF769FD192021E041F2B6
:1041E0006000C4F20200016841F4005101600068FF
:1041F00000F400500090009806B080BD41F26000CD
:10420000C4F20200016841F480210160006800F4FA
:104210008020009000981A2005210022FEF746FD1C
:104220001A2006B0BDE88040FEF72EBD90F83D1084
:10423000012917D1022180F83D10016842F6FF30B4
:10424000C4F2010081420FDC40F2FF70C4F20000B2
:10425000814218DCB1F1804F2CD040F20040C4F212
:10426000000025E00120704743F6FF70C4F2010012
:10427000814213DC42F60040C4F20100814219D0B1
:1042800043F2004012E040F60000C4F20000814218
:1042900010D040F60040C4F2000009E045F20000F2
:1042A000C4F20100814205D044F20000C4F20100D2
:1042B00081420CD188680722C0F201020240062A1E
:1042C0004FF00000CFD0B2F5803F08BF70470868BC
:1042D00040F00100086000207047000090F83D1099
:1042E00001291BD1022180F83D10016842F6FF32FE
:1042F000C868C4F20102914240F00100C8600FDCBE
:1043000040F2FF70C4F20000814218DCB1F1804F2E
:104310002CD040F20040C4F2000025E0012070479C
:1043200043F6FF70C4F20100814213DC42F6004004
:10433000C4F20100814219D043F2004012E040F67D
:104340000000C4F20000814210D040F60040C4F2E8
:10435000000009E045F20000C4F20100814205D0EE
:1043600044F20000C4F2010081420CD188680722A7
:10437000C0F201020240062A4FF00000CFD0B2F591
:10438000803F08BF7047086840F0010008600020C7
:104390007047000090F83C20012A4FF0020200F024
:1043A000BA8080B5012380F83C3080F83D20D0F8F9
:1043B00000C08822DCF80830CFF6CE721A40CCF864
:1043C00008200B68B3F5805F16DB1F22C0F21002D5
:1043D00093421ADD3F21C0F210018B427CDD402167
:1043E000C0F210018B4200F081805021C0F2100118
:1043F0008B427BD0702175E03F2B23DC1F2B4FDCE1
:10440000002B73D0102B71D0CBE0B3F5801F42DAB4
:10441000B3F5805F76D0B3F5005F40F0C280D1E99C
:1044200001E3C968DCF8082043EA0E0322F47F4266
:1044300043EA01211143CCF80810DCF8081041F4DC
:1044400080415DE05F2B30DC402B66D0502B40F08C
:10445000A880D1F804E0C968DCF82030DCF820201E
:1044600022F00102CCF82020DCF8182022F0F00223
:1044700042EA011123F00A0242EA0E02CCF81810B7
:10448000CCF82020DCF808104FF68872CFF6CF72F7
:104490001140573134E029D0B3F1101F26D080E00D
:1044A000202B23D0302B21D07BE0602B57D0702BDA
:1044B00077D1D1E901E3C968DCF8082043EA0E03AB
:1044C00022F47F4243EA01211143CCF80810DCF8C2
:1044D000081041F0770113E02021C0F210018B4257
:1044E00004D03021C0F210018B425AD1DCF8081000
:1044F0004FF68872CFF6CF721140194341F0070191
:10450000CCF808100022012180F83D10002180F82D
:104510003C10BDE8804010467047D1F804E0C968FF
:10452000DCF82030DCF8202022F00102CCF820203A
:10453000DCF8182022F0F00242EA011123F00A020E
:1045400042EA0E02CCF81810CCF82020DCF8081053
:104550004FF68872CFF6CF7211404731D0E7D1F8CD
:1045600004E0C968DCF82030DCF8202022F01002DA
:10457000CCF82020DCF8182022F4704242EA013105
:1045800023F0A00242EA0E12CCF81810CCF820203A
:10459000DCF808104FF68872CFF6CF721140673101
:1045A000AEE70122AFE70000002804BF01207047FA
:1045B0002DE9F047044690F83D000D4628B900204B
:1045C00084F83C00204600F04BF8022084F83D00BF
:1045D00020684BF6F8728168CFF6FE721140816058
:1045E000211D03F0B5F820684FF6FF7881688269D5
:1045F000D0F820C0D5E9003ED5E9026A43EA0109B6
:10460000AB6922EA080246EA03234FF6FC46B343AD
:10461000D5E9076742EA0A0229691A4342EA0622F3
:1046200042EA01112CF0AA026B6942EA0E0241EA49
:10463000073142EA0312C0F808908161026201204A
:1046400084F8480084F83E0084F83F0084F8440071
:1046500084F8450084F83D000020BDE8F0870000A4
:1046600080B586B0006840F60001C4F200018842BF
:104670004FF000010591CDE90311CDE9011141D0C1
:1046800040F20041C4F2000188421BD0B0F1804FDB
:104690005FD141F24C00C4F20200C16841F0010157
:1046A000C160C16801F0010100910099016841F009
:1046B000080101600068012100F0080000900098E6
:1046C000182038E041F24C00C4F20200C16841F009
:1046D0000201C160C16801F0020100910099016806
:1046E00041F0020101600068012100F00200009029
:1046F00000983020019040F60040C4F60000A0F57C
:1047000000601DE041F24C00C4F20200C16841F0BB
:104710000401C160C16801F00401009100990168C1
:1047200041F0080101600068002100F008000090DD
:1047300000984FF44050019040F60040C4F600004D
:104740000222CDE902210021CDE9041201A9FDF7E1
:10475000DFFC06B080BD000080B590F83E2090F8E8
:104760003F3090F844E090F845C0042909D099B949
:10477000012A4FF0010208BFBEF1010F22D01046FE
:1047800080BD012B4FF0010208BFBCF1010FF6D133
:10479000022280F83F2012E0012A4FF0010208BFF8
:1047A000012BECD1BEF1010FE9D1BCF1010FE6D133
:1047B000022280F83E2080F83F2080F8442080F8D4
:1047C000452004E0022280F83E2080F84420026860
:1047D0000429136A04D031B923F0010101230DE04B
:1047E00023F0100109E023F001011162116A41F088
:1047F00001011162116A21F0100110231162116A86
:104800001943116200680022016841F00101016052
:10481000104680BD70470000F0B581B004460068C6
:10482000C5680669B10716D515F0020113D06FF0FF
:1048300002010161012121778069800703D02046B0
:10484000FFF7E8FF05E0204600F074F9204600F08D
:104850009FFB00202077700718D515F0040015D0B5
:1048600020686FF00401016102212177806910F452
:10487000407F03D02046FFF7CDFF05E0204600F043
:1048800059F9204600F084FB00202077300717D527
:1048900015F0080014D020686FF0080101610421B0
:1048A0002177C069800703D02046FFF7B3FF05E0FA
:1048B000204600F03FF9204600F06AFB00202077F8
:1048C000F00618D515F0100015D020686FF0100113
:1048D000016108212177C06910F4407F03D0204690
:1048E000FFF798FF05E0204600F024F9204600F08D
:1048F0004FFB00202077F00718BF15F0010006D00D
:1049000020686FF001010161204600F0F7FB16F40A
:10491000025F05F0800718BF002F02D1F00509D40F
:1049200010E020686FF4025101612046FFF74AFA57
:10493000F00507D537B120686FF48071016120461A
:10494000FFF73EFA700609D515F0400006D0206842
:104950006FF040010161204600F03EFCB00609D531
:1049600015F0200006D020686FF02001016120467C
:10497000FFF72AFAF00209D515F4801006D0206856
:104980006FF4801101612046FFF790FAB00209D55B
:1049900015F4001006D020686FF400110161204664
:1049A000FFF782FA700209D515F4800006D020685E
:1049B0006FF4800101612046FFF77AFA30020CD5CE
:1049C00015F4000009D021686FF4000220460A6146
:1049D00001B0BDE8F040FFF7DDBA01B0F0BD000066
:1049E00070B586B000680021A0F18040A0F5963037
:1049F0004FEAB02009280591CDE9031102910191F8
:104A000000F29580DFE800F005933A9393219393A9
:104A1000936141F24C00C4F20200016841F00401CC
:104A200001600068002100F00400009000980F2051
:104A3000019002200290059040F20040C4F6000070
:104A4000CDE9031100F580606EE041F24C00C4F244
:104A50000200016841F001010160006800F00100FE
:104A6000009000980C200190022002900020CDE9D7
:104A70000300092005904FF0904055E041F24C00B2
:104A8000C4F20200016840F2004441F002010160FA
:104A90000068C4F6000400F0020000900098402076
:104AA0000190052002250026059001A920460295C7
:104AB000CDE90366FDF72CFB4FF4007101AA62C239
:104AC0000A212046049605912EE041F24C00C4F2E2
:104AD0000200016840F2004641F0100101600168E7
:104AE000C4F6000601F0100100910099016802244B
:104AF00041F0200101600068002500F020000090D6
:104B000000980E2001900620059006F5406001A94E
:104B10000294CDE90355FDF7FBFA042001A931C148
:104B200006F58050CDE9045401A9FDF7F1FA06B06D
:104B300070BD00007047000090F83C30012B04BFAE
:104B4000022070474FEAB2020123052A80F83C3068
:104B500000F2E4812DE9F041DFE812F006004401A3
:104B60009000EA0053009C0103681D6A1A6AA3F1D1
:104B7000804622F001021A621A46D3F8048052F8E5
:104B800018CF8F68A6F59636D1F800E025F002051B
:104B90004FEAB626092E45EA07050BD80127B7408C
:104BA00040F2E52427421FBFCC6825F00C0524F015
:104BB00004042543092E0CD80124B44040F2E52614
:104BC00034421FBFD1E9054628F440773C4344EA0C
:104BD00006084FF68C74CFF6FE740CEA040747EA19
:104BE0000E07C3F804809F614F6809695F631D6207
:104BF0009F6947F008079F619F6927F004079F613D
:104C000086E10368D3F820C01A6AA3F1804722F432
:104C100080321A621A46A7F596375D6852F8508FAF
:104C2000D1F800E08E684FEAB727092F0AD801248F
:104C3000BC4040F2E5273C421EBF4C6925F480355C
:104C400045EA04252CF4003747EA06474FF68C76F0
:104C5000CFF6FE76033606EA080646EA0E065D60E3
:104C60001E654E6809699E641F621F6D47F0080744
:104C70001F651F6D27F004071F6549E1036842F6B1
:104C800000461D6A1A6AC4F2010622F480721A6292
:104C90001A46D3F804C052F81CEFB3428E68D1F81C
:104CA000008025F4007545EA06250BD045F2000684
:104CB000C4F20106B34205D043F20046C4F2010635
:104CC000B34207D1CE6840F2FF47360225F4406573
:104CD000BE433543A3F18046A6F596364FEAB62685
:104CE000092E0DD8012707FA06F640F2E5273E42C5
:104CF0001FBFD1E905672CF44054374344EA071C31
:104D00004FF68C74CFF6FE740EEA040747EA0807E4
:104D1000C3F804C0DF614F680969DF631D62DF69A2
:104D200047F00807DF61DF6927F00407DF61EFE084
:104D3000036842F600461D6A1A6AC4F2010622F4AC
:104D400080521A621A46D3F804C052F81C8FB3423C
:104D50008E68D1F800E025F4005545EA06350BD001
:104D600045F20006C4F20106B34205D043F2004604
:104D7000C4F20106B34207D1CE6844F6FF7736038A
:104D800025F44045BE433543A3F18046A6F596364B
:104D90004FEAB626092E0DD8012707FA06F640F28B
:104DA000E5273E421FBFD1E905672CF44044374355
:104DB00044EA871C48F6FF44CFF6FF6404EA08047F
:104DC00044EA0E27C3F804C0DF614F6809691F6415
:104DD0001D62DF6947F40067DF61DF6927F48067E0
:104DE000DF6194E0036842F600461D6A1A6AC4F265
:104DF000010622F010021A621A465C6852F818CFB7
:104E0000B3428E68D1F800E025F0200545EA06158A
:104E10000BD045F20006C4F20106B34205D043F2BE
:104E20000046C4F20106B34207D1CE686FF04007D6
:104E300025F0C00507EA06163543A3F18046A6F51E
:104E400096364FEAB626092E0DD8012707FA06F640
:104E500040F2E5273E421FBFD1E9056724F44064D4
:104E60003E4344EA860448F6FF46CFF6FF660CEA66
:104E7000060747EA0E275C609F614F6809699F63D8
:104E80001D629F6947F400679F619F6927F48067EF
:104E90009F613CE00368D3F820C01A6AA3F1804701
:104EA00022F480121A621A46A7F596375D6852F806
:104EB000508FD1F800E08E684FEAB727092F0AD843
:104EC0000124BC4040F2E5273C421EBF4C6925F45A
:104ED000802545EA84252CF4001747EA065748F652
:104EE000FF46CFF6FF6606F5407606EA080646EA74
:104EF0000E265D601E654E680969DE641F621F6DC7
:104F000047F400671F651F6D27F480671F6509025E
:104F10001368194300231160BDE8F041002180F8B7
:104F20003C10184670470000002804BF012070475D
:104F300010B5044690F83D0028B9002084F83C00E4
:104F4000204600F023F8022084F83D002068211D4F
:104F500002F0FEFB012084F8480084F83E0084F84B
:104F60003F0084F8400084F8410084F8420084F84F
:104F7000430084F8440084F8450084F8460084F82F
:104F8000470084F83D00002010BD0000704700007D
:104F90007047000080B559B10B1F4FEAB30C432294
:104FA0004FF03F0EBCF1040F38BF0EEBB30200E030
:104FB0003E22825C012A1CBF012080BD61B10A1F14
:104FC0004FEAB202032A17D8DFE802F002120A0EF3
:104FD000022280F83F2012E0022280F83E200EE0FC
:104FE000022280F841200AE0022280F8422006E0F6
:104FF000022280F8402002E0022280F8432002686A
:1050000001F01F000121136A01FA00F083431362CB
:10501000136A18431062A2F18040A0F596304FEA5F
:10502000B02342F6FF30072BC4F2010050D899405C
:1050300011F0E50F4CD0516C824241F400415164B3
:105040000DDC40F2FF70C4F20000824216DCB2F1C7
:10505000804F2AD040F20040C4F2000023E043F623
:10506000FF70C4F20100824213DC42F60040C4F239
:105070000100824219D043F2004012E040F60000E5
:10508000C4F20000824210D040F60040C4F200009A
:1050900009E045F20000C4F20100824205D044F26A
:1050A0000000C4F2010082420CD190680721C0F2D6
:1050B0000101014006294FF0000008D0B1F5803F02
:1050C00008BF80BD106840F001001060002080BD66
:1050D0008242B6DD43F6FF71C4F201018A42C4DDAB
:1050E00044F20001C4F201018A42DED045F200011F
:1050F000C4F201018A429ED0E4E7000041F6D011DB
:10510000C2F2000100680968884218BF704770B594
:105110004EF2180540F60044CEF20005C4F6000435
:10512000FDF7CCF841F67046C2F200063168401A2D
:105130000A2836D320464FF480410122FDF7B8F803
:1051400020464FF400410022FDF7B2F855F8040C58
:10515000286800BF29688142FCD020464FF40041F6
:105160000122FDF7A5F855F8040C2868296881424A
:10517000FCD020464FF480410022FDF799F840F61C
:10518000086040F28811C2F20000C2F2000140F251
:105190000A62FCF7E7FAFDF791F83060BDE870406D
:1051A000704720464FF400410022FDF781F855F882
:1051B000040C286829688142FCD020464FF4004145
:1051C0000122FDF775F855F8040C2868296881421A
:1051D000FCD0BDE8704070477047000090F8841024
:1051E000012904BF022070472421C0F888100168FB
:1051F0000A680B6822F0005223F001030B600023C1
:1052000043660A602021C0F8881080F884300020AE
:1052100070470000D0F88C30202B07D103460029BE
:105220004FF0010018BF002A02D1704702207047DA
:1052300010B50120D8660020186718461C4603F0F8
:10524000DBF8002818BF10BDE26E012A1CBF012048
:1052500010BD226821461023136200BF0A6852E87D
:10526000002F0B6842F0100243E80024002CF5D117
:1052700010BD000041F67442C2F200021278002A0A
:1052800008BF704770B543F28C060025C2F20006D5
:1052900056F82530D3F80441844205D001359542B3
:1052A000F6D3BDE870407047D3F8080130B10C4622
:1052B000804756F825002146FAF7F4FF56F82510E6
:1052C000D1F8040191F80021FFF7A4FF56F825005A
:1052D000D0F80401D0F880000068016821F00401D2
:1052E0000160BDE8704070477047000090F884206E
:1052F000012A04BF02207047B0B50123242280F8A0
:105300008430C0F888200268D0F864E0D2F800C089
:105310001468BEF1000F24F001041460946824F0B6
:10532000606441EA040191601BD0916893684BF27C
:10533000EC0E5B0FC0F6000E4BF2F4051EF80340B6
:10534000C0F60005EB5CE400B4FBF3F3C1F342618B
:10535000A0F86A301EF80130695CDB00B3FBF1F3A2
:1053600001E0A0F86A302021A0F86830C2F800C03F
:10537000C0F88810002180F884100020B0BD000023
:1053800090F88420012A04BF02207047B0B50123A1
:10539000242280F88430C0F888200268D0F864E0C5
:1053A000D2F800C01468BEF1000F24F001041460AC
:1053B000946824F0604441EA040191601BD0916834
:1053C00093684BF2EC0E5B0FC0F6000E4BF2F40547
:1053D0001EF80340C0F60005EB5CE400B4FBF3F3F9
:1053E000C1F34261A0F86A301EF80130695CDB004D
:1053F000B3FBF1F301E0A0F86A302021A0F8683097
:10540000C2F800C0C0F88810002180F88410002085
:10541000B0BD0000704700007047000041F67441C5
:10542000C2F200010A78002A08BF7047B0B543F203
:105430008C050024C2F2000555F82410D1F804317F
:10544000834205D001349442F6D3BDE8B0407047A2
:1054500091F800211846FFF7DDFE55F82400D0F83A
:105460000401D0F880000068016821F004010160A7
:10547000BDE8B0407047000070B5046840F62F03E7
:10548000E2692168A6681340202B05D101F02003B2
:1054900006F080555B1938D140F60F0313400CD04D
:1054A0000123C1F2000306EA030C40F22013C0F20C
:1054B00000430B4013EB0C032DD1C36ED50616D55C
:1054C000012B14D111F0100311D010212162A16819
:1054D000490600F1FC80B0F85C10B0F85E20B0F82E
:1054E0005E30002B18BF914240F05B8170BDD3024B
:1054F00040F1CB8016F4800300F0C7804FF4801198
:105500002162BDE87040FFF787BF416F0029EDD0F1
:10551000BDE870400847D30718BF11F4807307D067
:1055200001232362D0F8903043F00103C0F890309B
:10553000930706F0010E0AD5BEF1000F07D0022333
:105540002362D0F8903043F00403C0F89030530742
:105550000AD5BEF1000F07D004232362D0F89030A3
:1055600043F00203C0F8903013070CD501F020037C
:1055700053EA0C0307D008232362D0F8903043F09D
:105580000803C0F8903013050BD511F0806308D0E4
:105590004FF400632362D0F8903043F02003C0F84A
:1055A0009030D0F89030002BA0D092060AD501F0B0
:1055B000200106F08052891804D0416F11B10446D1
:1055C000884720460168D0F89020896802F02802B8
:1055D00001F04001891807D10446FFF71FFF0020A2
:1055E000C4F8900070BD00BF016851E8001F026858
:1055F00021F4907142E80013002BF5D14FF6FE71B3
:10560000CEF6FF71026852E8022F03680A4043E8B1
:105610000226002EF6D1C16E012909D1016851E898
:10562000001F026821F0100142E80013002BF5D1A1
:105630002021C0F88C100021C16602684167916882
:10564000490640F1A18000BF016851E8021F0268CD
:1056500021F0400142E80213002BF5D1D0F8801070
:10566000002900F0918047F64922C0F60002044666
:1056700008468A63FCF742F900283FF437AFD4F8B4
:105680008000816BBDE870400847130606D501F025
:10569000800306F400069B1940F0B380530677D5CB
:1056A00011F0400374D000BF016851E8001F026888
:1056B00021F0400142E80013002BF5D12021C0F871
:1056C000881000218167BDE8704000F0F3BBD0F87E
:1056D00080100A6851688BB2002B4AD0B0F85C6029
:1056E000B34246D2A0F85E101168890635D400BFD7
:1056F000016851E8001F026821F4807142E800133C
:10570000002BF5D1016851E8021F026821F0010168
:1057100042E80213002BF5D1016851E8021F02682C
:1057200021F0400142E80213002BF5D12021C0F8FE
:105730008C100021C16600BF016851E8001F02689B
:1057400021F0100142E80013002BF5D1D0F88010B1
:1057500004460846FCF79AF8204602210167B0F893
:105760005C10B0F85E20891A89B2BDE87040FFF77E
:1057700081BDB0F85C1099427FF4B8AE1268920611
:105780007FF5B4AE022237E0BDE87040FFF746BEB9
:1057900013023DD511F080433AD0BDE87040FFF7C9
:1057A00039BE891A026852E8002F036822F4907209
:1057B00043E80026002EF5D14FF6FE72CEF6FF72BA
:1057C000036853E8023F0668134046E80235002D9F
:1057D000F6D12022C0F88C200022C266426700BFAA
:1057E000026852E8002F036822F0100243E8002606
:1057F000002EF5D1022289B20267BDE87040FFF7A2
:1058000039BD816F00293FF471AEBDE87040084793
:10581000D2017FF56BAEB1F1FF3FC8BF70BDBDE8EF
:105820007040FFF761BD000010B5D0B10446D0F85C
:10583000880028B9002084F88400204600F026F86B
:105840002420C4F888002068A16A026822F00102BE
:10585000026011B1204602F023F8204602F06CFCF1
:1058600008B1012010BD2168486820F490404860CC
:10587000886820F02A008860086840F0010220460D
:105880000A60BDE8104002F07FB800002DE9F04149
:105890009CB0044600201B90CDE91900CDE917000B
:1058A00002A85421FAF7FEFC206847F6FF71C4F203
:1058B000000188423BDC44F20041C4F2000188420E
:1058C00079D044F60001C4F20001884240F017810B
:1058D00004200290002402A80594FDF743FB002851
:1058E00018BFFBF711FA41F24C00C4F20200C16884
:1058F00041F48021C160C16801F4802101910199C6
:10590000016841F008010160006800F008000190A2
:1059100001984FF4407017900220CDE91804072039
:105920001B9040F60040C4F600001A943DE043F698
:105930000001C4F20101884200F0A78048F2000192
:10594000C4F20001884240F0DA8020200290002456
:1059500002A80894FDF706FB002818BFFBF7D4F94E
:1059600041F24C00C4F20200016941F00101016101
:10597000016901F0010101910199016841F0020101
:105980000160006800F00200019001984FF440604F
:1059900017900220CDE9180408201B9040F6004023
:1059A000C4F600001A94A0F5006017A9FCF7B0FB3C
:1059B0001CB0BDE8F0810225002602A802950496DD
:1059C000FDF7D0FA002818BFFBF79EF941F24C0012
:1059D000C4F20200C16840F2300841F40031C160F5
:1059E000C168C4F2020801F4003101910199016813
:1059F00041F008010160006817A900F0080001905B
:105A00000198602061C107201B9040F60040C4F659
:105A1000000017A91A96FCF77BFB40F6A075C2F2AE
:105A200000051A208027C5E900802846C5E90266DE
:105A3000C5E90476C5E906662E62FBF7EDFF00288E
:105A400018BFFBF761F9C4F88050AC6241F2000561
:105A500008F11400C2F200051B211022002385E882
:105A60008F002846C5E90533C5E90733FBF7D4FFA6
:105A7000002818BFFBF748F9262005210022E5671A
:105A8000AC62FDF713F9262037E0012002900024D4
:105A900002A80394FDF766FA002818BFFBF734F953
:105AA00041F24C00C4F20200416941F4804141617D
:105AB000416901F4804101910199016841F00401BB
:105AC0000160006817A900F00400019001983020DF
:105AD00017900220CDE9180407201B9040F60040E3
:105AE000C4F60000A0F580601A94FCF711FB252095
:105AF00005210022FDF7DAF82520FDF7C5F81CB0D6
:105B0000BDE8F081D0F88C30202B1CBF02207047FC
:105B100000294FF0010318BF002A01D11846704731
:105B200080B50023C366D0F800C048F20003C4F279
:105B300000039C4510D0DCF804301B020CD500BFDC
:105B4000036853E800CFD0F800E04CF080634EE8E3
:105B5000003CBCF1000FF3D102F09EFC0023BDE835
:105B60008040184670470000006843F60001C4F208
:105B70000101884218BF7047F0B581B040F27A0445
:105B800041F6B420C2F20004C2F200002146012214
:105B90000126FFF7B7FF207840F265010D28C2F219
:105BA000000113D02B2804BF01220A7009780129B3
:105BB00044D140F26401C2F200010A7842F250334B
:105BC000C2F200039854501C087037E040F26400A1
:105BD000C2F20000027842F25033C2F20003002504
:105BE0009D5405700D7042F2303440F6046540F269
:105BF0008407C2F20004C2F20005C2F2000703F1FA
:105C0000080010A122462B460097FAF757FB2068A0
:105C100040F27801C2F200010870286840F25A018F
:105C2000C2F200010870386840F25801C2F2000167
:105C3000087040F27900C2F20000067001B0BDE8C1
:105C4000F0407047523A256420473A256420423A92
:105C500025640000704700002DE9F04381B0044640
:105C6000D0F88800202809D1884600294FF001008B
:105C700018BF002A06D101B0BDE8F083022001B0B0
:105C8000BDE8F0830020C4F8900021201D46C4F830
:105C900088001646FCF712FBA4F85460A4F856607E
:105CA000A1680646B1F5805F02D12069002852D074
:105CB000C1464FF00008B4F8560060B36F1C0FE007
:105CC000B9F1000F1ED019F8010B21688862B4F8F1
:105CD00056000138A4F85600B4F85600D8B100BFF9
:105CE0002068C0690006EBD4002FF9D0FCF7E6FA73
:105CF00001464FF0030045B3891BA94225D820680F
:105D00000068EDE738F8020B21686FF35F208862C6
:105D10004FF00009DBE72068C069400614D46F1C0F
:105D200004E000BF2068C06940060DD4002FF9D000
:105D3000FCF7C4FA01464FF0030035B1891BA942B4
:105D400003D820680068EDE700202021C4F88810FF
:105D500001B0BDE8F0834FF00009ACE7D0F888301F
:105D6000202B09D1944600294FF0010218BFBCF145
:105D7000000F04D110467047022210467047B0B59C
:105D8000002221230165A0F854C0A0F856C0C0F835
:105D90009020C0F88830C36F13B347F65525C0F67E
:105DA000000547F6BD3447F6FD3E5D630568C0F665
:105DB0000004C0F6000EC3E90B4E9A6305F12802F9
:105DC000044618466346FBF7B9FE0146204639B142
:105DD0001021C0F890102021C0F8881001220EE098
:105DE000016840220A6200BF016851E8021F026890
:105DF00041F0800142E80213002BF5D10022BDE8FA
:105E0000B040104670470000D0F88830202B07D1F2
:105E100000294FF0010318BF002A04D1184670472B
:105E200002231846704701650021A0F85420A0F80D
:105E300056208167C0F890102121C0F88810426E6A
:105E40008168B2F1005F15D1B1F5805F01D10169C0
:105E500031B348F2D561C0F600018167016851E8AD
:105E6000021F026841F4000142E80213002BF5D141
:105E700000207047B1F5805F01D10169A9B148F2F6
:105E80008161C0F600018167016851E8001F026866
:105E900041F0800142E80013002BF5D1002070474B
:105EA00048F20D61C0F60001D7E748F2B551C0F6DF
:105EB0000001E8E77047000070470000FEE70000BF
:105EC0002DE9F04381B00446006816468369DA067E
:105ED00002D40021002048E00D461021C161206855
:105EE0008169890634D4002705F101094FF00008C3
:105EF00008E048F0200801272068816901F02001AE
:105F0000394328D1B9F1000FF6D0FCF7D7F915B114
:105F1000801BA842F0D92068426894F84210836937
:105F20001B040BD512F4804208D1202906D0416809
:105F300041F480414160FCF7C1F906462068806960
:105F40008006D9D4FCF7BAF9801B1A28F6D3D0E71B
:105F50000122042104E0B7FA87F14A0948F004015C
:105F6000002A1CBF2022C261012022689369DF053C
:105F700007D45F050DD49B0513D4D0B901B0BDE89B
:105F8000F0834FF4807041F00101D06101205F0582
:105F9000F1D54FF4806041F00801D06101209B05EC
:105FA000EBD54FF4007041F00201D06101200028D0
:105FB000E4D093699B0744BF002393629369DB0796
:105FC00003D1936943F00103936153684EF60007D0
:105FD000CFF600673B405360626C1143616420213F
:105FE00084F84110002184F8421084F8401001B078
:105FF000BDE8F08370B5044600688069800619D456
:1060000015460E4608E000BF20688069800615D559
:106010002068806980060DD4204631462A46FFF765
:106020004FFF48B9FCF74AF9002EEDD0401BB042B3
:10603000EED9E9E7002070BD012070BD606C40F032
:1060400020006064202084F84100002084F8420091
:1060500084F84000012070BD80B584B08DF80F0039
:1060600001200DF10F01CDE9001041F27C104FF439
:106070007A7CC2F200009821CF220123CDF808C01B
:10608000FCF74EFBB0FA80F0400904B080BD000080
:1060900080B584B0CDE9000141F27C104FF47A7CE8
:1060A000C2F200009821B0220123CDF808C0FCF70D
:1060B000A9F9B0FA80F0400904B080BD80B584B081
:1060C00001200DF10F01CDE9001041F27C104FF4D9
:1060D0007A7CC2F200009821DD220123CDF808C0AD
:1060E000FCF790F99DF80F0004B080BD4FF47A7072
:1060F00003F0BEFEFAE7000010B504460020C4E934
:106100000600C4E90000C4E90200206141F6540021
:106110002170C2F200003C2184ED050AFEF71CFB51
:1061200041F6EC00C2F200003C21FEF715FB20789E
:1061300040B1012818BF10BD49F6A520C0F60000E7
:10614000E06110BD49F68D20C0F60000E06110BD91
:1061500010B5C169044600208847E16960600120EC
:106160008847D4E9010194ED051A00EE100AB8EE53
:10617000C00A94ED042A21EE000A014430EE021A0E
:10618000A16084ED030A84ED041A10BD10B58CB033
:1061900040F6086040F200410024C2F20000C5F25F
:1061A00000014FF44032042380E81600C0E90543A3
:1061B00001214FF4F8624FF480630B94CDE9094458
:1061C000CDE90744CDE90544CDE90344CDE90144D7
:1061D000C0E903448483016280F82440C0E90B23B2
:1061E00080F83810C46380F84040FBF7E9F80028D5
:1061F00018BFFAF789FD40F60860C2F2000009A94D
:106200000994FAF789FE002818BFFAF77DFD0220ED
:10621000C0F23040019006207F21029000200491BE
:1062200004210390CDE9051040F60860C2F2000099
:1062300001A9FAF70BFF002818BFFAF765FD0CB0AB
:1062400010BD0000B0B588B040F6746040F2005157
:10625000C2F20000C5F2000100244FF4403280E891
:1062600016000121042501624FF4F8614FF48062A9
:10627000CDE90644CDE90444CDE90244CDE900442A
:10628000C0E90344C0E90545848380F82440C0E99F
:106290000B1280F83840C46380F84040FBF790F858
:1062A000002818BFFAF730FD4020C1F620100090FA
:1062B0000620CDE901047F20CDE9030540F6746096
:1062C000C2F2000069460594FAF7C0FE002818BF24
:1062D000FAF71AFD08B0B0BD80B582B041F24800AF
:1062E000C4F202000168002241F00401016001686B
:1062F00001F0040101910199016841F0010101607F
:106300000068052100F00100009000980B20FCF7C8
:10631000CDFC0B20FCF7B8FC0C2005210022FCF77B
:10632000C5FC0C20FCF7B0FC0D2005210022FCF779
:10633000BDFC0D20FCF7A8FC0E2005210022FCF777
:10634000B5FC0E2002B0BDE88040FCF79DBC00000B
:1063500080B541F2600046F20041C2F20000C4F292
:1063600000010022C0E90012112101234FF0080CA6
:10637000C0E90222C0F80F20C0E90513C0E9073CBC
:10638000C0E90933C0E90B33C0E90D22C263FBF752
:106390001FFD002808BF80BDBDE88040FAF7B4BCEF
:1063A00080B541F2C40046F60001C2F20000C4F21A
:1063B00000010022C0E90012112101234FF0080C56
:1063C000C0E90222C0F80F20C0E90513C0E9073C6C
:1063D000C0E90933C0E90B33C0E90D22C263FBF702
:1063E000F7FC002808BF80BDBDE88040FAF78CBCF0
:1063F00080B547F2D5304BF2FC02C0F60000C0F683
:106400000002002102F02EFD40F6A451C2F200016C
:10641000086080BD2DE9F04F87B0002441F24C00A8
:106420000694CDE90444CDE90244C4F202000168B7
:1064300040F6004841F0100101600168C4F6000810
:1064400001F0100101910199016808F5806741F0A0
:10645000040101600168002201F004010191019929
:10646000016848F2710541F020010160016801F006
:10647000200101910199016841F001010160016869
:1064800001F0010101910199016841F002010160EF
:10649000016801F0020101910199016841F00801D0
:1064A0000160006848F2710100F008000190019855
:1064B0003846FBF7FDFEA8F5806A50464FF4604170
:1064C0000022FBF7F5FE08F5006B58464FF400710B
:1064D0000022FBF7EDFEA8F50069484644F2810171
:1064E0000022FBF7E5FE40464CF604410022FBF794
:1064F000DFFE4FF090404FF400410022FBF7D8FE42
:1065000002AE0295012538463146CDE90354059483
:10651000FBF7FEFD4FF46040CDE9020550463146E1
:10652000CDE90444FBF7F4FD4FF40070CDE902051A
:1065300058463146CDE90444FBF7EAFD44F28100B8
:10654000CDE9020548463146CDE90444FBF7E0FDBC
:106550004FF44C40CDE9020540463146CDE90444B4
:10656000FBF7D6FD4FF40040CDE902054FF0904017
:106570003146CDE90444FBF7CBFD0420CDE902050B
:106580000220CDE9040440463146FBF7C1FD8020DE
:1065900002904FF4881540463146CDE90354FBF78D
:1065A000B7FD0820CDE90205484631460494FBF7C3
:1065B000AFFD07B0BDE8F08F80B541F2281045F679
:1065C0000001C2F20000C4F2000148F2C2520023EE
:1065D000C4F2B2024FF0010C80E80E10C0E904339F
:1065E000C0E906330362FBF7B9FE002818BFFAF7CB
:1065F0008BFB41F22810C2F200000021FBF764FE81
:10660000002818BFFAF780FB41F22810C2F2000000
:106610000021FBF77FFE002808BF80BDBDE8804059
:10662000FAF772BB80B541F27C1047F60001C2F266
:106630000000C4F2000148F2C2520023C4F2B202C8
:106640004FF0010C80E80E10C0E90433C0E90633B6
:106650000362FBF783FE002818BFFAF755FB41F2EF
:106660007C10C2F200000021FBF72EFE002818BFAC
:10667000FAF74AFB41F27C10C2F200000021FBF75E
:1066800049FE002808BF80BDBDE88040FAF73CBB4A
:1066900080B541F2D01048F20041C2F20000C4F2CD
:1066A000000148F2C2520023C4F2B2024FF0010CC2
:1066B00080E80E10C0E90433C0E906330362FBF73B
:1066C0004DFE002818BFFAF71FFB41F2D010C2F2AE
:1066D00000000021FBF7F8FD002818BFFAF714FBB3
:1066E00041F2D010C2F200000021FBF713FE002897
:1066F00008BF80BDBDE88040FAF706BB80B541F217
:10670000242048F20001C2F20000C4F2000100237C
:106710004FF00C0C4FF4E13280E80E00C0E9033377
:10672000C0E905C3C0E908338362FFF77DF800289C
:1067300018BFFAF7E9FA41F22420C2F20000002162
:10674000FEF71EFE002818BFFAF7DEFA41F22420F9
:10675000C2F200000021FEF7C9FD002818BFFAF7B9
:10676000D3FA41F22420C2F20000FEF737FD0028E0
:1067700008BF80BDBDE88040FAF7C6BA10B541F247
:10678000945043F20001C2F20000C4F201014FF440
:10679000827200234FF4407C4FF4007E182480E87E
:1067A0000E1007210822C0E90433C0E906E4C0E95D
:1067B0000833C0E90A31C0E90C32FDF7A1F900281D
:1067C00008BF10BDBDE81040FAF79EBAB0B541F25F
:1067D000F85043F6000EC2F20000C4F2000E4FF46F
:1067E00082724FF400434FF4407C00214FF4007458
:1067F0001025C0E900E2C0E9023C07220823C0E9F5
:106800000411C0E90645C0E90811C0E90A12C0E94F
:106810000C13FDF775F9002808BFB0BDBDE8B04006
:10682000FAF772BA10B541F25C6043F60041C2F269
:106830000000C4F200014FF4827200234FF4407C48
:106840004FF4007E182480E80E1007210822C0E9CA
:106850000433C0E906E4C0E90833C0E90A31C0E9FD
:106860000C32FDF74DF9002808BF10BDBDE81040FF
:10687000FAF74ABA10B541F2C06043F60041C2F2DD
:106880000000C4F201014FF4827200234FF4407CF7
:106890004FF4007E082480E80E100721C0E904337D
:1068A000C0E906E4C0E90833C0E90A31C0E90C34A4
:1068B000FDF726F9002808BF10BDBDE81040FAF723
:1068C00023BA000010B59CB0002401A83421CDE902
:1068D0001A44CDE91844CDE91644CDE91444CDE974
:1068E0001244CDE91044CDE90E44F9F7DBFC41F246
:1068F000707044F20001C2F20000C4F2010140F2E3
:10690000E7334FF0800C40F2531280E81600C0E9E4
:106910000334C0E9054CFDF73FFB002818BFFAF728
:10692000F3F94FF48050189041F27070C2F20000F9
:1069300018A9FDF72FFD002818BFFAF7E5F941F275
:106940007070C2F20000FEF7EFFA002818BFFAF7E5
:10695000DBF941F270700024C2F2000015A9159411
:106960001794FDF7A7FA002818BFFAF7CDF96020B1
:10697000CDE90E0441F27070C2F200000EA90022AF
:10698000CDE91044CDE912441494FEF7D5F800285F
:1069900018BFFAF7B9F941F27070C2F200000EA9FF
:1069A0000422FEF7C9F8002818BFFAF7ADF9002055
:1069B0004FF400510590CDE90300CDE90100CDE988
:1069C00006100D9041F27070C2F2000001A9FDF7AF
:1069D000FDF9002818BFFAF797F941F27070C2F27A
:1069E0000000FDF7FDFF1CB010BD000080B541F2B6
:1069F000BC7044F20041C2F20000C4F20101002365
:106A00004FF0800EA92240F2E73C80E80E10C0E96A
:106A10000433C0F818E0FDF7BFFA002808BF80BDB6
:106A2000BDE88040FAF770B980B541F6080044F639
:106A30000001C2F20000C4F2010100234FF0800EF9
:106A4000A92241F2873C80E80E10C0E90433C0F867
:106A500018E0FDF7A1FA002808BF80BDBDE880401E
:106A6000FAF752B910B59CB0002401A83421CDE941
:106A70001A44CDE91844CDE91644CDE91444CDE9D2
:106A80001244CDE91044CDE90E44F9F70BFC41F274
:106A9000247042F60041C2F20000C4F2010140F24B
:106AA000E7334FF0800C102280E81600C0E9033471
:106AB000C0E9054CFDF770FA002818BFFAF724F971
:106AC0004FF48050189041F22470C2F2000018A9CF
:106AD000FDF760FC002818BFFAF716F941F22470A0
:106AE000C2F20000FEF720FA002818BFFAF70CF9EE
:106AF00041F224700024C2F2000015A9CDE915442A
:106B00001794FDF7D7F9002818BFFAF7FDF86020B1
:106B1000CDE90E0441F22470C2F200000EA9002259
:106B2000CDE91044CDE912441494FEF705F800288D
:106B300018BFFAF7E9F841F22470C2F200000EA97A
:106B40000422FDF7F9FF002818BFFAF7DDF841F23B
:106B50002470C2F200000EA90822FDF7EDFF002804
:106B600018BFFAF7D1F841F22470C2F200000EA962
:106B70000C22FDF7E1FF002818BFFAF7C5F8002046
:106B80004FF40051CDE906104FF000710590CDE9AA
:106B90000300CDE90100CDE90800CDE90A10CDE9F7
:106BA0000C0041F22470C2F2000001A9FDF70EF9B9
:106BB000002818BFFAF7A8F841F22470C2F20000CA
:106BC000FDF70EFF1CB010BD10B59CB0002401A84D
:106BD0003421CDE91A44CDE91844CDE91644CDE974
:106BE0001444CDE91244CDE91044CDE90E44F9F73F
:106BF00059FB41F6A00045F20001C2F20000C4F2C8
:106C0000010140F2E7334FF0800C40F2531280E86C
:106C10001600C0E90334C0E9054CFDF7BDF90028B2
:106C200018BFFAF771F84FF48050189041F6A000A1
:106C3000C2F2000018A9FDF7ADFB002818BFFAF753
:106C400063F841F6A000C2F20000FEF76DF90028DB
:106C500018BFFAF759F841F6A0000024C2F200006C
:106C600015A9CDE915441794FDF724F9002818BF9C
:106C7000FAF74AF86020CDE90E0441F6A000C2F20E
:106C800000000EA90022CDE91044CDE9124414946D
:106C9000FDF752FF002818BFFAF736F841F6A000BA
:106CA000C2F200000EA90422FDF746FF002818BF1B
:106CB000FAF72AF841F6A000C2F200000EA9082255
:106CC000FDF73AFF002818BFFAF71EF841F6A000BA
:106CD000C2F200000EA90C22FDF72EFF002818BFFB
:106CE000FAF712F800204FF40051CDE906104FF0EA
:106CF00000710590CDE90300CDE90100CDE9080060
:106D0000CDE90A10CDE90C0041F6A000C2F2000066
:106D100001A9FDF75BF8002818BFF9F7F5FF41F668
:106D2000A000C2F20000FDF75BFE1CB010BD000029
:106D3000B0B58CB003AC20462421F9F7B3FA41F684
:106D400054000025C2F200004FF08041C0E9001558
:106D500003214FF6FF72CDE903150121C0E902526C
:106D6000CDE905150222CDE9091521460295CDE9A7
:106D7000005505618561CDE907250B92FDF714FCEF
:106D8000002818BFF9F7C0FF41F65400C2F2000016
:106D9000694600950295FDF78DF8002818BFF9F7B0
:106DA000B3FF0CB0B0BD0000B0B58CB003AC204652
:106DB0002421F9F777FA41F6EC0040F20041002572
:106DC000C2F20000C4F20001C0E900150321CDE9C0
:106DD000031501214FF6FF72CDE90515CDE909151F
:106DE00021460295CDE90055C0E902520561856151
:106DF000CDE907550B95FDF7D7FB002818BFF9F72C
:106E000083FF41F6EC00C2F200006946009502954E
:106E1000FDF750F8002818BFF9F776FF0CB0B0BDA9
:106E2000B0B58CB003AC20462421F9F73BFA41F60B
:106E3000381040F600010025C2F20000C4F2000143
:106E4000C0E9001501214FF6FF72CDE90315CDE928
:106E50000515CDE9091521460295CDE90055C0E992
:106E6000025205618561CDE907550B95FDF79CFB45
:106E7000002818BFF9F748FF41F63810C2F20000A9
:106E8000694600950295FDF715F8002818BFF9F737
:106E90003BFF0CB0B0BD000080B588B041F6841057
:106EA00040F600420021C2F20000C4F20002A92311
:106EB0000791CDE90511CDE90311CDE90111C0E933
:106EC0000021C0E90213016180218161FDF764F8AE
:106ED000002818BFF9F718FF4FF48050049041F6CE
:106EE0008410C2F2000004A9FDF754FA002818BF6C
:106EF000F9F70AFF00200190039041F68410C2F2D6
:106F0000000001A9FCF7D6FF002818BFF9F7FCFE26
:106F100008B080BD10B584B041F6D01041F2000138
:106F20000024C2F20000C4F20001A9230394CDE9B9
:106F3000014440F6B73280E81600C3608461FDF773
:106F40002BF8002818BFF9F7DFFE41F6D010C2F287
:106F5000000001A901940394FCF7ACFF002818BFBE
:106F6000F9F7D2FE04B010BD10B584B041F61C2074
:106F700041F200410024C2F20000C4F20001772374
:106F80000394CDE90144012280E81600C3608461C6
:106F9000FDF702F8002818BFF9F7B6FE202001908F
:106FA00041F61C20C2F2000001A90394FCF782FF05
:106FB000002818BFF9F7A8FE04B010BD10B59CB0AA
:106FC000002401A83421CDE91A44CDE91844CDE9C3
:106FD0001644CDE91444CDE91244CDE91044CDE97D
:106FE0000E44F9F75FF941F6682043F20041C2F21E
:106FF0000000C4F201017722C0E90014C0E9024296
:10700000C0E904448461FCF7C7FF002818BFF9F702
:107010007BFE4FF48050189041F66820C2F20000C9
:1070200018A9FDF7B7F9002818BFF9F76DFE41F66A
:107030006820C2F20000FDF777FF002818BFF9F7BB
:1070400063FE41F668200024C2F2000015A9CDE9D4
:1070500015441794FCF72EFF002818BFF9F754FECB
:107060006020CDE90E0441F66820C2F200000EA9AE
:107070000022CDE91044CDE912441494FDF75CFDE3
:10708000002818BFF9F740FE41F66820C2F2000060
:107090000EA90822FDF750FD002818BFF9F734FEAD
:1070A00000204FF40051CDE906104FF0007105901B
:1070B000CDE90300CDE90100CDE90800CDE90A10D2
:1070C000CDE90C0041F66820C2F2000001A9FCF7EE
:1070D0007DFE002818BFF9F717FE41F66820C2F2BE
:1070E0000000FDF77DFC1CB010BD000080B541F62E
:1070F000B42043F60001C2F20000C4F201010023F3
:107100004FF00C0C4FF4165280E80E00C0E9033328
:10711000C0E905C3C0E90733C0E90933FEF784FBC2
:10712000002818BFF9F7F0FD41F6B420C2F20000C4
:107130000021FEF725F9002818BFF9F7E5FD41F613
:10714000B420C2F200000021FEF7D0F8002818BFDA
:10715000F9F7DAFD41F6B420C2F20000FEF73EF87E
:10716000002808BF80BDBDE88040F9F7CDBD000014
:1071700080B541F6483044F20041C2F20000C4F24A
:10718000000100234FF00C0C4FF4E13280E80E00B8
:10719000C0E90333C0E905C3C0E90733C0E90933D7
:1071A000FEF742FB002818BFF9F7AEFD41F6483064
:1071B000C2F200000021FEF7E3F8002818BFF9F73B
:1071C000A3FD41F64830C2F200000021FEF78EF820
:1071D000002818BFF9F798FD41F64830C2F20000C8
:1071E000FDF7FCFF002808BF80BDBDE88040F9F72F
:1071F0008BBD000080B541F6DC3044F60001C2F2E0
:107200000000C4F2000100234FF00C0C4FF4E132F7
:1072100080E80E00C0E90333C0E905C3C0E90733C5
:10722000C0E90933FEF700FB002818BFF9F76CFD31
:1072300041F6DC30C2F200000021FEF7A1F8002880
:1072400018BFF9F761FD41F6DC30C2F20000002101
:10725000FEF74CF8002818BFF9F756FD41F6DC3070
:10726000C2F20000FDF7BAFF002808BF80BDBDE8EC
:107270008040F9F749BD000080B541F2B82045F6DD
:107280000041C2F20000C4F2000101604FF402713B
:1072900081800221C17100218160FBF759FD002826
:1072A00008BF80BDBDE88040F9F72EBDFEE70000B5
:1072B000FEE7000041F69C4841F6C84941F6A44764
:1072C00041F6D046C2F200080125C2F20009C2F21E
:1072D00000070624C2F200066420C8F80050C9F86E
:1072E00000503C60346002F0C3FDF5E780B549F220
:1072F0002D1C49F23D1E00F15C07C0F6000CC0F6E3
:10730000000E87E80E5080EC030A80BD00000000EC
:10731000EFF30980BFF36F8F154B1A681EF0100F43
:1073200008BF20ED108A20E9F04F10602DE9090018
:107330004FF0500080F31188BFF34F8FBFF36F8F72
:1073400002F0FCFE4FF0000080F31188BDE8090058
:1073500019680868B0E8F04F1EF0100F08BFB0ECD5
:10736000108A80F30988BFF36F8F704700BF00BF9A
:10737000AC1E002080B584B001200DF10F01CDE9D5
:10738000001041F27C104FF47A7CC2F20000982188
:10739000AA220123CDF808C0FBF734F89DF80F00AE
:1073A000663818BF012004B080BD00000000000056
:1073B000074B19680868B0E8F04F80F30988BFF3FD
:1073C0006F8F4FF0000080F31188704700BF00BF3F
:1073D000AC1E0020012001F003FDFBE780B5FBF7A8
:1073E000E3FB03F021FB012808BF80BDBDE880401E
:1073F00002F08CBF4EF68850CEF20000016841F4D6
:1074000070010160704700002DE9F04387B040F241
:107410007E0EC2F2000E4FF0FF31AEF8001040F2C7
:10742000881140F27C0CC2F2000140F288084FF64D
:10743000FF73C2F2000C4FF0000901F21E25C2F2E8
:10744000000800210024ACF8009000BF00220827AB
:107450002E4600BF36F8020F013F1044A0F5BE7261
:10746000F8D1D61702EB5672D2109EB293B2A4B2E4
:10747000A34228F8112088BF1C469E4201F1010159
:1074800019FA82F938BF3346802905F11005DDD19C
:1074900040F280014FEAD910C2F20001088042F2A6
:1074A000253741F6764641F6754042F2243140F2E6
:1074B0008802AEF80030C2F20007C2F20006C2F243
:1074C0000000C2F20001C2F200024FF4FA73ACF8FD
:1074D0000040CDE90067F9F729FC01F047FA40F6D2
:1074E000FC50BDEEC00AC2F2000080ED000A41F679
:1074F000D04040F20C0141F6A443C2F20000C2F2B7
:107500000001C2F20003006809681B6810EE102A2F
:1075100001FB020001FB123241F6D44141F6CC4599
:10752000C2F20001C2F200050968286041F6A040DD
:1075300040F6B05640F6D054C2F20000C2F2000647
:10754000C2F200040260B9B1012920D140F69C5179
:10755000C2F200010A68012A64D0C2B9B36840F6D9
:10756000F457C2F200073B60A36840F6F857C2F236
:1075700000073B60013209E040F69C51C2F2000175
:1075800000220A6042F23431C2F200010A6090ED3A
:10759000000A41F69C40C2F20000016841F67C40BE
:1075A000B8EEC00AC2F20000F9F76EFB41F6C8401F
:1075B00095ED000AC2F20000016841F6A840B8EE5D
:1075C000C00AC2F20000F9F75FFB706840F6F051A4
:1075D0006368C2F2000108804B80002102AC069172
:1075E000CDE90411CDE9021102B21BB221A120465E
:1075F00003F056FC42F27830C2F200002146142219
:10760000032301F075F941F22470C2F20000FDF786
:1076100003F941F60800C2F20000FDF7FDF807B0DB
:10762000BDE8F08340F6F452C2F20002B16812687D
:1076300040F6F8578A1A40F6A051C2F20007C2F28B
:107640000001A36809683F680029A3EB070304D47D
:107650008A4206DA8B429ADB03E08A42D8BF8B4229
:1076600095DC00210160296042F23431C2F2000150
:1076700001228BE725642C25640A000080B541F2C5
:107680002470C2F20000FDF7C7F841F2BC70C2F2EC
:107690000000BDE88040FDF7BFB80000B0B542F281
:1076A0003830C2F20000006840F600440128C4F6F9
:1076B000000402D040B9002200E00122A4F50060DD
:1076C0004FF48041FAF7F4FD42F23C30C2F2000080
:1076D00000684FF48061B0FA80F042092046FAF762
:1076E000E7FD42F24435C2F200052868012819D0AE
:1076F00000BB20464FF400610122FAF7D9FD42F2A7
:10770000483142F24030C2F20001C2F200000A6881
:10771000006801328242A8BF00222C680A60A8BF1C
:10772000013406E020464FF4006100220024FAF7FD
:10773000BFFD2C6041F68410C2F20000BDE8B040ED
:10774000FDF76AB841F6D010C2F20000FDF764B848
:1077500040F6FF330268C4F2000343F2FF3C984254
:10776000C4F2010C0ADD60452EDC40F60043C4F291
:107770000003984234D042F600432DE0B0F1804F30
:107780002ED040F20043C4F20003984228D040F6C5
:107790000003C4F20003984222D0604526DC40F288
:1077A000FF73C4F20003984235DD40F60003C4F2D3
:1077B0000003984245D040F60043C4F200039842CB
:1077C0003FD042F6004338E045F20003C4F2010323
:1077D000984205D043F20043C4F201039842DCD141
:1077E0004B6822F070021A436045D8DD44F2FF3343
:1077F000C4F20103984218DD44F20043C4F20103CD
:1078000098421ED045F20003C4F20103984218D0FA
:1078100044F6000311E0B0F1804F12D040F2004373
:10782000C4F2000398420CD00FE043F20043C4F2CC
:107830000103984205D044F20003C4F201039842C8
:1078400003D1CB6822F440721A4380B54B6922F011
:10785000800E8A6843EA0E03D1F800C00360C2625A
:10786000A0F18042A2F596324FEAB222092AC0F86E
:1078700028C0BDE8804008D8012303FA02F240F294
:10788000E5231A421CBF09690163012141610169B5
:10789000C90708BF7047016921F001010161704704
:1078A000816A0A070CD4CA0715D18A071ED44A0771
:1078B00027D4CA0630D48A0639D44A0642D457E0BF
:1078C0000268D0F838C0536823F4004343EA0C033D
:1078D0005360CA07E9D00268D0F82CC0536823F47B
:1078E000003343EA0C0353608A07E0D50268D0F8FE
:1078F00030C0536823F4803343EA0C0353604A07D3
:10790000D7D50268D0F834C0536823F4802343EA03
:107910000C035360CA06CED50268D0F83CC0936809
:1079200023F4805343EA0C0393608A06C5D50268AA
:10793000D0F840C0936823F4005343EA0C039360EB
:107940004A0615D5D0F800C0436CDCF80420B3F526
:10795000801F22F4801242EA0302CCF8042007D1EF
:10796000DCF80420836C22F4C0021A43CCF8042013
:10797000090658BF70470168C06C4A6822F40022AB
:107980001043486070470000B0B582B00446002044
:10799000C4F89000FAF792FC2168054609680907C7
:1079A0001AD56FF07E4C20464FF4001100222B4672
:1079B000CDF800C000F0C6FE70B100BF206850E8EE
:1079C000000F216820F0800041E80002002AF5D174
:1079D00003202021882230E020680068400723D55A
:1079E0006FF07E4C20464FF4800100222B46CDF8EC
:1079F00000C000F0A7FEB8B1206850E8000F216871
:107A000020F4907041E80002002AF5D1206850E887
:107A1000020F216820F0010041E80202002AF5D19E
:107A2000032020218C2208E02020C4F88800C4F81C
:107A30008C00002170220020E166A150002184F812
:107A4000841002B0B0BD0000806A0021A0F85E1072
:107A5000FDF7E4BC806A0368D0F88820D0F88CC0B9
:107A60009B681B061BD5212A19D10022A0F856209D
:107A7000026852E8002F036822F0C00243E80021A8
:107A80000029F5D1016851E8021F026821F40001C4
:107A900042E80213002BF5D12021C0F888100168BC
:107AA0008968490632D5BCF1220F2FD10021A0F8F8
:107AB0005E1000BF016851E8001F026821F4907158
:107AC00042E80013002BF5D14FF6FE7CCEF6FF7C8A
:107AD000026852E8022F036802EA0C0243E802211E
:107AE0000029F5D1C16E01290AD100BF016851E812
:107AF000001F026821F0100142E80013002BF5D1AD
:107B00002021C0F88C100021C1664167D0F8901088
:107B100041F01001C0F89010FDF780BC0168806A48
:107B20000968890630D40021A0F85E10016851E888
:107B3000001F026821F4807142E80013002BF5D188
:107B4000016851E8021F026821F0010142E80213B6
:107B5000002BF5D1016851E8021F026821F04001B5
:107B600042E80213002BF5D12021C0F88C10C16E21
:107B7000012909D1016851E8001F026821F01001B4
:107B800042E80013002BF5D100210167C16E0129E5
:107B900018BFFDF7E9BFB0F85C10FDF76BBB000044
:107BA000806A01210167C16E012918BFFEF752B832
:107BB000B0F85C104908FDF75DBB00000168806A01
:107BC0000968890648BFFEF775B90021A0F856106C
:107BD000016851E8021F026821F0800142E80213A7
:107BE000002BF5D1016851E8001F026841F0400107
:107BF00042E80013002BF5D170470000806AFEF7C1
:107C00005BB90000B0F860200168D0F88C30222BFE
:107C10005AD1496A836D114023F8021B8365B0F87D
:107C20005E100139A0F85E10B0F85E10002918BF90
:107C3000704700BF016851E8001F026821F490718D
:107C400042E80013002BF5D1016851E8021F0268D9
:107C500021F0010142E80213002BF5D12021C0F8E8
:107C60008C10002141670167016848F20002C4F2EC
:107C7000000291420CD04968090209D5016851E817
:107C8000001F026821F0806142E80013002BF5D14B
:107C9000C16E012918BFFDF767BF0021C16600BF93
:107CA000016851E8001F026821F0100142E800134A
:107CB000002BF5D10168CA69D20644BF10220A62BE
:107CC000B0F85C10FDF7D6BA886940F0080088610A
:107CD000704700002DE9F04F81B004460068B4F809
:107CE0006050C66901688268D4F88C30222B40F05D
:107CF000A580B4F86800002800F0AA8001F480781C
:107D000002F001074FF000094FF0020B4FF0010A9B
:107D100004E000BFB4F85E00002841D0B00640F196
:107D200097802068A16D426A2A4021F8022BA16544
:107D3000B4F85E100139A4F85E10C6697107E9D085
:107D4000F20718BFB8F1000F02D1B2070AD412E04F
:107D5000C0F820A0D4F8902042F00102C4F890208E
:107D6000B20708D53FB1C0F820B0D4F8902042F057
:107D70000402C4F89020002908D53FB10421016213
:107D8000D4F8900040F00200C4F89000D4F89000BD
:107D90000028BFD02046FDF741FBC4F89090B9E71A
:107DA000206850E8000F216820F4807041E800024C
:107DB000002AF5D14FF6FE70CEF6FF70216851E82B
:107DC000021F2268014042E80213002BF6D1202056
:107DD000C4F88C00002060672067206848F200012A
:107DE000C4F2000188420DD0406800020AD500BFED
:107DF000206850E8000F216820F0806041E8000210
:107E0000002AF5D1E06E01281FD10020E06600BFF6
:107E1000206850E8000F216820F0100041E80002BF
:107E2000002AF5D12068C169C90644BF102101624A
:107E3000B4F85C102046FDF71DFA09E0816941F0B5
:107E40000801816101B0BDE8F08F2046FDF78CFE8E
:107E5000B4F85E00F0B1B4F8681088421AD200BFDE
:107E6000206850E8020F216820F0805041E80202AB
:107E7000002AF5D147F60540C0F60000606700BF54
:107E8000206850E8000F216840F0200041E800021F
:107E9000002AF5D101B0BDE8F08F0000B0F8601005
:107EA0000268D0F88C30222B5AD1526A836D11406F
:107EB0001970816D01318165B0F85E100139A0F84B
:107EC0005E10B0F85E10002918BF7047016851E8D5
:107ED000001F026821F4907142E80013002BF5D1D5
:107EE000016851E8021F026821F0010142E8021313
:107EF000002BF5D12021C0F88C10002141670167CB
:107F0000016848F20002C4F2000291420CD04968B4
:107F1000090209D5016851E8001F026821F080615B
:107F200042E80013002BF5D1C16E012918BFFDF7FF
:107F30001BBE0021C16600BF016851E8001F026836
:107F400021F0100142E80013002BF5D10168CA6945
:107F5000D20644BF10220A62B0F85C10FDF78AB95D
:107F6000906940F008009061704700002DE9F04FE3
:107F700081B004460068B4F86050C6690168826840
:107F8000D4F88C30222B40F0A780B4F86800002889
:107F900000F0AC8001F4807B02F001074FF0000894
:107FA0004FF0020A4FF0010904E000BFB4F85E0090
:107FB000002843D0B00640F199802068A16D406A46
:107FC00028400870A16D20680131A165B4F85E10E9
:107FD0000139A4F85E10C6697107E7D0F20718BF2F
:107FE000BBF1000F02D1B2070AD412E0C0F8209012
:107FF000D4F8902042F00102C4F89020B20708D5CE
:108000003FB1C0F820A0D4F8902042F00402C4F898
:108010009020002908D53FB104210162D4F89000D6
:1080200040F00200C4F89000D4F890000028BDD0C1
:108030002046FDF7F3F9C4F89080B7E7206850E8D0
:10804000000F216820F4807041E80002002AF5D179
:108050004FF6FE70CEF6FF70216851E8021F2268CD
:10806000014042E80213002BF6D12020C4F88C0016
:10807000002060672067206848F20001C4F2000118
:1080800088420DD0406800020AD500BF206850E841
:10809000000F216820F0806041E80002002AF5D13D
:1080A000E06E01281FD10020E06600BF206850E884
:1080B000000F216820F0100041E80002002AF5D1ED
:1080C0002068C169C90644BF10210162B4F85C1080
:1080D0002046FDF7CFF809E0816941F00801816190
:1080E00001B0BDE8F08F2046FDF73EFDB4F85E001C
:1080F000F0B1B4F8681088421AD200BF206850E886
:10810000020F216820F0805041E80202002AF5D1D8
:1081100047F69D60C0F60000606700BF206850E829
:10812000000F216840F0200041E80002002AF5D14C
:1081300001B0BDE8F08F0000F0B581B0044604F155
:1081400008064ECE0068194341EA0603E169066855
:1081500046F6F315CCF6FF752E4033430B43036010
:1081600043684FF2FF4523F440531A43426048F2FC
:108170000002A369C4F2000290421CBF266A334386
:108180008668C1F2FF152E4033438360C36A666A76
:1081900023F00F033343C36244F6FF73C4F20003BA
:1081A00098424FF0100318DC44F20046C4F2000677
:1081B000B04227D044F60006C4F20006B0422FD0E9
:1081C00044F60046C4F20006B0423ED141F28803B4
:1081D000C4F202031B689B092FE045F20006C4F2BB
:1081E0000006B04215D0904221D043F60006C4F2FA
:1081F0000106B04229D141F28803C4F202031B6890
:1082000079A61EE041F28803C4F202031B689B08B2
:1082100013E041F28803C4F202031B681B0A0CE05E
:1082200041F28803C4F202031B681B0905E041F216
:108230008803C4F202031B689B0A4BF2DC06C0F6FB
:10824000000603F0030356F82330904242F2004048
:10825000C0F2F40013D0B1F5004F1ED1082B00F28C
:1082600064800027DFE803F0056973617161616173
:10827000B500FBF795F9002840F06A809DE0082BD7
:108280004ED80027DFE803F0054C1E4C184C4C4C30
:108290001C00FBF785F9B8B98FE0082B49D80027F7
:1082A000DFE803F0054F7447724747479C00FBF730
:1082B00077F900286BD180E0FBF79EF920B97CE0CC
:1082C0004FF40040002878D0616A4BF2C402C0F637
:1082D000000232F811206568B0FBF2F305EB4501AE
:1082E0008B424FF001016BD32E03B34268D80021BB
:1082F0000023F7F78DFF090241EA1061000210EB3D
:10830000550041F100012A460023F7F781FF4FF69F
:108310000052A0F54071C0F20F0291424BD34EE0E3
:10832000002001270028CFD147E00020012778B99D
:1083300043E00020012750BB3FE0FBF747F938B985
:108340003BE0FBF743F910BB37E0FBF755F9A0B36F
:10835000616A4BF2C402C0F6000232F81110626882
:10836000B0FBF1F0510801EB4000B0FBF2F04FF62A
:10837000EF72A0F11001914221D84FF6F071014047
:10838000C0F34200084416E0FBF736F9A8B1616A71
:108390004BF2C402C0F6000232F811106268B0FB62
:1083A000F1F000EB5200B0FBF2F04FF6EF72A0F1EB
:1083B0001001914203D82168C860394600E00121CC
:1083C0004FF001100022A06662670846A26701B064
:1083D000F0BD4FF400400028BAD1EEE74FF4004062
:1083E0000028D4D1E9E700BF01000000040000002C
:1083F0000200000008000000B0B513460A4681657F
:1084000000210446A0F85C30C0F890102220C4F887
:108410008C00D4F88000E8B147F65525C0F6000579
:108420004563256847F61D3C47F6A13EC0F6000CA3
:10843000C0F6000E816305F12401C0E90BCEF9F707
:108440007DFB38B11020C4F890002020C4F88C00C7
:108450000120B0BD206948B1206850E8000F2168B4
:1084600040F4807041E80002002AF5D1206850E80D
:10847000020F216840F0010041E80202002AF5D114
:10848000206850E8020F216840F0400041E80202F5
:10849000002AF5D10020B0BD8165A0F85C20A0F8CD
:1084A0005E2081680023436771B1B1F1805F07D01E
:1084B000B1F5805F0ED1016951B940F2FF110AE0B8
:1084C000016919B13F2106E0016909B17F2102E08C
:1084D000FF2100E00021A0F860100021C0F89010FA
:1084E0002221C0F88C1000BF016851E8021FD0F8AB
:1084F00000C041F001014CE80213002BF4D1416EA1
:10850000B1F1005F03D1B0F86810914225D98168BC
:10851000B1F5805F02D10169002941D047F69D6124
:10852000C0F600010269416762B100BF016851E80D
:10853000001F026841F4907142E80013002BF5D14E
:108540002CE000BF016851E8001F026841F02001E3
:1085500042E80013002BF5D120E08168B1F5805F7F
:1085600001D1016909B347F66D71C0F600010269D6
:1085700041674AB1016851E8001F026841F4807107
:1085800042E80013002BF5D1016851E8021F026890
:1085900041F0805142E80213002BF5D100207047D2
:1085A00047F60541C0F60001BCE747F6D541C0F6E5
:1085B0000001DCE7D0F88810212918BF7047B0F817
:1085C000561069B1016D036831F8022B6FF35F2219
:1085D0009A620165B0F856100139A0F8561070473C
:1085E000016851E8001F026821F0800142E8001391
:1085F000002BF5D1016851E8001F026841F04001ED
:1086000042E80013002BF5D170470000D0F8881025
:10861000212933D1B0F86A10002908BF704700BF84
:10862000B0F85620B2B10268D3691B060DD5D0F858
:1086300050C03CF8023B6FF35F239362C0F850C018
:10864000B0F85620013AA0F8562001390A04E7D1C3
:1086500014E000BF016851E8021F026821F4000124
:1086600042E80213002BF5D1016851E8001F0268AF
:1086700041F0400142E80013002BF5D170470000A3
:10868000D0F88810212918BF7047B0F8561059B19A
:10869000016D026811F8013B93620165B0F8561054
:1086A0000139A0F856107047016851E8001F0268B0
:1086B00021F0800142E80013002BF5D1016851E858
:1086C000001F026841F0400142E80013002BF5D181
:1086D00070470000D0F88810212931D1B0F86A1015
:1086E000002908BF704700BFB0F85620A2B1026849
:1086F000D3691B060BD5D0F850C01CF8013B936220
:10870000C0F850C0B0F85620013AA0F85620013900
:108710000A04E9D114E000BF016851E8021F0268B1
:1087200021F4000142E80213002BF5D1016851E861
:10873000001F026841F0400142E80013002BF5D110
:10874000704700002DE9F04381B004460068C0691D
:108750000840401AB0FA80F04009904257D1DDF845
:10876000208015460E46994608F1010709E000BF32
:108770002068C0693040801BB0FA80F04009A842F0
:1087800045D1002FF4D0F9F799FD0146B8F1000F5B
:108790004FF003003CD0A1EB0901414538D82068D7
:1087A00001684907E4D5402EE2D0802EE0D0C169AF
:1087B000090730D4C1690905DAD54FF400610162B7
:1087C000206850E8000F216820F4907041E8000212
:1087D000002AF5D14FF6FE70CEF6FF70216851E801
:1087E000021F2268014042E80213002BF6D1E06E1E
:1087F000012809D1206850E8000F216820F01000FE
:1088000041E80002002AF5D1032020212CE00020BD
:1088100001B0BDE8F0830821016200BF206850E884
:10882000000F216820F4907041E80002002AF5D181
:108830004FF6FE70CEF6FF70216851E8021F2268E5
:10884000014042E80213002BF6D1E06E012809D165
:10885000206850E8000F216820F0100041E8000275
:10886000002AF5D1012008212022C4F88C20002202
:10887000E2666267C4F8901084F8842001B0BDE815
:10888000F083000041F6B420C2F20000FCF7F4BD12
:1088900041F64830C2F20000FCF7EEBDB0B50C4620
:1088A0004FF486710546F7F7FDFC41F67443C2F2BA
:1088B000000360682278A1681C78C5F80811611C63
:1088C000197043F28C01C2F20001C5F8040141F8AD
:1088D0002450294685F80021FCF79CFCD5F80401BA
:1088E000D0F880000068016821F004010160B0BD8B
:1088F000012B0CD0022B06D0032B03D1D0F804019E
:10890000FDF72CBAFEE7D0F80401FDF77DBAD0F8E8
:1089100004016423FDF7A0B901460120A1F840003D
:1089200000220020A1F84020A1F84420A1F8502006
:10893000704700000146B0F8400044F27F02024058
:108940000020A1F840207047FEE7000080B582B00B
:10895000019041F6B420C2F2000001A901224FF6B5
:10896000FF73FDF779F9019802B080BD40F2100065
:10897000C2F200009FED0E0A40F6A85C04384FF0EA
:10898000FF31C2F2000C00BF0CEB01035B7850F822
:10899000042F01315A4301EE102AB8EEC11A0729FB
:1089A00030EE010AF0D1B4EE001A20EE010A704751
:1089B00000000000FEF7DEFC18B1052001F058FAB7
:1089C000F8E740F2590840F6A85640F2500440F249
:1089D0007005C2F200080127C2F20006C2F20004CC
:1089E000C2F20005FDF76AFB002188F8000000BF15
:1089F00020FA01F227EA0202725401310829F7D164
:108A000020460821FDF744FBFF20FDF725FB0A2047
:108A100001F02EFA28460821FDF73AFB0020FDF769
:108A20001BFB642001F024FADCE7000094B0FAF7A5
:108A3000C9F806AC20463821F7F734FC00250020A1
:108A40000595CDE90355CDE90155FAF707FA21203F
:108A500006904FF480300790012006210C900220F0
:108A60000F9155210D900326CDE91010CDE912008C
:108A700020460E96FAF702FE18B1EFF3108072B698
:108A8000FEE70F20CDE9010601A80421CDE9035539
:108A90000595FAF7FBFB20B1EFF3108072B600BF2B
:108AA000FEE7FDF7B7FCFDF717FCFDF751FCFDF7FE
:108AB00077FCFDF781FDFDF7B5FDFDF71FFEFEF725
:108AC00015FBFEF755FBFEF795FBFDF757FEFDF78F
:108AD0007DFEFDF7A7FEFDF7C5FFFEF765F9FEF782
:108AE000DBF9FEF7C9FBFDF7C5FEFEF721F9FEF73E
:108AF00097F9FEF763FAFDF749FBFEF70BFAFEF76D
:108B000033FAFDF7DFFEFDF771FFFDF78DFFFEF78E
:108B10005BF8FDF797FBFDF7BBFD40F60040C4F6A0
:108B2000000004210022F9F7C3FB40F6B055C2F261
:108B30000005B7EE008A28460021B0EE480AFDF78E
:108B4000DBFA40F6D054C2F2000420460121B0EE18
:108B5000480AFDF7D1FA41F6D8469FED479A9FEDB6
:108B600047AAC2F20006304603214FF44872C823D8
:108B7000B0EE490AF0EE480AB0EE4A1AFEF7B6FB2C
:108B800041F64857C2F20007384603214FF44872B5
:108B9000C823B0EE490AF0EE480AB0EE4A1AFEF7D2
:108BA000A5FB41F67C40C2F20000002101222B46C9
:108BB0000096F8F72FF841F6A840C2F20000012114
:108BC000002223460097F8F725F841F6A004C2F2E8
:108BD000000420460021FCF7DDF920460421FCF7C3
:108BE000D9F920460821FCF7D5F942F27834C2F2CF
:108BF000000440F23401C2F200012046FFF74EFEAD
:108C000094F800112046F7F74DFB00BFFEF7B2FBCA
:108C100018B10520F9F704F8F8E741F6D010C2F2D0
:108C20000000FBF75BFB41F61C20C2F20000FBF7E3
:108C3000FDFA41F66820C2F2000000683C21416361
:108C400041F2BC70C2F20000FBF748FB41F608009D
:108C5000C2F20000FBF742FB41F68410C2F20000B2
:108C6000FBF73CFB00F00CF800F0CAF8FDF7C0FB86
:108C700000F0DAF8FEE700BF000048420000000004
:108C80002DE9F04383B041F6B42040F27A01C2F2FC
:108C90000000C2F200010122FCF734FF4BF2201465
:108CA000C0F60004204602F0CFF9204602F0CCF9CD
:108CB000204602F0C9F9204602F0C6F9204602F02B
:108CC000C3F9204602F0C0F941F6784747F2B520D3
:108CD000C2F200070424C0F600002BA16422002386
:108CE000CDE9004701F0BCFD804640F2680746F23E
:108CF000ED00C2F20007C0F6000026A164220023A6
:108D0000CDE9004701F0ACFD814642F24C3749F60F
:108D1000AD10C2F200070224C0F6000021A16422B7
:108D20000023CDE9004701F09BFD064640F60067B1
:108D300048F6B510C2F20007C0F600001EA164227A
:108D40000023CDE9004701F08BFD074643F268752B
:108D50004AF2D110C2F20005C0F600001AA1642246
:108D60000023CDE9004501F07BFDB8F1010F08BFFC
:108D7000B9F1010F06D1012E04D1012F04BF03B0B8
:108D8000BDE8F083FEE700BF6D61696E5F637070E0
:108D900000000000494D555F526561645F74617366
:108DA0006B0000007463733233305F726561645F1F
:108DB0007461736B00000000677261795F726561B6
:108DC000645F7461736B0000776865656C5F7374D2
:108DD0006174655F726561645F7461736B0000004C
:108DE000EFF3058100291CBF6FF0050070470028D4
:108DF00004BF0020704780B501F03AF8002080BD24
:108E0000EFF3058000281CBF6FF00500704740F2AB
:108E10006C00C2F200000168002911BF4FF0FF3062
:108E20000121016000207047EFF3058000281CBF7E
:108E30006FF00500704740F26C00C2F2000001685C
:108E400001291CBF4FF0FF30704780B54EF61F510F
:108E5000CEF2000100220A700221016001F014F933
:108E6000002080BD70B584B00B460021002803911E
:108E7000EFF3058150D000294ED142B3D2F818E06B
:108E8000BEF1000F08BF4FF0180EBEF1380F1BD80F
:108E90001179C90718D15569946811684FEA950C82
:108EA000002D08BF4FF0800C44B1D6685C2E04D36F
:108EB0001669002E18BF002D20D10CB9D468C4B19A
:108EC000002500245DB91DE0002004B070BD012420
:108ED00000214FF0180E4FF0800C002595B19468DA
:108EE00012690294CDE900E2624601F027FD039089
:108EF00012E01469B4FA84F46409EEE70024012551
:108F0000002DECD144B103AC1FFA8CF2CDE900E4A2
:108F100001F0A6FC012802D1039804B070BD002026
:108F2000E5E7000090ED154A30EEC02A9FED7E1A6D
:108F3000B5EE404AF1EE10FAB0EEC23A80ED080A02
:108F4000C0ED050A80ED0B2A07D0B4EE443AF1EEED
:108F500010FA02DDB0EE410A704790ED164AB5EE08
:108F6000404AF1EE10FA04D0B4EE443AF1EE10FAB1
:108F7000F0DBD0F85CC0BCF1040F54D0BCF1030F9F
:108F800040F0B98090ED013A90ED0A5A90ED0D6AEB
:108F900023EE023A90ED024A33EE066A32EE453A8B
:108FA00090ED195A90ED001A24EE033AB8EE454AB6
:108FB00022EE011AB4EE446A80ED0C1A80ED0D6ABF
:108FC000F1EE10FA80ED0E3AC8BF80ED0D4A90ED3B
:108FD0000D5AB1EE444AB4EE445AF1EE10FAB8BF5D
:108FE00080ED0D4A90ED0D4A90ED185A31EE041ABD
:108FF00033EE013AB8EE451AB4EE413AF1EE10FA0A
:1090000080ED0F3AC8BF80ED0F1A90ED0F3AB1EE28
:10901000411AB4EE413AF1EE10FAB8BF80ED0F1AE2
:10902000C26B026467E090ED0A3A90ED094A32EEB5
:10903000431A33EE033A32EE433A90ED005A90ED84
:10904000016A33EE043A90ED194A90ED027A25EE6A
:10905000011A22EE065AB8EE444A27EE033AB4EE5D
:10906000445A80ED0C1A80ED0D5AF1EE10FA80EDA5
:109070000E3AC8BF80ED0D4A90ED0D6AB1EE445A2C
:10908000B4EE456AF1EE10FAB8BF80ED0D5A90EDDE
:109090000D6A90ED137A31EE061A33EE011AB4EE32
:1090A000441AD0ED181AF1EE10FAC8BFB0EE441A07
:1090B000B4EE451AF1EE10FAB8BFB0EE451A37EE2D
:1090C000013A80ED111AB8EE611AB4EE413AF1EEB0
:1090D00010FA80ED123AC8BF80ED121A90ED123AE4
:1090E000B1EE411AB4EE413AF1EE10FAB8BF80ED9C
:1090F000121A826CC264C1690269836A8161482163
:10910000436280ED0A2A80ED070AC260BCF1030FBA
:1091100008BF3C21014491ED001AC0ED040A80ED26
:10912000141AB0EE410A70470000000000F15C0C18
:109130008CE80E0080EC030A7047000080EC030A04
:10914000704700002DE9F047044600F097FD43F218
:109150009C00C2F20000016841F6AC670131016079
:10916000C2F20007396843F6340A41F6C466C2F217
:10917000000AC2F2000651B1DAF8000000283ED120
:109180003868E16AC06A884298BF3C6037E03C605A
:109190000068012833D10025701900F029FD14352D
:1091A000B5F58C6FF8D143F29878C2F200084046CA
:1091B00000F01EFD43F2AC79C2F20009484600F00F
:1091C00017FD43F2E070C2F2000000F011FD43F61B
:1091D0005400C2F2000000F00BFD43F64000C2F262
:1091E000000000F005FD41F6B460C2F20000C0F8D6
:1091F000008041F6BC60C2F20000C0F8009043F26B
:10920000A800C2F20000016801310160616443F20C
:10921000AC01C2F20001E06A0A68904288BF0860AF
:1092200000EB800006EB8000211D00F00FFD00F038
:1092300049FDDAF8000088B13868E16AC06A8842FE
:1092400028BFBDE8F0874EF60450CEF200004FF084
:1092500080510160BFF34F8FBFF36F8FBDE8F08780
:1092600070B582B000F00AFD43F66C06C2F200064B
:10927000306850BB43F26C74C2F20004204600F028
:10928000B7FC43F28075C2F20005284600F0B0FC3E
:1092900041F6B060C2F20000046041F6C060C2F264
:1092A000000041F6B85241F6586305600025C2F24D
:1092B0000002C2F200030A201021009501F03EF8DE
:1092C000306010B103A100F09BFD02B0BDE870401A
:1092D00000F0F8BC546D72510000000043F2A0058C
:1092E00041F6C46A4EF6045843F6540743F29C060E
:1092F000C2F20005C2F2000ACEF200084FF0805917
:10930000C2F20007C2F2000603E000BF204600F0F0
:10931000F1FC2868C8B100F0B1FCF868C468201DF1
:1093200000F038FC30680138306028680138286067
:1093300000F0C8FC94F859000228EAD00128E5D0D2
:1093400070B9206B00F0D6FCE0E7DAF800000228E4
:10935000DFD3C8F80090BFF34F8FBFF36F8FD8E70C
:109360004FF0500080F31188BFF36F8FBFF34F8F22
:10937000FEE7000008480068006880F308884FF0A6
:10938000000080F3148862B661B6BFF34F8FBFF35D
:109390006F8F00DF00BF000008ED00E02DE9F04F07
:1093A00085B0824601F054FB41F6A869C2F200097B
:1093B000D9F800100546884249D241F6B064C2F29D
:1093C000000420680168002943D043F66C0BC2F208
:1093D000000B08E07860206831463F6100F018FC1F
:1093E00020680168A9B3C068C768D0F800803E1D36
:1093F000304600F0CFFB396A3846884797F8280096
:109400004007EDD5B86940444045E3D88FB3DBF859
:10941000000078B10020CDE90108039701F004FBBA
:10942000DBF8000001A90022002300F0F5FF00286E
:10943000D6D102E000200028D2D14FF0500080F3B6
:109440001188BFF36F8FBFF34F8F00BFFEE700207F
:1094500007E041F6C061C2F200010A68086001201D
:109460002260CAF800002846C9F8005005B0BDE8DF
:10947000F08F4FF0500080F31188BFF36F8FBFF370
:109480004F8F00BFFEE7000081B00020009040F247
:109490004800C2F2000000684FF0500181F31188CB
:1094A000BFF36F8FBFF34F8F013001D0FEE700BFD6
:1094B00000980028FCD001B0704700008AB041F647
:1094C000B06B41F6C06A43F66C05C2F2000B02AC09
:1094D000C2F2000AC2F200050DF10409DBF8000037
:1094E00007681FB1C068D0F8008001E04FF00008A5
:1094F00000F01CFE2046FFF751FF029911B101F068
:10950000FBFB83E0E7B140451AD35646824601F0A3
:10951000F3FBDBF80000C068C76807F1040B58468E
:1095200000F038FB97F8280041070CD441F6B06BE7
:1095300000F0FA00C2F2000B87F82800B2465CE0A7
:10954000B7B100221AE0B9693F6101EB080050454C
:10955000786029D9C24501D2404533D241F6B06284
:10956000C2F2000210685946934600F051FBE5E74D
:10957000DAF800100968B1FA81F14A092B68A8EB02
:109580000001184600F050FC01F0B6FB00283DD168
:109590004EF60450CEF200004FF080510160BFF350
:1095A0004F8FBFF36F8F31E0AAEB0800884209D2DA
:1095B00030685946B24600F02BFB41F6B06BC2F260
:1095C000000B1AE0002F00F0C2802868B24660B19C
:1095D0000020CDE90608089701F026FA286806A9B8
:1095E0000022002300F018FF00E0002041F6B06BDD
:1095F000C2F2000B002800F0B480396A3846884770
:1096000004E0DBF8000000F003FB00BF28682146FF
:10961000002201F00BF800283FF460AF0298B0F18F
:10962000FF3F03DCDDE903200599904702980028FD
:10963000ECD4049F786910B1381D00F0ABFA4846AD
:10964000FFF7ACFE02990929E0D8DFE801F0050533
:10965000054F395605054F3997F82810039ABE690A
:1096600041F0010187F82810B318394641F8043F4A
:1096700083423F6104D99042C3D2934203D2C0E7F0
:10968000801AB0422DD3396A3846884797F82800A7
:109690004007BBD5002F50D02868B0B30398B969F4
:1096A000089708440021CDE9061001F0BDF92868AB
:1096B00006A90022002300F0AFFE0028A6D128E072
:1096C00097F8281041F00102039987F82820B96122
:1096D00049B30A18394641F8042F82423F613FF6E8
:1096E00090AFDAF8000000F093FA8FE797F82800BF
:1096F00000F0FE0087F8280088E797F82800810727
:10970000F6D4384600F0F6FA80E7002000287FF40F
:109710007DAF4FF0500080F31188BFF36F8FBFF320
:109720004F8F00BFFEE74FF0500080F31188BFF36A
:109730006F8FBFF34F8F00BFFEE74FF0500080F3F5
:109740001188BFF36F8FBFF34F8F00BFFEE74FF05D
:10975000500080F31188BFF36F8FBFF34F8F00BFAE
:10976000FEE74FF0500080F31188BFF36F8FBFF317
:109770004F8F00BFFEE70000F0B581B0044600F057
:109780007DFA94F94560012E0FDB04F1240500BF3A
:10979000286850B1284601F067FA002818BF00F089
:1097A000CBFB70B2013E0128F2DCFF2684F8456055
:1097B00000F088FA00F062FA94F94470012F0EDB91
:1097C00004F11005286850B1284601F04DFA002830
:1097D00018BF00F0B1FB78B2013F0128F2DC84F839
:1097E000446001B0BDE8F04000F06CBAF0B581B063
:1097F000044600F09BFC41F6B861C2F20001086823
:10980000002843F29470C2F2000028D142F2844250
:10981000C2F20002D31D560702F5406618BF23F0BE
:10982000070243F63803C2F200030025C3E900250E
:1098300026F00703A3F108060E6043E90255B31AA8
:109840000E68C2E9006343F2C872C2F200021360FC
:1098500043F2C072C2F20002136001220270027869
:10986000002A18BF4FF00042224238D13CB16207B3
:109870001ABF24F0070202F11004083400E00024AB
:1098800043F2C07EC2F2000EDEF80020631E934257
:1098900025D243F63803C2F200031E687568A5425C
:1098A00007D200BF326822B1556833461646A5423A
:1098B000F8D30A68964212D0D3F800C037682A1B42
:1098C000112A1F603FD333195D0719D04FF05000A4
:1098D00080F31188BFF36F8FBFF34F8FFEE7002433
:1098E00001F00AFA600708D04FF0500080F31188A9
:1098F000BFF36F8FBFF34F8FFEE7204601B0F0BD7F
:1099000043F63805C2F200055A6074602C462D6893
:109910009D42FBD36268A7189F4203D15B681A443B
:10992000234662605A689F18AF4201D0294606E07C
:1099300009688D4203D0D5E900152A445A609C423B
:10994000196018BF236043F2C8717268DEF80030F6
:10995000C2F200010C689A1AA242CEF8002038BF69
:109960000A60007843F2D4727168C2F200020028E3
:1099700018BF41F00041136800200CF10804C6E94B
:109980000001581C1060ABE7034649F2894021F002
:109990000101C0F600004FF0807C03E903106FF076
:1099A0000201A3F1440043E90912704742F228354D
:1099B00042F22C3640F2300940F2780A40F25A0B5B
:1099C0004BF22D14C2F20005C2F20006C2F20009E9
:1099D0004FF0FF380027C2F2000AC2F2000BC0F6B7
:1099E000000406E0204601F02FFB00BF642000F0D9
:1099F0003FFA28680128F9D1306802283ED00128B2
:109A00001AD00028F2D140F25800C2F200000770CC
:109A100020468AF800708BF80070C9F8008001F0C9
:109A200013FB4FF4FA7000F023FA204601F00CFB10
:109A3000306801303060D9E7F7F762FA0028D1D0FA
:109A40009AF800000028CDD09BF800000028C9D06B
:109A500040F25800C2F2000000780028C2D0F7F7A8
:109A6000F3F9411CC9F80000BCD0316840F208028B
:109A7000C2F200021060481C3060B3E7C9F80080F1
:109A800037602F60B2E700007047000041F65401D4
:109A9000C2F200010968002819BF00204862486A24
:109AA00000B2704741F6EC01C2F2000109680028DB
:109AB00019BF00204862486A00B2704710B52DED0A
:109AC000028B41F20000B5EE400A0022C4F600000D
:109AD0001021B0EE408A0024F1EE10FAA8BF012256
:109AE000F8F7E6FB9FED0E1AB0EEC80A9FED0D2ABF
:109AF00020EE010A80EE020A41F22470C2F2000058
:109B00000068B5EE408AF1EE10FABCEEC00A10EE25
:109B1000101A08BF21464163BDEC028B10BD00BF87
:109B20000000C6420000C84210B52DED028B41F284
:109B30000000B5EE400A0022C4F600002021B0EE7D
:109B4000408A0024F1EE10FAA8BF0122F8F7B0FB1A
:109B50009FED0E1AB0EEC80A9FED0D2A20EE010A05
:109B600080EE020A41F22470C2F200000068B5EEF5
:109B7000408AF1EE10FABCEEC00A10EE101A08BFCF
:109B800021468163BDEC028B10BD00BF0000C642C0
:109B90000000C842D0E9013201699A60D1F804C0DE
:109BA00082688445536008BF4A60002202610868E9
:109BB000013808600868704743F2B023C2F200031E
:109BC000036043F2B000C2F2000008608020106021
:109BD0007047000043F20C73C2F20003036043F2CB
:109BE0000C30C2F2000008604FF4807010607047C3
:109BF0004FF0FF31024642F8081F00214260C0E9E1
:109C000003220160704700000021016170470000DD
:109C100080B5D1F800C01CF1010207D000F10803A3
:109C20009E465B681A686245FAD901E0D0F810E0F8
:109C3000DEF8042008614A609160C1F808E0CEF8BF
:109C4000041001680131016080BD0000D0F800C03F
:109C5000436808619A684B608A609A6899605160AD
:109C60000CF1010101607047DFF80C00016841F45C
:109C7000700101607047000088ED00E04FF0500077
:109C800080F31188BFF36F8FBFF34F8F40F248000E
:109C9000C2F2000001684A1C026001B170474EF632
:109CA0000450CEF200000068000608BF70474FF075
:109CB000500080F31188BFF36F8FBFF34F8F00BF49
:109CC000FEE7000040F24800C2F20000016839B12E
:109CD0000139016018BF7047002080F31188704778
:109CE0004FF0500080F31188BFF36F8FBFF34F8F99
:109CF000FEE70000B0B5002808BFB0BD43F2947184
:109D0000C2F20001097850F8042C002918BF4FF066
:109D1000004111420DD0A0F1080423689BB14FF01F
:109D2000500080F31188BFF36F8FBFF34F8F00BFD8
:109D3000FEE74FF0500080F31188BFF36F8FBFF341
:109D40004F8F00BFFEE722EA010140F8041C0546E0
:109D500000F0ECF943F2C071C2F2000155F8040CB6
:109D60000B682A461844086043F63801C2F2000125
:109D700008460968A142FBD34368C518A54204D12F
:109D800052F8042C04461A4442606368E2188A427E
:109D900001D00A460AE041F6B862C2F20002126837
:109DA000914203D0D1E9002119446160A0422260B0
:109DB00018BF046043F2D870C2F20000016801319C
:109DC0000160BDE8B04000F097BF00004EF2100007
:109DD000CEF2000000210160816040F20401C2F275
:109DE0000001096844F6D352C1F26202A1FB0212DB
:109DF0004FF0FF3101EB9211416007210160704784
:109E000043F2F47C0022C2F2000C03E00132082A83
:109E100008BF70475CF83230002BF7D10CEBC2035F
:109E20004CF832105860704770B515460E4604461F
:109E3000FFF724FF94F84400FF2804BF002084F8B3
:109E4000440094F84500FF2804BF002084F8450032
:109E5000FFF738FFA06B28B904F1240031462A46E9
:109E600000F0BEF82046BDE87040FFF785BC00005A
:109E700070B5002845D043F2A401C2F200010A687F
:109E80004AB14FF0500080F31188BFF36F8FBFF3DA
:109E90004F8F00BFFEE70A6841F6AC6501320A60E9
:109EA00043F66801C2F20001C2F200050C6829689D
:109EB000064604310846FFF76DFE2868A419446081
:109EC00009D341F6BC60C2F2000000682968043181
:109ED000FFF79EFE10E041F6B460C2F20000006899
:109EE00029680431FFF794FE43F2CC70C2F20000FF
:109EF00001688C4238BF046000F0FEFE002818BFE5
:109F000070BD4EF60450CEF200004FF0805101605B
:109F1000BFF34F8FBFF36F8F70BD000043F2D0715E
:109F2000C2F200010968016043F66801C2F2000153
:109F3000096841607047000043F67400C2F20000F7
:109F4000012101607047000070B510B341F6AC65A7
:109F5000C2F200050C4629681831FFF759FE43F696
:109F60006800C2F20000066828680430FFF712FE9D
:109F7000601C18D02868A41944601ED341F6BC6048
:109F8000C2F20000006829680431BDE87040FFF7A4
:109F90003FBE4FF0500080F31188BFF36F8FBFF3C7
:109FA0004F8F00BFFEE72868011D43F64000C2F254
:109FB0000000BDE87040FFF749BE41F6B460C2F250
:109FC0000000006829680431FFF722FE43F2CC70DC
:109FD000C2F2000001688C4238BF046070BD00000E
:109FE000F0B581B020B341F6AC66C2F200060C4673
:109FF000316815461831FFF729FE43F66800C2F2B2
:10A000000000002D18BF4FF0FF340768306804309F
:10A01000FFF7C0FDADB1601C13D13068011D43F6E0
:10A020004000C2F2000001B0BDE8F040FFF70EBEF4
:10A030004FF0500080F31188BFF36F8FBFF34F8F45
:10A04000FEE73068E41944600BD341F6BC60C2F20D
:10A05000000000683168043101B0BDE8F040FFF74E
:10A06000D7BD41F6B460C2F2000000683168043127
:10A07000FFF7CEFD43F2CC70C2F2000001688C42C3
:10A0800038BF046001B0F0BDB0B586B0002405A8AB
:10A0900004A903AACDE90444FFF78EFDDDE90320FE
:10A0A000059DCDE9004049F2DD20C0F600001DA16C
:10A0B0000023029500F042FC43F2C470C2F200009B
:10A0C000056015B100F0B2FE0446601C20D0012CE2
:10A0D0001CD14FF0500080F31188BFF36F8FBFF396
:10A0E0004F8F43F2CC70C2F200004FF0FF3101609D
:10A0F00043F63400C2F200000121016043F668001B
:10A10000C2F200000021016000F068F806B0B0BDA6
:10A110004FF0500080F31188BFF36F8FBFF34F8F64
:10A12000FEE700BF49444C450000000043F2A40094
:10A13000C2F20000016801310160704743F2A400DF
:10A14000C2F20000006830B143F67400C2F20000B1
:10A1500001210160704743F67400C2F20000002143
:10A1600043F2AC0C0160C2F2000CDCF8001041F6C6
:10A17000C46301EB8102C2F2000353F8220003EB37
:10A180008202C0B15068436802F108008342536004
:10A1900001D158685060506841F6AC62C068C2F2A4
:10A1A00000021060CCF80010704700BF52F8140D88
:10A1B00001390028E6D10029F8D14FF0500080F392
:10A1C0001188BFF36F8FBFF34F8F00BFFEE7000012
:10A1D0004FF49670FFF74CFEFAE70000B0B584B07C
:10A1E0004EF20040CEF200004CF27021C4F20F118A
:10A1F000D0F800294B1C9A4209D14FF0500080F34F
:10A200001188BFF36F8FBFF34F8F00BFFEE7D0F809
:10A2100000298A4209D14FF0500080F31188BFF322
:10A220006F8FBFF34F8F00BFFEE7017843F28402C8
:10A230000291FF2101700178C2F200028DF807102F
:10A240009DF8071001F05001117043F28801C2F22D
:10A25000000107220A609DF90720B2F1FF3F0CDCE4
:10A26000062200BF0A609DF80730013A5B008DF8B6
:10A2700007309DF90730002BF4D40A68032A3BD13C
:10A280004FF440720A6002990170D0F8201941F42D
:10A290007001C0F82019D0F8201941F07041C0F8C1
:10A2A0002019FFF793FD40F24804C2F20004002594
:10A2B0002560FFF7D9FC4EF63470CEF2000001683D
:10A2C00041F040410160FFF755F8FFF737FF039574
:10A2D00020684FF0500181F31188BFF36F8FBFF3F7
:10A2E0004F8F013002D000BFFEE700BF0398002867
:10A2F000FCD0002004B0B0BD4FF0500080F31188B6
:10A30000BFF36F8FBFF34F8FFEE7000080B54FF0B4
:10A31000500080F31188BFF36F8FBFF34F8F00F0B1
:10A320009DFB30B14EF60450CEF200004FF080514C
:10A330000160002080F3118880BD000070B582B0FC
:10A3400058B1A3B1E9B9E2B14FF0500080F31188E0
:10A35000BFF36F8FBFF34F8FFEE74FF0500080F3D6
:10A360001188BFF36F8FBFF34F8F00BFFEE74FF031
:10A37000500080F31188BFF36F8FBFF34F8F00BF82
:10A38000FEE751B14AB94FF0500080F31188BFF396
:10A390006F8FBFF34F8F00BFFEE750250195019DE2
:10A3A000502D2ED1019C069E012483F846400029A1
:10A3B00008BF1A461A60C3E90F011C46FFF75EFC8E
:10A3C0002068D4E90F12002502FB0103013901FBCB
:10A3D0000201A563C4E90103FF20E16084F84400A1
:10A3E00084F8450004F11000FFF702FC04F124009A
:10A3F000FFF7FEFBFFF766FC204684F84C6002B0D6
:10A4000070BD4FF0500080F31188BFF36F8FBFF322
:10A410004F8F00BFFEE700002DE9F04F85B004929A
:10A42000B8B11D460446F1B1022D03D1E06B0128FD
:10A4300040F0A780019100F0F7FA00BB0498F0B15A
:10A440004FF0500080F31188BFF36F8FBFF34F8F31
:10A45000FEE74FF0500080F31188BFF36F8FBFF31A
:10A460004F8F00BFFEE7206C0028DDD04FF050007A
:10A4700080F31188BFF36F8FBFF34F8FFEE7FFF7B5
:10A48000FDFBA06B022D5ED0E16B88425BD304F133
:10A490001006012002AF4FF0000B0DF1100800BFB5
:10A4A0000499002900F08280C00702D03846FFF7E7
:10A4B00035FDFFF707FCFFF739FEFFF7DFFB94F8E8
:10A4C0004400FF2808BF84F844B094F84500FF28F2
:10A4D00008BF84F845B0FFF7F5FB3846414600F069
:10A4E00079F9002865D1FFF7C9FBD4F838A0D4F872
:10A4F0003C90FFF7E7FBCA4516D104993046FFF7B9
:10A5000023FD2046FFF738F900F0F6FB88B94EF638
:10A510000450CEF200004FF080510160BFF34F8F26
:10A52000BFF36F8F05E000BF2046FFF725F900F06D
:10A53000E3FBFFF7A3FBA06B022D04D0E16B884285
:10A540004FF00000ACD2A66B226C01991AB3CDB3C8
:10A55000E068F5F78EFEE168206C2268091A9142E6
:10A56000E16003D2A16840420844E060A81EB0FA4E
:10A5700080F040093146002E18BF01210840361AEC
:10A580002CE04FF0500080F31188BFF36F8FBFF3C2
:10A590004F8F00BFFEE7206800BBA06800F016FBED
:10A5A0000021B0FA80F0A160400918E0FFF78AFBB3
:10A5B00004E02046FFF7E0F800F09EFB002005B025
:10A5C000BDE8F08F6068F5F754FED4E90101226C14
:10A5D00010448842606001D3206860600120711CD3
:10A5E000A16354F8241F79B1204600F03DFBB8B1B7
:10A5F0004EF60450CEF200004FF080510160BFF3E0
:10A600004F8FBFF36F8F0BE050B94EF60450CEF270
:10A6100000004FF080510160BFF34F8FBFF36F8F89
:10A62000FFF750FB012005B0BDE8F08F2DE9F04F9A
:10A6300085B0049298B10C460546002900F0B78019
:10A6400000F0F2F9A8B9049898B14FF0500080F3E7
:10A650001188BFF36F8FBFF34F8F00BFFEE74FF03E
:10A66000500080F31188BFF36F8FBFF34F8F00BF8F
:10A67000FEE705F11000019005F1240000900DF1B6
:10A6800008090DF1100A4FF000080CE02846FFF70A
:10A6900073F800F031FBFFF7F1FAAF6BFFF712FB35
:10A6A000002F00F09280FFF7E9FAD5F838B0BBF13F
:10A6B000000F27D02A6C5AB1D5E902011144E96094
:10A6C000814224BF2868E860E9682046F5F7D1FD9B
:10A6D000ABF10100A863286970B1019800F0C4FAD9
:10A6E00050B14EF60450CEF200004FF080510160A0
:10A6F000BFF34F8FBFF36F8FFFF7E4FA00200126FF
:10A70000A0B963E0049850B1B8F1000F02D14846F7
:10A71000FFF704FC4FF00108012038B956E0FFF7BD
:10A72000D1FA00260020002850D000BFFFF7CAFA57
:10A73000FFF7FCFCFFF7A2FA95F84400FF2804BFDE
:10A74000002085F8440095F84500FF2804BF00204C
:10A7500085F84500FFF7B6FA4846514600F03AF84A
:10A7600000287FF493AFFFF789FAAF6BFFF7AAFADF
:10A770002FB12846FFF700F800F0BEFA93E70499DE
:10A780000098FFF7E1FB2846FEF7F6FF00F0B4FA69
:10A7900000287FF488AF4EF60450CEF200004FF050
:10A7A00080510160BFF34F8FBFF36F8F7BE7286C41
:10A7B00000283FF445AF4FF0500080F31188BFF3FD
:10A7C0006F8FBFF34F8F00BFFEE70026304605B006
:10A7D000BDE8F08F70B538B30C4671B30546FFF78E
:10A7E0004DFA43F6680EC2F2000EDEF80030226821
:10A7F000501C2CD043F2D07CC2F2000C2946D5E983
:10A800000050DCF80060AE4201D0834223D2181A17
:10A8100082421ED9101A2060DCF800000024086073
:10A82000DEF80000486017E04FF0500080F3118818
:10A83000BFF36F8FBFF34F8FFEE74FF0500080F3F1
:10A840001188BFF36F8FBFF34F8F00BFFEE7002467
:10A8500002E0002020600124FFF734FA204670BD9A
:10A860002DE9F04F81B095008146284698469246E2
:10A870000F46FEF7BBFF78B104465C20FEF7B6FF3B
:10A8800038B10646046356B94FF0FF3001B0BDE859
:10A89000F08F2046FFF72EFA0026002EF4D0306B02
:10A8A0004C46DDF828B04FF000092946A52286F86D
:10A8B0005990F5F7F0FC306B00EB8A00A0F1040032
:10A8C00020F0070A06F1340067B100217A5C425497
:10A8D0007A5C1AB10F2901F10101F7D1002086F845
:10A8E000430001E080F800900025301DBBF1370FD8
:10A8F00028BF4FF0370BC6F82CB0C6E913B5FFF7E9
:10A9000083F906F11800FFF77FF9CBF13800B06149
:10A9100050462146424636617662756586F8585043
:10A92000FFF732F80B9930603046002918BF0E60EF
:10A93000FEF708FC012001B0BDE8F08F2DE9F043DF
:10A9400081B09846099B3BB30A9C74B35C2700977F
:10A95000009F5C2F33D18146009802201746920059
:10A96000089D84F8590018460E461146A522236317
:10A97000F5F791FC206B04F1340256B33146002305
:10A98000CE5CD654CE5C1EB10F2B03F10103F7D180
:10A99000002184F843101EE04FF0500080F311882E
:10A9A000BFF36F8FBFF34F8FFEE74FF0500080F380
:10A9B0001188BFF36F8FBFF34F8F00BFFEE74FF0DB
:10A9C000500080F31188BFF36F8FBFF34F8F00BF2C
:10A9D000FEE70021117000EB8700043820F0070724
:10A9E0000026201D372D28BF3725E562C4E9135600
:10A9F000FFF70AF904F11800FFF706F9C5F138006E
:10AA0000A06138464946424624616462666584F81E
:10AA10005860FEF7B9FF20602046FEF793FB204602
:10AA200001B0BDE8F083000043F63400C2F200003C
:10AA30000068002804BF0120704743F2A400C2F25E
:10AA400000000068B0FA80F0400940007047000044
:10AA500043F66800C2F20000006870472DE9F04F2D
:10AA600081B043F2A400C2F20000006840B143F29A
:10AA7000DC70C2F200000168002401310160A0E036
:10AA800043F66800C2F2000001684E1C06602ED337
:10AA900041F6B460C2F200000168096849B14FF0A4
:10AAA000500080F31188BFF36F8FBFF34F8F00BF4B
:10AAB000FEE741F6BC62C2F200020168136803605F
:10AAC000116043F2D071C2F200010A6801320A60DB
:10AAD0000168096821B10068C068C068406801E089
:10AAE0004FF0FF3043F2CC71C2F20001086043F234
:10AAF000CC71C2F20001086841F6AC6A41F6C46844
:10AB00008642C2F2000AC2F2000801D2002446E0E6
:10AB100041F6B467C2F20007386800240068A0B3A9
:10AB200043F2AC0BC2F2000B1AE000BFD9F82C00C4
:10AB3000DBF80010884288BFCBF8000000EB8000F3
:10AB400008EB80002946FFF781F8D9F82C00DAF8E5
:10AB50000010C96A3A68884228BF01241068B8B159
:10AB60003868C068D0F80C904D4655F8040F8642FE
:10AB700010D32846FFF70EF8D9F828000028D5D0C2
:10AB800009F11800FFF706F8D0E74FF0FF3005E0B5
:10AB90004FF0FF3043F2CC71C2F200010860DAF8E6
:10ABA0000000C06A00EB800058F82000012843F63E
:10ABB0007400C2F2000088BF01240068002818BF9A
:10ABC0000124204601B0BDE8F08F0000002804BF3A
:10ABD0000020704741F6AC61C2F200010968814271
:10ABE00009D04FF0500080F31188BFF36F8FBFF38F
:10ABF0004F8F00BFFEE7016D59B3013901654FF07A
:10AC0000000124D1C26AC36C9A4220D0B0B5041DA1
:10AC100005462046FEF7BEFFE86CC0F13801A96189
:10AC200043F2AC01E862C2F200010A68904288BFB8
:10AC3000086041F6C46100EB8000C2F2000101EB44
:10AC400080002146FFF702F80121BDE8B040084628
:10AC500070474FF0500080F31188BFF36F8FBFF340
:10AC60004F8F00BFFEE70000B0B5C068C5687DB17A
:10AC700005F118042046FEF78DFF43F2A400C2F24E
:10AC80000000006868B143F2E070C2F200001DE00D
:10AC90004FF0500080F31188BFF36F8FBFF34F8FD9
:10ACA000FEE72C1D2046FEF775FF43F2AC01C2F211
:10ACB0000001E86A0A68904288BF086041F6C461F2
:10ACC00000EB8000C2F2000101EB80002146FEF79C
:10ACD000BDFF41F6AC61C2F20001E86A0968C96AC9
:10ACE000884291BF002043F67401C2F200010120A6
:10ACF00088BF0860B0BD00002DE9F04F81B043F27D
:10AD0000A404C2F20004206868B1FEF7B7FF20680F
:10AD100001382060206880B10024FEF7D3FF204670
:10AD200001B0BDE8F08F4FF0500080F31188BFF301
:10AD30006F8FBFF34F8F00BFFEE743F29C00C2F25C
:10AD4000000000680028E7D043F2E076C2F2000677
:10AD5000306843F674080028C2F2000843D043F27A
:10AD6000AC0741F6C46941F6AC6BC2F20007C2F20F
:10AD70000009C2F2000B4FF0010A00BFF068C5687D
:10AD800005F11800FEF706FF2C1D2046FEF702FF16
:10AD9000E86A3968884288BF386000EB800009EBB8
:10ADA00080002146FEF752FFE86ADBF80010C96A0E
:10ADB000884228BFC8F800A030680028DED195B1CD
:10ADC00041F6B460C2F200000168096821B1006870
:10ADD000C068C068406801E04FF0FF3043F2CC71BA
:10ADE000C2F20001086043F2DC74C2F2000425687C
:10ADF00055B10126FFF732FE002818BFC8F80060E1
:10AE0000013DF7D100202060D8F8000000283FF471
:10AE100083AF4EF60450CEF200004FF08051016037
:10AE2000BFF34F8F0124BFF36F8F76E780B586B0F5
:10AE3000FEF716FA43F66C00C2F20000006808B391
:10AE40000020CDE9040005A804A903AAFEF7C2FE6C
:10AE5000DDE903200221DDF814C0CDE9001049F23C
:10AE6000BD40C0F600000CA10023CDF808C0FFF7DC
:10AE700065FD43F67001C2F20001086010B10120C7
:10AE800006B080BD4FF0500080F31188BFF36F8F84
:10AE9000BFF34F8FFEE700BF546D722053766300FF
:10AEA0000FB4084B10B504A902AA039800F01CF8CF
:10AEB000044602A9002000F0C1F8204610BC5DF84D
:10AEC00014FB00003DB0000802E008C8121F08C1D2
:10AED000002AFAD170477047002001E001C1121F1B
:10AEE000002AFBD1704700002DE9FF4F89B09B4637
:10AEF0000446002506E025280BD05A460B999047BA
:10AF0000641C6D1C20780028F5D10DB02846BDE8E2
:10AF1000F08F0027B8460122474900E0074314F8A4
:10AF2000013F203B02FA03F00842F7D120782E2897
:10AF300019D114F8010F47F004072A280ED06FF03A
:10AF40002F022078A0F1300109290CD808EB8801E4
:10AF500002EB410100EB0108641CF2E70A98641C53
:10AF600050F8048B0A9020780028CED0642808D0AE
:10AF7000692806D075281ED05A460B9990476D1C3B
:10AF800058E00A994FF00A0901C90A91002802DA2B
:10AF900040422D2102E0390504D52B218DF82010E7
:10AFA000012103E0F90704D02021F7E78A4608AE23
:10AFB0000DE00021FAE70A994FF00A0901C90A9148
:10AFC000F7E74946F5F7D6FA303106F8011D0028B3
:10AFD000F7D1ADEB060000F12009780701D44FF05E
:10AFE0000108C84502DDA8EB090000E0002080460A
:10AFF000002706E008A85A46C05D0B9990476D1CD3
:10B000007F1C5745F6DB04E030205A460B999047E9
:10B010006D1CB8F10001A8F10108F5DC05E016F897
:10B02000010B5A460B9990476D1CB9F10001A9F12B
:10B030000109F4DC641C65E7092801000A68531C57
:10B040000B6010707047000010B5044601E0FDF77A
:10B050007DFC14F8010B04490028F8D1BDE810402C
:10B060000A20FDF773BC000000000020DDDDDDDDFF
:10B07000DCBBBBDDDDDDDDDDDDDDDDDD9888888889
:10B080008888888877777777778888888555555630
:10B090006666666666666666666888888333333287
:10B0A00022222222222222222228888D0000000031
:10B0B0000000000001020304060708090000000068
:10B0C00001020304010002000400060008000A0057
:10B0D0000C00100020004000800000010000000073
:10B0E000040000000200000008000000010101034C
:10B0F00007010000080402040801010137B100083B
:10B10000000000000000000000000000000000003F
:10B110000002000018000000000000000000000015
:10B1200041542B4C494748542B4F4E0D0041542B52
:10B13000434F4C4F520D0064656661756C745461E9
:10B14000736B000068B10008000000205000000090
:10B15000C8AE0008B8B10008500000202840000028
:10B16000D8AE000800000000000000000024F40039
:10B170005A00000002000000FBFFFFFFFDFFFFFF81
:10B18000FEFFFFFFFFFFFFFF0100000002000000C5
:10B190000300000005000000FFFFFFFF400000006B
:10B1A000481B0020899A00080100000010000000E0
:08B1B000AAAAAAAA00000000EF
:04000005080001D915
:00000001FF
