:020000040800F2
:10000000885C0020ED010008B1660008E554000896
:10001000AD660008850A0008BD82000800000000E7
:1000200000000000000000000000000071670008F0
:10003000390C000800000000D16600089D67000828
:10004000070200080702000807020008070200086C
:10005000070200080702000807020008070200085C
:10006000070200080702000807020008070200084C
:10007000070200080702000807020008070200083C
:10008000070200080702000807020008070200082C
:1000900007020008490C00080702000807020008D0
:1000A000C967000809680008E96700080702000836
:1000B00007020008070200080702000807020008FC
:1000C00007020008070200080702000807020008EC
:1000D00007020008818200080702000807020008E2
:1000E00007020008070200080702000807020008CC
:1000F00007020008070200080702000807020008BC
:1001000007020008070200080702000807020008AB
:10011000070200080702000807020008070200089B
:10012000070200080702000807020008070200088B
:10013000070200080702000807020008070200087B
:10014000070200080702000807020008000000007C
:10015000000000000000000000000000000000009F
:10016000000000000000000000000000070200087E
:10017000070200080702000807020008070200083B
:10018000070200080702000807020008070200082B
:10019000070200080000000007020008550C0008D4
:1001A000070200080702000807020008070200080B
:1001B00007020008070200080702000807020008FB
:1001C00007020008070200080702000807020008EB
:1001D0000702000807020008DFF80CD000F08AFAD6
:1001E0000048004739830008885C002006488047A3
:1001F00006480047FEE7FEE7FEE7FEE7FEE7FEE70C
:10020000FEE7FEE7FEE7FEE7B5670008D901000854
:100210002DE9F05F0546002092469B46884606463B
:10022000814640241BE0284641464746224600F0CE
:10023000B0F953465A46C01A914110D31146184698
:10024000224600F097F92D1A67EB01084F46224627
:100250000120002100F08EF917EB00094E41201E0D
:10026000A4F10104DFDC484631462A464346BDE896
:10027000F09F40EA01039B0703D009E008C9121F61
:1002800008C0042AFAD203E011F8013B00F8013B50
:10029000521EF9D27047D2B201E000F8012B491E7C
:1002A000FBD270470022F6E710B513460A46044613
:1002B0001946FFF7F0FF204610BD00000FB400B54F
:1002C0008DB010A909900B9000914FF0FF300A906B
:1002D00000200C9005480690054807906A4609A83A
:1002E0000F9900F07BF90DB05DF814FBF9050008DB
:1002F000170600082DE9FF5F1D464FF0FF3BD5E9CB
:10030000014691465F464FF00008A9697F1C01989D
:100310008847296A824688470028F6D1BAF1FF3F0C
:100320000CD024F4C064002E19DD600614D5BAF197
:100330002B0F09D0BAF12D0F0ED103E0584604B0AF
:10034000BDE8F09F44F48064A9697F1C0198884748
:10035000761E8246002E02DDBAF1300F03D0B9F1CD
:10036000000F26D032E0A969761E44F400747F1C89
:10037000019888478246002E05DDBAF1780F06D035
:10038000BAF1580F03D0B9F1000F10D01EE0B9F147
:10039000000F02D0B9F1100F18D1A969761E24F40C
:1003A00000747F1C019888478246102002E00820D4
:1003B00000E00A20814609E008FB0908A969761EC9
:1003C00044F400747F1C019888478246002E05DDA6
:1003D0004946504600F0EDF80028EDDAE969019849
:1003E0008847A00502D46FF00100A8E7E00725D1F7
:1003F000600613D5600502D5C8F1000000E0404654
:1004000029680A1D2A600968220501D5087015E0CF
:10041000220701D5088011E008600FE02868011D5F
:1004200029600068210502D580F8008006E02107D8
:1004300002D5A0F8008001E0C0F8008038467EE7D1
:100440002DE9FE4F81EA030404F0004421F000414D
:1004500000944FF0000B23F0004350EA01045ED0FB
:1004600052EA03045BD0C3F30A54C1F30A552C4487
:10047000A4F2F3340194A0FB0254C1F3130141F43C
:100480008011C3F3130343F4801301FB024400FB08
:10049000034E840A970A44EA815447EA8357A4FB2F
:1004A000076802958D0A05FB07854FEA932C04FB2C
:1004B0000C542705029D4FEA065847EA1637B5EB5C
:1004C00008056EEB070C870E920E47EA811742EA89
:1004D0008312A7FB0201B6EB0B0164EB00042B0DAA
:1004E00043EA0C335E1844EB1C50DA465146E7FBF6
:1004F0000201C5F313044FEA0B3343EA14534FEAE6
:100500000432019C43EA0603A4F10C040294009C0B
:10051000CDE900B400F09FF803B0BDE8F08F0020F3
:100520000146F9E730B5041E71F1000404DB4FF019
:100530000044404264EB0101141E73F1000405DB2A
:100540001C464FF00043524263EB0403101A8B41E8
:1005500001D2012030BD002030BD0EB540F2334144
:1005600002910021CDE900110A460B4600F073F814
:1005700003B000BD202A04DB203A00FA02F100207B
:1005800070479140C2F1200320FA03F319439040D1
:100590007047202A04DB203A21FA02F0002170473C
:1005A00021FA02F3D040C2F12002914008431946DB
:1005B00070473A2800D2303820F02002412A01D377
:1005C000A2F13700884201D34FF0FF30704700009E
:1005D000026811441378016018467047D1600449DD
:1005E00051610449116200211161114600F0A0B867
:1005F000D105000825070008426842B1016811F8DA
:10060000013B23B1521EC0E9001218467047012178
:10061000C160881E704742685AB1C368016843B917
:1006200083688B4205D0491E521CC0E9001200208D
:1006300070474FF0FF30704710B5141E73F100047F
:1006400008DA401C41F1000192185B411A4301D1C4
:1006500020F0010010BD2DE9F04D92469B4611B1EE
:10066000B1FA81F202E0B0FA80F220329046FFF750
:1006700081FF04460F4640EA0A0041EA0B01534657
:100680005A46084313D0114653EA010019D0C8F165
:1006900040025046FFF77DFF05460E46504659463C
:1006A0004246FFF767FF084305D0012004E02046DB
:1006B0003946BDE8F08D0020054346EAE0762C433C
:1006C00037430A986305E40AA0EB08000022FD0AFC
:1006D00044EA47540A3002D500200146E9E7010503
:1006E00010196941DDE9084500196941BDE8F04D7F
:1006F000A2E700001CB50948009009480190054692
:10070000009C06E0E06840F0010394E80700984789
:100710001034AC42F6D3FFF763FD000028960008C2
:1007200048960008C0B24FF4F05100F097B90000AD
:100730002DE9F34F8BB04FF0000801F10C000C468F
:100740004FF0010B46460DF1080A01906269012144
:1007500001989047051E2DD0252D2CD0216A884761
:10076000C0B16269012101989047216A8847002839
:10077000F7D1411E62690198904700E0761CA1699B
:100780000B988847216A88470028F7D1E1690B98C0
:100790008847DBE7A1690B9888470746A84201D143
:1007A000761CD3E7E1690B9888477F1C02D1B8F12A
:1007B000000F6FD046E1002762693D463946019837
:1007C00090472A2804D162690121019890470125A8
:1007D000DFF884926269012101989047A0F130010D
:1007E0000A290AD24F45E5DC07EB870100EB4107F8
:1007F000303FDFD445F01005ECE7E90601D46FF097
:1008000000476C280AD04C2814D0682815D06A28D4
:100810000DD074281CD07A281AD01DE062690121FD
:10082000019890476C2802D045F0040514E045F08B
:1008300002050DE045F020050AE0626901210198FA
:100840009047682802D045F0080505E045F40065AA
:100850006269012101989047C4E9015765283DD09C
:1008600019DC58287AD00CDC452837D004DC252840
:1008700026D0412831D131E046282FD047282CD12D
:100880002CE05B2877D0612828D063287CD06428AE
:1008900023D15AE0D0E06F2848D008DC66281DD06C
:1008A00067281BD0692821D06E2816D127E0702830
:1008B00045D0732868D0752847D078280DD14DE0F1
:1008C000A1690B988847054625283FF469AFE1697F
:1008D0000B9888476D1C3FF46AAFB3E023466A4625
:1008E0006FF001000B99AFF300809EE045F04000EF
:1008F0006060A80723464FF0000236D43EE0E807C8
:100900007FF447AF2068011D21600068290501D5EB
:1009100006701BE7290701D5068017E7A90703D54D
:10092000F117C0E9006111E706600FE745F04000EC
:100930006060A80723464FF0080216D41EE040F678
:100940000E0125EA0100606016E045F0400060609D
:10095000A80723464FF00A0207D40FE045F04000F5
:100960006060A80708D5234610226FF001000B999C
:10097000AFF3008059E007E0234610226FF001003A
:100980000B99FFF7B7FC50E04FF000094F464B467C
:10099000632802D05B2806D040E0E80601D401209D
:1009A000A06001273AE062690121019890475E2822
:1009B00005D14FF0010962694946019890472169C4
:1009C00039B900210A46534643F82120491C082919
:1009D000FADBB0B3216969B9C11700EBD1625311D9
:1009E0000AEB830122F01F02821A01200B6890405B
:1009F00003430B6062690121019890475D28E8D1AB
:100A0000B9F1000F09D00020514651F82020D243FF
:100A100041F82020401C0828F7DB02AB2246009753
:100A20006FF001000B99AFF3008000280CDA401C36
:100A300008D1BBF1000F05D04FF0FF300DB0BDE87D
:100A4000F08FFFE74046F9E7E90701D108F1010817
:100A500006444FF0000B79E6CCCCCC0C7F2801D9B2
:100A6000002208E0064A02EB5002C007127800D1CB
:100A7000120902F00F020120904008407047000068
:100A800064950008FEE700002DE9F04F81B049F2BF
:100A90001D6440F2D40BC0F60004C2F2000B002526
:100AA0002046ABF800508BF8025008F049FD4FF497
:100AB000FA7000F0C1F9204608F042FD9BF80300EF
:100AC000012808BF8BF8035001282CD19BF8004067
:100AD0004CB39BF8016036B39BF802501DB3972CC2
:100AE00028BF972E14D2A54288BFB54276D8AE4211
:100AF00088BFA64200F28C80601B28280EDB502C99
:100B00000CD3A01B272809DD5A2001B0BDE8F08FC7
:100B1000962DE8D92D2001B0BDE8F08F322C98BF7A
:100B2000322E40F27D809FED420B49F21D6AC0F6E5
:100B3000000A002459EC100B009004E0322F98BFFB
:100B4000B8F1320F42D9504608F0FAFC9BF8030086
:100B5000012808BF8BF803400128F4D19BF80070EE
:100B6000002FF0D09BF80180B8F1000FEBD09BF87C
:100B70000250002DE7D0972F28BFB8F1970F01D36F
:100B8000962DC7D8BD4288BF454511D92846FFF7E5
:100B9000E4FC064638460C46FFF7DFFC009A4B465D
:100BA000FFF74EFC324623460024FFF7BBFC50BB48
:100BB000A84588BFB8450DD8781B2828BEDB502F24
:100BC000BCD3A7EB08002728B8DD9DE7322DBAD8A3
:100BD00029E000BFB8F1130FEED91CE02846FFF75B
:100BE000BCFC804620460F46FFF7B7FC9FED100B7C
:100BF00053EC102BFFF724FC42463B46FFF792FCD8
:100C000000283FF474AFB42001B0BDE8F08F00BFFE
:100C1000132E7FF671AF002001B0BDE8F08F00BF4A
:100C2000332DBFF480AF872001B0BDE8F08F00BF47
:100C3000333333333333FB3F70470000EFF310801F
:100C400072B600BFFEE7000040F2B410C2F200002E
:100C500000F0C2B940F21820C2F2000000F0BCB9A6
:100C6000014690F82500022828D180B50868D1E90E
:100C700010CE8A6C036823F00E030360136823F41C
:100C800080731360026822F0010202600EF01F0000
:100C9000012202FA00F0CCF80400D1E913205060E0
:100CA000486D30B1026822F480720260D1E9160208
:100CB00042600020BDE8804003E000BF0420C8631C
:100CC0000120012281F82520002281F8242070478C
:100CD00090F82510022931D180B50168D0E910CEF5
:100CE000826C0B6823F00E030B600B6823F001038A
:100CF0000B60116821F4807111600EF01F02012158
:100D000001FA02F2CCF80420D0E913325A60426DA5
:100D100032B1136823F480731360D0E91623536053
:100D200080F82510826B002180F824100AB19047CA
:100D30000021BDE880400846704700BF0421C16320
:100D40000121002280F8251080F8242008467047F1
:100D500090F824C0BCF1010F47D04FF0010C80F88F
:100D600024C090F825C0BCF1010F3BD12DE9F04122
:100D70004FF0020C80F825C04FF0000CC0F83CC0CA
:100D8000D0F800C000F14C0E9EE83040DCF8006066
:100D9000BEF1000F26F00106CCF8006065601CBFB4
:100DA000D0E916456560D0E91056012706F01F0608
:100DB000846807FA06F6D0F830806E60CCF804300C
:100DC0000B46102C04BF13460A46CCF80830CCF86A
:100DD0000C20DCF80010B8F1000F09D041F00E0132
:100DE0000EE000BF002180F824100220704700BFF1
:100DF00021F00401CCF80010DCF8001041F00A01E9
:100E0000CCF80010806C0168C90303D5016841F477
:100E100080710160BEF1000F05D0DEF8000040F4E3
:100E20008070CEF80000DCF8000040F00100CCF843
:100E300000000020BDE8F081B0B5044600F00CFDD4
:100E4000054640F20400C2F200004068611C18BF71
:100E5000044400BF00F000FD401BA042FAD3B0BD27
:100E6000704700007047000000689822402908BFC2
:100E70009022805800F00F00704700002DE9F043E9
:100E800090F85C70022F0FD104684029A44613D15A
:100E90005CF8907F3F071BD0DCF800704FF0480EE5
:100EA000FF0113D509251CE0016E41F00801016620
:100EB0000120BDE8F08300BF5CF8987F3F0707D0B2
:100EC000DCF800704FF04C0EFF0109D400240DE057
:100ED000016E41F4807101660120BDE8F08300BF1E
:100EE0000825D4F88040EC4004F00104DCF80070E0
:100EF000C7F3012707EB040C50F80E700CEBCC067F
:100F000057F8365007EBC60E15F08045556057F878
:100F1000365025F0604408BFC5F38A44146057F882
:100F2000365005F00055956057F8364004F00044FF
:100F30001461BEF80440D461BEF8064014F00F04FA
:100F4000D460DEF8044004F480145461DEF80440F8
:100F500004F4001494619EF8074004F07F041462C6
:100F6000DEF804404FEAD474546228D049F2D458D1
:100F70000024C0F6000800BF0EEB0406377A651C9B
:100F80001F55D76818F80770BD4218D2757A1F1917
:100F90007D70D56818F80590A51C4D450FD2B57A1F
:100FA000BD70D56818F80590E51C4D4507D2F57A57
:100FB0000434FD70D56818F80550AC42DCD30068E5
:100FC00040290CBFC0F894C0C0F89CC00020BDE808
:100FD000F0830000704700002DE9F04F85B0044613
:100FE0000068016D426DD0F850B0456D076D466DDB
:100FF000036D01EA02080493436D0393036D0293AA
:10100000436D0193D0F854A0D0F850905FEA496343
:1010100007D51AF0400104D0402101652046FFF7B2
:10102000D9FF0BEA050B5FEAC95008F4E0550ED56D
:101030001AF480700BD02068D0F8D810D0F8E020D7
:1010400011404FF480720265204600F01DFB3740CE
:101050000BF007062DB1206829460565204600F0F3
:1010600017FB07F038052EB120683146066520468B
:1010700000F03AFA2DB1206829460565204600F0B7
:1010800099FA5FEA895009D51AF4007006D02068F1
:101090004FF400710165204600F0FCFA5FEA096038
:1010A0000DD51AF080000AD02068D0F8D410D0F8FE
:1010B000DC20114080220265204600F0E7FA5FEA5A
:1010C000894009D51AF4005006D020684FF4005129
:1010D0000165204600F0D6FA5FEA0940DDE901101B
:1010E00000EA010509D51AF4004006D020684FF443
:1010F00000410165204600F0C3FADDE90310084015
:101100005FEA494105F460210AD51AF4804207D00C
:1011100022684FF480431365226E42F080022266FB
:1011200000F4710521B1206801652046FFF79AFEA1
:1011300025B120680565206E28432066206E28B101
:10114000204605B0BDE8F04FFFF78ABE05B0BDE808
:10115000F08F0000002804BF01207047F0B581B077
:10116000044690F85C0028B9002084F85D00204611
:1011700000F024F92068816921F01001816100F0FC
:101180006BFB054620688169090705D500F064FB03
:10119000401B0B28F6D310E0816941F00101816109
:1011A00000F05AFB054600BF20688169C9070FD1CE
:1011B00000F052FB401B0B28F6D3206E032140F0B9
:1011C00001002066012084F85C1001B0F0BD00BF72
:1011D000826946F2004CC4F2000C42F00202604503
:1011E000826102D16268CCF80021227C8369012AE5
:1011F00023F0400318BF40338361627C8369012A76
:1012000023F4804308BF03F580438361A27C836994
:10121000012A23F4805318BF03F580538361856945
:10122000D4E902E325F4407545EA0E058561856938
:1012300025F0A4058561056925F0100505619BB1C0
:10124000012B0DD0022B09D08569032B45F08005B9
:101250008561056945F01005056105D1202300E091
:10126000042385692B43836104F114052ACD226A86
:101270006FF0FF075E1E07EB052545EA4665013A5C
:101280002A430025CFF6FF7505EB01411143BEF55A
:10129000407FC16110D104F1240646CE236B013A90
:1012A00007EB06273A436FF00F0707EB03131A43C8
:1012B00005EB01411143C160D4E90D13E26BD0F895
:1012C000C0704AF250763A43C0F8C0200CF58067EF
:1012D0000CF58042B84204BF4AF25072C4F20002D8
:1012E0000CF50067C4F20006B84208BF06F5547258
:1012F0002264D0F8807027F4F81747EA0141C0F85B
:10130000801002F170016164D0F8801021F07061EA
:1013100041EA0361C0F8801002F1B000A06402F558
:10132000C470E06402F51870206502F51E706065F7
:1013300002F55470002100BFC2E90011C2E9021198
:10134000C2E90411C2E90611C2E90811C2E90A1191
:10135000C2E90C11C2E90E11C2E91011C2E9121161
:10136000C2E91411C2E91611C2E91811C2E91A1131
:10137000C2E91C11C2E91E11C2E92011C2E9221101
:10138000C2E92411C2E92611C2E92811C2E92A11D1
:10139000C2E92C11C2E92E11C2E93011C2E93211A1
:1013A000C2F8D010D4328242C6D300200121A065F9
:1013B000206684F85C1001B0F0BD000010B59CB050
:1013C000044600201B90CDE91900CDE9170002A8C2
:1013D0005421FEF767FF206846F60001C4F20001C1
:1013E000884239D046F20041C4F20001884278D1E7
:1013F0004FF4805002904FF00070109002A801F05E
:101400005DF8002818BFFFF719FC40F2A011C2F2E6
:1014100000010A6841F24C00C4F20200531C0B6048
:1014200042B9C16841F00071C160C16801F000714A
:10143000019101990168152441F0080101600068DB
:10144000032100F008000190019840F20040C4F62A
:10145000000000F5006031E04FF4805002904FF042
:101460000070109002A801F029F8002818BFFFF7BB
:10147000E5FB40F2A011C2F200010A6841F24C0003
:10148000C4F20200531C0B6042B9C16841F0007104
:10149000C160C16801F00071019101990168572490
:1014A00041F00201016000684FF4405100F0020079
:1014B0000190019840F20040C4F60000179102210B
:1014C00018910021CDE9191109211B9117A900F0EC
:1014D000E3F820460521002200F0D2FD204600F06E
:1014E000BDFD1CB010BD00002DE9F04782B04021C9
:1014F0000446FFF7B9FC002859D040F2580AC2F25E
:10150000000A0AF10409E84606E000BF204640212F
:10151000FFF7AAFC00284AD0204640214A4643460D
:10152000FFF7ACFC9AF800000028EFD0DAF80C10B6
:10153000C0F1000CA0F1010E002502E00435A84224
:10154000E4D00AEB8506F76A3A68A24202D1FA6B48
:1015500091421CD0AE45D9D0376B3A68A24202D135
:10156000FA6B914213D00CEB0502971CCED0776B2F
:101570003B68A34202D1FB6B994208D00332C5D02D
:10158000B76B3A68A242D9D1FA6B9142D6D1D7F85B
:10159000410060B1DAF8102007F13400694687F89D
:1015A0004020FEF766FED7F841103846884702B063
:1015B000BDE8F0872DE9F04782B041210446FFF7EE
:1015C00053FC002859D040F2580AC2F2000A0AF12E
:1015D0000409E84606E000BF20464121FFF744FC2D
:1015E00000284AD0204641214A464346FFF746FCA0
:1015F0009AF800000028EFD0DAF80C10C0F1000CC7
:10160000A0F1010E002502E00435A842E4D00AEB67
:101610008506F76A3A68A24202D1FA6B91421CD061
:10162000AE45D9D0376B3A68A24202D1FA6B9142EB
:1016300013D00CEB0502971CCED0776B3B68A3420E
:1016400002D1FB6B994208D00332C5D0B76B3A6820
:10165000A242D9D1FA6B9142D6D1D7F8410060B1FC
:10166000DAF8102007F13400694687F84020FEF7C9
:1016700000FED7F841103846884702B0BDE8F08731
:10168000704700007047000070470000704700007E
:1016900070470000704700002DE9F04F83B00E68DE
:1016A000002E00F0CF8000F1200241F2004C0092A9
:1016B00000F13847C4F6000C06224FEAB725604512
:1016C00008BF0522052D38BF4FEAB72200250027A5
:1016D0004FF0000801920AE00E6808F1010836FA9E
:1016E00008F207F1020705F1040500F0AB800122C2
:1016F00002FA08FE16EA0E09EED0D1F804C0032261
:101700000CF0030BABF1010602FA07F4012E6FEAAD
:10171000040A11D88468CE6804EA0A04BE4034433F
:101720008460446824EA0E06CCF3001404FA08F43A
:101730002643466006E000BFBBF1030F02D14FF025
:10174000030B21E0C6688C6806EA0A06BC40264303
:10175000BBF1020FC66017D16FF00302009B02EAD3
:10176000580605F01C020F2453F806C004FA02FEC6
:101770000C692CEA0E0C04FA02F242EA0C029A51AD
:10178000D1F804C00CF0030B02680BFA07F302EA6D
:101790000A021A431CF4403F02609DD041F26003EC
:1017A000C4F202031A6840F2004E42F001021A60CD
:1017B0001A68C4F2010E02F001020292029A28F0A5
:1017C00003024FF6084C7244CFF6FF7C52F80C30FF
:1017D00005F00C060F24B440A343019C04FA06F65E
:1017E000334342F80C30DEF808204B6842EA090621
:1017F00040F20C4CDC0258BF22EA0906CEF8086021
:10180000C4F2010CDCF800209C0242EA090658BF31
:1018100022EA0906CCF80060DEF804209C0342EAC4
:10182000090658BF22EA0906CEF80460DEF8002057
:10183000DB0342EA090658BF22EA0906CEF8006037
:101840004AE700BF03B0BDE8F08F00001823002A6C
:1018500008BF2823C150704744F63020C2F2000070
:101860000068704790F84120202A03D190F840206A
:10187000012A01D102207047242280F84120026809
:10188000136823F001031360136823F4805313607B
:10189000136819431160116841F0010111602021A2
:1018A00080F84110002180F84010002070470000AF
:1018B00090F84120202A03D190F84020012A01D13C
:1018C00002207047242280F841200268136823F028
:1018D00001031360136823F4706343EA012111606C
:1018E000116841F001011160202180F841100021B0
:1018F00080F8401000207047002804BF0120704786
:1019000010B590F8411031B9002180F8401004461C
:1019100000F08AFA2046242180F8411090E8121045
:10192000C3680A68012B22F001020A6024F0706289
:101930000A618A6822F400428A6003D14CF40042B2
:101940008A6009E04CF40442022B8A6004D14A68A0
:1019500042F4006203E000BF4A6822F400624A6079
:101960004A6800F1100C42F0007242F400424A60F2
:10197000CA6822F40042CA609CE81C101A4342EA7A
:101980000422CA60026A42EA0C020A600A6842F053
:1019900001020A6000212022416480F84120016395
:1019A00080F84210002010BD2DE9F04F83B00446AE
:1019B00090F84100202807D10C9F4FB10D9E3EB1F9
:1019C00094F8400001280BD1022003B0BDE8F08F4D
:1019D0004FF400706064012003B0BDE8F08F00BFD9
:1019E00001209A469346884684F84000FFF734FF6A
:1019F000216805468A6912044BD4222084F84100EC
:101A000040204FF0000984F84200C4F84490676217
:101A10006685C4F8349049F600034A68CFF600435F
:101A20006FF39F285FFA8AF048EA00401A40DDF819
:101A300038C0104400F50050CDF8088048602046BA
:101A400061462A461E46674603F0ACFEC0B92068D0
:101A5000BAF1010F09D04FEA1B21816220463946B5
:101A60002A4603F09FFE58B920685FFA8BF1816225
:101A70002046402100223B46009503F0E3FD48B399
:101A800084F84090012003B0BDE8F08F886900041D
:101A9000B3D5204619212A4603F026FD00289AD105
:101AA000FFF7DAFE401B21681A28EFD3886900048B
:101AB000ECD5606C40F020006064202084F8410088
:101AC000002084F8420084F84000012003B0BDE803
:101AD000F08F00BF608D40F20009B0F5807FC0F24A
:101AE000FF1909D3206809F5105350F8041F4FF06F
:101AF000FF0C01EA06020BE0B4F82AC020685FFA86
:101B00008CF350F8042F324042EA034209F5923335
:101B100002991A430A434FF0FF0B06F580680260F2
:101B2000A4F828C012E000BF618D2068218550F81C
:101B3000042FC9B202EA080242EA01414FF00072E2
:101B4000029B114319430160608D98B32046042124
:101B500000223B46009503F075FD00287FF43BAF63
:101B60002068616A406A0870606A218D0130606295
:101B7000481E2085618D01396185618D0029E3D082
:101B80000004E1D12046802100223B46009503F06D
:101B900059FD00287FF41FAF608DB0F5807FC3D35F
:101BA0002068A4F828B050F8041F4A4601EA08014A
:101BB000C6E700BF204639462A4603F0B5FD002897
:101BC0007FF409AF20682021C16142684EF600030E
:101BD000CFF600631A404260002084F8411084F878
:101BE000420084F8400003B0BDE8F08F2DE9F04FCB
:101BF00081B0044690F84100202807D10A9F4FB1D8
:101C00000B9E3EB194F8400001280BD1022001B098
:101C1000BDE8F08F4FF400706064012001B0BDE8B2
:101C2000F08F00BF01209A4691468B4684F8400011
:101C3000FFF712FE216805468A6912044DD421205F
:101C40000C9A84F8410040204FF0000849F6004308
:101C500084F84200C4F8448067626685C4F8348022
:101C6000CFF600436FF39F2B5FFA8AF017464A685E
:101C70005E464BEA00409B46A3F580631A40104441
:101C800040F0807040F400504860204639462A46B3
:101C900003F088FDC0B92068BAF1010F09D04FEAFE
:101CA00019218162204639462A4603F07BFD58B946
:101CB00020685FFA89F181622046802100223B463C
:101CC000009503F0BFFC48B384F84080012001B0C8
:101CD000BDE8F08F88690004B1D5204619212A4655
:101CE00003F002FC002898D1FFF7B6FD401B2168E5
:101CF0001A28EFD388690004ECD5606C40F020000E
:101D00006064202084F84100002084F8420084F8B8
:101D10004000012001B0BDE8F08F00BF608D40F2AF
:101D20000009B0F5807FC0F2FF1909D320684FF099
:101D3000FF0C50F8041F4B4601EA0B020DE000BFF8
:101D4000B4F82AC020685FFA8CF350F8042F02EA36
:101D50000B0242EA03424FF000731A4332434FF042
:101D6000FF0831460260A4F828C011E0618D2068A8
:101D7000218550F8042FC9B202EA0B0242EA014160
:101D80004FF000721143314333460160608D78B3E8
:101D9000204639462A4603F005FD00287FF43DAF72
:101DA000606A216810F8012B8A626062608D0138D8
:101DB0006085208D01382085618D0029E6D00004E2
:101DC000E4D12046802100223B46009503F03AFCF6
:101DD00000287FF422AF608DB0F5807FC6D32068E5
:101DE000A4F8288050F8041F4A4601EA0B01C9E70D
:101DF000204639462A4603F097FC00287FF40DAFB1
:101E000020682021C16142684EF60003CFF60063CE
:101E10001A404260002084F8411084F8420084F89F
:101E2000400001B0BDE8F08F10B59CB00446002022
:101E30001B90CDE91900CDE9170002A85421FEF747
:101E400031FA206848F20041C4F20001884269D0AA
:101E500047F60001C4F20001884233D045F6000184
:101E6000C4F20001884240F08D808020029002A8D8
:101E700000F024FB002818BFFEF7E0FE41F24C04FE
:101E8000C4F20204206817A940F001002060206815
:101E900000F00100019001984FF44070179012205B
:101EA00018900020CDE9190004201B904FF09040BD
:101EB000FFF7F2FBE06840F48000E060E06800F4C7
:101EC00080005DE04FF48070029002A800F0F6FA06
:101ED000002818BFFEF7B2FE41F24C04C4F202041F
:101EE000206817A940F004002060206800F004007A
:101EF000019001984FF44070179012201890002024
:101F0000CDE9190008201B9040F60000C4F600003F
:101F1000FFF7C2FBE06840F08040E060E06800F05E
:101F200080402DE04FF40030029002A800F0C6FA85
:101F3000002818BFFEF782FE41F24C04C4F20204EE
:101F4000206817A940F004002060206800F0040019
:101F500001900198C0201790122018900020CDE920
:101F6000190008201B9040F60000C4F60000FFF79F
:101F700093FB206940F002002061206900F002001C
:101F8000019001981CB010BD40F2040044F63021CD
:101F9000C2F20000C2F2000140680A681044086002
:101FA0007047000080B5032000F096F80F2000F085
:101FB00009F800281CBF012080BD00F02BF800208C
:101FC00080BD0000B0B540F20405C2F200056968AA
:101FD000F1B1044640F20C00C2F200004FF47A72F4
:101FE0000068B2FBF1F1B0FBF1F001F077F90146C6
:101FF0000F2C4FF001000AD8002918BFB0BD4FF0D8
:10200000FF302146002200F03BF800202C60B0BDDC
:102010000120B0BD80B582B041F25800C4F2020088
:102020008168002241F001018160816801F00101B5
:1020300001910199016841F08051016000680F2110
:1020400000F08050009000986FF0010000F018F848
:1020500002B0BDE8804000F027BA0000002848BF69
:10206000704700F01F01012202FA01F11C2202EA6E
:10207000D0004EF20012CEF20002815070470000F4
:1020800010B54EF60C5CCEF2000CDCF80030C3F359
:10209000022E8EF00704042C28BF0424BEF1030393
:1020A0004FF0FF3E0EFA04F438BF0023A1439940DD
:1020B0000EFA03F39A43114300F00F0200F160435C
:1020C0000901043A03F564436244002848BF02F161
:1020D0000C03197010BD00004EF60C51CEF2000139
:1020E0000A684FF6FF031A4060F30A2242F080604C
:1020F00040F0FD700860704701220168C0F8D022EE
:10210000002280F8C822B1F8540040F00100A1F884
:102110005400B1F8540040F002020020A1F854200D
:1021200070470000002804BF01207047F0B581B05F
:10213000044690F8910228B9002084F890022046C5
:1021400000F0FEF8032084F89102206806F0ACF855
:1021500094F804E0BEF1000F00F0E0800EF0030CF4
:10216000BEF1040F4FF0000238D30EF0FC03A4F1CF
:10217000A0000321012500BFCE1E80F8B0608E1E96
:1021800080F8D8604E1E80F8006180F828110E1D7E
:10219000013180F8B15080F8B320C0E93022C0F896
:1021A000C82080F8D95080F8DB20C0E93A22C0F876
:1021B000F02080F8015180F80321C0E94422C0F8E2
:1021C000182180F8295180F82B21C0E94E22C0F84F
:1021D0004021A03099423146CED1F21EBCF1000F11
:1021E0002ED004F1100002EB820100EBC1050123A7
:1021F00000F831200021BCF1010F6B70E970C5E9D6
:102200000411A9611CD0551C05EB850600EBC6071F
:10221000BCF1020F7B7000F83650F970C7E9041169
:10222000B9610DD0911C01EB810200EBC2030125C5
:1022300000F8321000205D70D870C3E90400986186
:10224000BEF1000F6AD0BEF1040F4FF0000235D38B
:102250000EF0FC0003212346CF1E83F850718F1E21
:1022600083F878714F1E83F8C8110D1D013183F872
:10227000512183F85321C3E95822C3F8682183F818
:10228000792183F87B21C3E96222C3F8902183F886
:10229000A12183F8A07183F8A321C3E96C22C3F8BC
:1022A000B82183F8C92183F8CB21C3E97622C3F88A
:1022B000E021A03381422946CED1EA1EBCF1000FB5
:1022C0002CD004F5A87002EB820300EBC3070021B9
:1022D000BCF1010F797000F83320F970C7E90411DF
:1022E000B9611BD0531C03EB830700EBC706BCF19D
:1022F000020F717000F83730F170C6E90411B16156
:102300000CD0911C01EB810200EBC20300275F702F
:1023100000F83210DF70C3E904779F6194E807008A
:1023200005F0B4FF00200121207384F89112A17AF6
:10233000012903D12046FFF7DFFE002001B0F0BDE8
:1023400010B596B0044601A804305021FDF7AAFF4D
:10235000206845F60041C4F20001884202D016B060
:1023600010BD00BF4FF40050019001A800F0A6F886
:10237000002818BFFEF762FC41F25800C4F20200C8
:10238000016841F400010160006800F40000009061
:10239000009816B010BD000047F21401C4F200010D
:1023A00051F8142CB0F5007F3CD0002874D1C86ED1
:1023B00002F4C06220F48070B2F5806FC8662FD13D
:1023C00051F8140C012262F34A2041F8140C40F237
:1023D0000C00C2F200000068322250434DF68362C6
:1023E000C4F21B32A0FB0202900C00BF0A68520527
:1023F00011D5421C0FD00A6852050CD558B10A6895
:10240000520508D5012806D00A68520503D50228CE
:10241000A0F10400EAD10868400544BF03207047DA
:1024200000207047C86E02F4C06240F48070B2F5BC
:10243000806FC866F4D151F8140C012262F34A206F
:1024400041F8140C40F20C00C2F200000068322285
:1024500050434DF68362C4F21B32A0FB0202900C83
:102460000A68520511D5421C0FD00A6852050CD5D6
:1024700058B10A68520508D5012806D00A685205E5
:1024800003D50228A0F10400EAD10868400544BF42
:1024900003207047C4E700BF022060F34A2241F8DE
:1024A000142C00207047000047F20800C4F200001E
:1024B000016841F480410160704700002DE9F0415E
:1024C00082B00446807841F288060007C4F2020612
:1024D00002D400202FE000BF56F8300C5FEAC0089D
:1024E0000BD456F8300C40F0805046F8300C56F8BB
:1024F000300C00F080500190019847F20007C4F2C0
:102500000007386840F480703860FFF7A5F9054689
:102510003868C00500F10C81FFF79EF9401B0228C6
:10252000F6D90320B8F1000F05D456F8301C21F07D
:10253000805146F8301C2168CA0717D18A071DD47C
:102540004A0723D40A0729D4CA062FD48A0635D4C9
:102550004A063BD40A0641D4CA0547D48A034DD45F
:102560008A0553D44A0559D467E000BF32686368CE
:1025700022F003021A4332608A07E1D53268A36869
:1025800022F00C021A4332604A07DBD53268E36856
:1025900022F030021A4332600A07D5D53268236927
:1025A00022F0C0021A433260CA06CFD5326863698E
:1025B00022F440721A4332608A06C9D53268A36990
:1025C00022F440621A4332604A06C3D53268E36996
:1025D00022F440521A4332600A06BDD53268236A9B
:1025E00022F440421A433260CA05B7D53268636AA2
:1025F00022F440321A4332608A03B1D57269A36A69
:1026000022F003021A4372618A05ABD53268E36A8D
:1026100022F440221A4332604A050ED53268236BF9
:1026200022F440121A43B3F5801F326005D156F8E8
:102630007C2C42F4801246F87C2C0A050ED53268B8
:10264000636B22F440021A43B3F5800F326005D168
:1026500056F87C2C42F4801246F87C2CCA040ED525
:102660003268A36B22F040721A43B3F1807F32606C
:1026700005D156F87C2C42F4801246F87C2C8A0452
:102680000ED53268E36B22F040621A43B3F1006F5B
:10269000326005D156F87C2C42F4801246F87C2C2E
:1026A0004A040ED53268236C22F040621A43B3F11B
:1026B000006F326005D156F87C2C42F4801246F847
:1026C0007C2C0A040ED53268636C22F040521A4307
:1026D000B3F1805F326005D156F87C2C42F4803231
:1026E00046F87C2CCA030ED53268A36C22F0404217
:1026F0001A43B3F1804F326005D156F87C2C42F476
:10270000803246F87C2C49030ED57169E26C21F4C5
:1027100040111143B2F5001F716105D156F87C1CC0
:1027200041F4801146F87C1C02B0BDE8F08100BF86
:10273000B06810F4407010D0216D88420BD0B068A2
:10274000B16820F4407041F48031B160B16821F487
:102750008031B160B060C0070CD1B068216D20F449
:1027600040700843B0600020B8F1000F3FF5E3AEC1
:10277000DBE600BFFFF770F8054641F2883700BF7F
:10278000B0688007E9D4FFF767F8401BB842F7D973
:10279000C7E600002DE9F047002863D042F2000AA6
:1027A000C4F2020A0446DAF800000D4600F00F00F9
:1027B00088420CD2DAF8000020F00F002843CAF853
:1027C0000000DAF8000000F00F00A8424AD12168AA
:1027D00041F20808C807C4F2020803D1880740F193
:1027E000D080B5E0606858F8082C022838D003285B
:1027F0003CD1920136D5D8F80420D8F8043042F202
:102800000046C3F3031302F00302D8F80470013347
:10281000C0F2F406032A04BF43F20066C0F26E164B
:10282000B6FBF3F2D8F80430C7F306277A43C3F3B4
:102830004163022707EB4303B2FBF3F24BF2004381
:10284000C0F2C4439A4259D9D8F8002012F0F00FD0
:1028500049D0890752D5A16800294FD143E000BF74
:10286000910305D40120BDE8F08700BF5105F9D5DB
:10287000D8F8001001F00C0104293FD0D8F800105E
:1028800001F00C01082939D0D8F8001001F00C0132
:102890000C2933D1D8F80410D8F8042042F20047AC
:1028A000C2F3031201F00301D8F804300132C0F280
:1028B000F407032904BF43F20067C0F26E17B7FBA9
:1028C000F2F1D8F80420C3F306235943C2F341625E
:1028D000022303EB4202B1FBF2F14BF20042C0F2E1
:1028E000C44291420AD9D8F80010082262F30711B5
:1028F0004FF00109C8F8001002E000BF4FF00009D6
:10290000D8F8001021F003010843C8F80000FEF7D2
:10291000A3FF064641F28837D8F80000616800F04E
:102920000C00B0EB810F07D0FEF796FF801BB8427A
:10293000F2D90320BDE8F0872168880708D4B9F1EF
:10294000000F1ED0D8F8000020F0F00017E000BF04
:10295000480705D5D8F8000040F4E060C8F800004A
:10296000080706D5D8F80000072262F30D20C8F842
:102970000000D8F80000A26820F0F0001043C8F86A
:102980000000DAF8000000F00F00A8421BD9DAF8C6
:10299000000020F00F002843CAF80000FEF75CFF9B
:1029A000064641F2883700BFDAF8000000F00F0059
:1029B000A84207D0FEF750FF801BB842F4D903208D
:1029C000BDE8F0872168480707D5D8F80000E2681D
:1029D00020F4E0601043C8F80000080708D5D8F8D4
:1029E0000000216920F4605040EAC100C8F80000EE
:1029F000D8F8000042F20041C0F2F40100F00C00EF
:102A0000042808462DD0D8F8000000F00C00082853
:102A100043F20060C0F26E1023D0D8F8002002F01C
:102A20000C020C2A1CD1D8F80420D8F8043002F08B
:102A30000302C3F30313D8F804700133032A08BF59
:102A40000146B1FBF3F0D8F80410C7F30627C1F331
:102A500041610222784302EB4101B0FBF1F000E05A
:102A60000020D8F8001049F2A452C1F30311C0F6B7
:102A70000002515C40F20C0201F01F0120FA01F14A
:102A800040F20400C2F200000068C2F200021160CD
:102A9000BDE8F047FFF796BA40F20C0041F208019A
:102AA000C2F20000C4F202010068096849F2B4529F
:102AB000C1F30221C0F60002515C01F01F01C840C1
:102AC0007047000040F20C0041F20801C2F2000021
:102AD000C4F202010068096849F2B452C1F3C2218C
:102AE000C0F60002515C01F01F01C84070470000B1
:102AF00041F20C01C4F2020151F8040C42F200420E
:102B0000C0F2F40200F00C000428104608BF704721
:102B100051F8040C00F00C00082843F20060C0F2E9
:102B20006E1025D051F8043C03F00C030C2B1CBF95
:102B30000020704780B5D1F800C00B680CF0030C82
:102B4000C3F3031E0B680EF1010EBCF1030F08BFA7
:102B500002460968B2FBFEF0C3F30623C1F34161EC
:102B60000222584302EB4101B0FBF1F0BDE8804086
:102B700070470000002804BF012070472DE9F04194
:102B800082B00446007841F20006C007C4F2020693
:102B90001ED1207880073DD42078000764D42078A7
:102BA000400700F187802078800600F1D980E56930
:102BB000002D00F04282B06800F00C000C2840F0BC
:102BC0003181012D40F08E81012002B0BDE8F081FD
:102BD000B06800F00C01F068082961D0032281F090
:102BE0000C0122EA00000844B0FA80F0400957D1F5
:102BF00061683068B1F5803F07D0B1F5A02F40F093
:102C0000E38040F480203060306840F480303060F1
:102C1000E4E000BFB068F16800F00C00042871D057
:102C200001F0030180F00C0081F002010844B0FAC9
:102C300080F0400966D1E1683068002900F0E0804A
:102C400040F480703060FEF707FE054630684005AE
:102C500000F10A81FEF700FE401B0228F6D903208E
:102C600002B0BDE8F08100BF6169D6F89400002988
:102C700000F0948040F00100C6F89400FEF7ECFDEF
:102C8000054600BFD6F8940080073FF588AFFEF7F1
:102C9000E3FD401B0228F5D9032002B0BDE8F08116
:102CA000306880037FF575AF606800287FF471AFEE
:102CB0003EE000BFB06D5FEAC00808D4B06D40F0E0
:102CC0008050B065B06D00F080500190019847F2DF
:102CD0000007C4F200073868C0052DD4386840F4F6
:102CE00080703860FEF7B8FD054600BF3868C00543
:102CF00022D4FEF7B1FD401B0228F7D9032002B011
:102D0000BDE8F0813068400501D5E06880B17068A9
:102D1000216920F0FE4040EA0160706040F204004A
:102D2000C2F200000068FFF74DF900283FF434AF0D
:102D3000012002B0BDE8F081A168D6F89000012919
:102D400008D0052940F0AE8040F00400C6F890009D
:102D5000D6F8900040F00100C6F89000AEE000BF49
:102D6000A169D6F89800002900F0868040F00100A3
:102D7000C6F89800FEF770FD054600BFD6F898002B
:102D800080073FF514AFFEF767FD401B02284FF0A8
:102D90000300F3D902B0BDE8F08100BF20F00100CC
:102DA000C6F89400FEF758FD054600BFD6F894001B
:102DB00080077FF5F4AEFEF74FFD401B0228F5D9E2
:102DC000032002B0BDE8F08120F48030306030682C
:102DD000002920F48020306000F0BE80FEF73CFD2A
:102DE000054600BF306880033FF5D3AEFEF734FDE3
:102DF000401B6428F6D9032002B0BDE8F08100BF73
:102E000020F480703060FEF727FD054630684005ED
:102E10007FF5C2AEFEF720FD401B02284FF00300F5
:102E2000F4D9B7E7306820F080703060FEF714FD09
:102E3000022D05460CD100BF3068800140F1B880FA
:102E4000FEF70AFD401B02284FF00300F4D9A1E76A
:102E50003068800140F1EA80FEF7FEFC401B02284A
:102E60004FF00300F4D995E77068216920F0FE4027
:102E700040EA016070608FE620F00100C6F898001B
:102E8000FEF7EAFC054600BFD6F8980080077FF5FC
:102E90008EAEFEF7E1FC401B02284FF00300F3D991
:102EA00078E700BF20F00100C6F89000D6F8900047
:102EB000002920F00400C6F890005DD0FEF7CCFC9D
:102EC000054641F2883700BFD6F89000800765D4E8
:102ED000FEF7C2FC401BB842F6D9032002B0BDE8A1
:102EE000F08100BFF068216A00F003028A427FF49B
:102EF0001FAF626A6FF00F0300F0F00103EB0212E4
:102F000091427FF415AFA16A00F4FE42B2EB012FAB
:102F10007FF40EAFE16A00F07842B2EBC16F7FF44C
:102F200007AF226B0023CFF6E07303EA025200F4EE
:102F3000C001A2F5001291427FF4FAAE616B4FF02E
:102F40007E4202EA016100F0C06001F17E418842E8
:102F50007FF4EEAE71E000BFFEF77EFC054600BFD9
:102F6000306880037FF515AEFEF776FC401B6428C1
:102F70004FF00300F4D90DE7FEF76EFC054641F271
:102F8000883700BFD6F89000800707D5FEF764FCAD
:102F9000401BB8424FF00300F4D9FBE6B8F1000F34
:102FA0003FF501AEB06D20F08050B065FBE500BF8D
:102FB000F06848F20C01C0F29F1104F1200700EA0A
:102FC000010C8ECF6FF00F00D4E90C5400EB02100F
:102FD0000022CFF6E07241EA0C0102EA05520843F2
:102FE000A2F500124FF07E4540EA032005EA046591
:102FF000104305F17E4540EAC7602843F060306821
:1030000040F080703060F06840F08070F060FEF753
:1030100023FC0446306880010FD4FEF71DFC001B22
:1030200002284FF00300F5D9B4E600BFF0684FF670
:10303000FC71CFF6EE610840F060002002B0BDE800
:10304000F0810000002804BF01207047416A19B1D7
:1030500000210161142104E04168B1F5827F02D0B2
:103060001C2100224250B0B50025856290F85D1009
:1030700029B980F85C50044600F056F82046022139
:1030800080F85D100168D0F80CE00B68BEF5E06FC9
:1030900023F040030B6098BF01254EF40063B3F5A5
:1030A000706F4FEA053C1CBF00258562D0E90154D2
:1030B000D0E9043205F4827504F404442C4403F08E
:1030C00002032344846902F00102C5691A4404F42E
:1030D00000731A4405F03803056A1A4405F08003AA
:1030E000856A1A4405F400531A430A600422436AAD
:1030F0000EF4706502EA1442446B45EA0C0503F0D5
:1031000010032A4304F008041A4322434A60CA69A0
:1031100022F40062CA6100210122016680F85D206C
:10312000BDE8B04008467047F0B587B0006842F689
:10313000FF71C4F2010188424FF000010691CDE910
:103140000411CDE9021133DC43F60001C4F20001A1
:1031500088425DD043F60041C4F20001884240F04D
:10316000BA8041F24C00C4F20200C16841F400414F
:10317000C160C16801F4004101910199016841F009
:1031800004010160006800F00400019001984FF410
:10319000E0500290022003900020CDE904000620B8
:1031A000069040F20040C4F6000000F580608FE019
:1031B00043F60041C4F20101884263D043F20001AA
:1031C000C4F20101884240F0868041F24C00C4F212
:1031D0000200416941F480514161416901F480512B
:1031E00001910199016841F001010160006800F05E
:1031F000010001900198E02002900220039000203D
:10320000CDE90400052006904FF0904060E000BF3B
:1032100041F24C00C4F20200C16840F2004741F4A0
:103220008041C160C168C4F6000701F4804101918A
:1032300001990168022441F0200101600168002524
:1032400001F02001019101990168052641F0020178
:103250000160006802A900F00200019001984FF49B
:103260008060029007F580500394CDE904550696DE
:10327000FEF712FA4FF4004102AA384632C2CDE9F5
:10328000055625E041F24C00C4F20200416941F4C8
:1032900000414161416901F40041019101990168D6
:1032A00041F010010160006800F0100001900198E9
:1032B0004FF4E0400290022003900020CDE904008A
:1032C0000520069040F20040C4F6000000F5406082
:1032D00002A9FEF7E1F907B0F0BD0000411E002091
:1032E000B0EB116F1CBF012070474EF21002CEF2FE
:1032F000000251604EF62351CEF20001F0230B7014
:10330000072190601160704770470000704700000F
:103310007047000090F83C20012A04BF022070474B
:10332000B0B5D1E90232D1E900CE22F47C5223F4C7
:10333000705343EA020448F2FF73CEF6F0730EEACC
:103340000302224303F5006404EA0C0442EA040C7D
:103350000C6903F5C05222404C6942EA0C02224338
:1033600003F5605422400C6B03F5F04323401A43ED
:103370008B6940F2000CCC69CEF6FF7C0CEA034C62
:103380001443026842F60043C4F201039A4244EA3D
:103390000C030BD045F20004C4F20104A24205D094
:1033A00043F20044C4F20104A24217D14FF6FF7465
:1033B000CDF60F4403EA040ED1E9084CD1E90A31F5
:1033C0000025CDF6F04505EA035343EA0E0324F049
:1033D00008552B432CF000552B430B43002153641D
:1033E00080F83C100020B0BD70470000704700001E
:1033F0007047000090F83C20012A4FF0020266D08E
:1034000070B580F83D20026842F6004C546893681D
:10341000C4F2010C45F2000E6245C4F2010E18BF61
:1034200072452BD14D6824F470042C434FF68F75F0
:10343000CFF6FF550E682C4042F6FF35C4F2010569
:103440003443AA4254600DDC40F2FF76C4F2000619
:10345000B2421BDCB2F1804F2CD040F20046C4F2E5
:10346000000625E043F6FF74C4F20104A24219DC11
:1034700062451FD043F2004618E000BF43F200450A
:10348000C4F20105AA42CDD0D0E700BF40F6000645
:10349000C4F20006B2420DD040F60046C4F2000667
:1034A00006E000BF724505D044F20006C4F20106F2
:1034B000B24204D1896823F080031943916001214D
:1034C000002280F83D1080F83C20BDE87040104696
:1034D0007047000070470000002804BF01207047BB
:1034E00010B5044690F83D0028B9002084F83C004F
:1034F000204600F023F8022084F83D002068211DBA
:1035000003F092F9012084F8480084F83E0084F822
:103510003F0084F8400084F8410084F8420084F8B9
:10352000430084F8440084F8450084F8460084F899
:10353000470084F83D00002010BD000080B582B037
:10354000006843F6FF71C4F2010188422ADD44F2AB
:10355000FF71C4F20101884256DC44F20001C4F25A
:103560000101884278D044F20041C4F2010188424E
:1035700040F0B28041F26000C4F202000168002213
:1035800041F4003101600068052100F40030019031
:1035900001981920FEF774FD192002B0BDE88040A3
:1035A000FEF75CBD41F20001C4F20001884243D045
:1035B00041F20041C4F20001884200F07D8042F6F1
:1035C0000041C4F20101884240F0868041F260006F
:1035D000C4F202000168002241F400610160006849
:1035E000052100F40060019001981820FEF748FDC5
:1035F0001820FEF733FD192005210022FEF740FDBB
:103600001920FEF72BFD4CE044F60001C4F2010145
:10361000884239D045F20001C4F2010188425BD1F1
:1036200041F26000C4F20200016841F480110160BF
:10363000006800F480104DE041F26000C4F2020026
:1036400050F8081C41F0100140F8081C50F8080C14
:1036500000F010003EE000BF41F26000C4F2020042
:103660000168002241F4803101600068052100F406
:103670008030019001981820FEF702FD182002B05A
:10368000BDE88040FEF7EABC41F26000C4F20200EF
:10369000016841F480210160006800F480200190FD
:1036A00001981A2005210022FEF7EAFC1A2002B038
:1036B000BDE88040FEF7D2BC41F26000C4F20200D7
:1036C00050F8081C41F0200140F8081C50F8080C84
:1036D00000F020000190019802B080BD90F83D10EC
:1036E000012917D1022180F83D10016842F6FF3010
:1036F000C4F2010081420FDC40F2FF70C4F200000E
:10370000814219DCB1F1804F2ED040F20040C4F26A
:10371000000027E00120704743F6FF70C4F201006B
:10372000814215DC42F60040C4F2010081421BD008
:1037300043F2004014E000BF40F60000C4F2000075
:10374000814211D040F60040C4F200000AE000BF00
:1037500045F20000C4F20100814205D044F20000AD
:10376000C4F2010081420CD188680722C0F2010234
:103770000240062A4FF00000CDD0B2F5803F08BFCE
:103780007047086840F001000860002070470000A2
:1037900090F83D1001291BD1022180F83D100168ED
:1037A00042F6FF32C868C4F20102914240F00100C3
:1037B000C8600FDC40F2FF70C4F20000814219DCE7
:1037C000B1F1804F2ED040F20040C4F2000027E05B
:1037D0000120704743F6FF70C4F20100814215DCFE
:1037E00042F60040C4F2010081421BD043F2004087
:1037F00014E000BF40F60000C4F20000814211D086
:1038000040F60040C4F200000AE000BF45F20000AC
:10381000C4F20100814205D044F20000C4F201006C
:1038200081420CD188680722C0F201020240062AB8
:103830004FF00000CDD0B2F5803F08BF7047086858
:1038400040F00100086000207047000090F83C2024
:10385000012A4FF0020200F0C08080B580F83D20C0
:10386000D0F800C08822DCF80830CFF6CE721A40BB
:10387000CCF808200B68B3F5805F19DB1F22C0F27B
:10388000100293421EDD3F21C0F210018B4240F333
:1038900085804021C0F210018B4200F089805021C8
:1038A000C0F210018B4200F0838070217CE000BFE9
:1038B0003F2B25DC1F2B53DC002B79D0102B77D02E
:1038C000D2E000BFB3F5801F44DAB3F5805F7BD050
:1038D000B3F5005F40F0C880D1E901E3C968DCF8C6
:1038E000082043EA0E0322F47F4243EA01211143F8
:1038F000CCF80810DCF8081041F4804162E000BF09
:103900005F2B33DC402B6BD0502B40F0AD80D1F8D7
:1039100004E0C968DCF82030DCF8202022F0010245
:10392000CCF82020DCF8182022F0F00242EA011145
:1039300023F00A0242EA0E02CCF81810CCF820203C
:10394000DCF808104FF68872CFF6CF72114057316D
:1039500038E000BF2CD0B3F1101F29D084E000BFA5
:10396000202B25D0302B23D07EE000BF602B59D0F8
:10397000702B79D1D1E901E3C968DCF8082043EA6A
:103980000E0322F47F4243EA01211143CCF80810D0
:10399000DCF8081041F0770114E000BF2021C0F2EC
:1039A00010018B4204D03021C0F210018B425BD158
:1039B000DCF808104FF68872CFF6CF721140194329
:1039C00041F00701CCF808100022012180F83D10D9
:1039D000002180F83C10BDE880401046704700BFD1
:1039E000D1F804E0C968DCF82030DCF8202022F0AF
:1039F0000102CCF82020DCF8182022F0F00242EA84
:103A0000011123F00A0242EA0E02CCF81810CCF899
:103A10002020DCF808104FF68872CFF6CF721140E4
:103A20004731CFE7D1F804E0C968DCF82030DCF892
:103A3000202022F01002CCF82020DCF8182022F4FC
:103A4000704242EA013123F0A00242EA0E12CCF8A1
:103A50001810CCF82020DCF808104FF68872CFF64A
:103A6000CF7211406731ADE70122AEE7002804BFF5
:103A7000012070472DE9F047044690F83D000D46BF
:103A800028B9002084F83C00204600F04BF80220C2
:103A900084F83D0020684BF6F8728168CFF6FE721C
:103AA00011408160211D02F0BFFE20684FF6FF78B3
:103AB00081688269D0F820C0D5E9003ED5E9026A64
:103AC00043EA0109AB6922EA080246EA03234FF6FA
:103AD000FC46B343D5E9076742EA0A0229691A435B
:103AE00042EA062242EA01112CF0AA026B6942EA7C
:103AF0000E0241EA073142EA0312C0F808908161E0
:103B00000262012084F8480084F83E0084F83F00F7
:103B100084F8440084F8450084F83D000020BDE8A6
:103B2000F087000080B586B00068002100F14040B9
:103B30004FEAB02003280591CDE9031102910191CC
:103B400000F27D80DFE800F002541A3841F24C00A8
:103B5000C4F20200C16841F00101C160C16801F016
:103B6000010100910099016841F0080101600068BD
:103B700000F0080000900098182017E041F24C0077
:103B8000C4F20200C16841F00401C160C16801F0E3
:103B9000040100910099016841F00801016000688A
:103BA00000F00800009000984FF44050019040F65B
:103BB0000040C4F6000039E041F24C00C4F20200BB
:103BC000C16841F00801C160C16801F008010091BD
:103BD0000099016841F001010160006800F00100F6
:103BE00000900098032001904FF090401EE000BF2D
:103BF00041F24C00C4F20200C16841F00201C16010
:103C0000C16801F0020100910099016841F00201D0
:103C10000160006800F002000090009830200190E0
:103C200040F60040C4F60000A0F5006002210291B9
:103C30000022059101A9CDE90322FDF72DFD06B073
:103C400080BD000080B590F83E2090F83F3090F89D
:103C500044E090F845C004290AD0B9B9012A4FF0D0
:103C6000010208BFBEF1010F34D0104680BD00BF75
:103C7000012B4FF0010208BFBCF1010FF5D1022169
:103C800080F83F1080F8451000681EE0012A4FF0D0
:103C9000010208BF012BE8D1BEF1010FE5D1BCF153
:103CA000010FE2D1022280F83E2080F83F2080F808
:103CB000442080F8452091B10068016A21F001019B
:103CC0000162016A41F00101016210216FF01002EE
:103CD00009E000BF022180F83E1080F8441000681F
:103CE00001216FF00102036A1A400262026A114365
:103CF00001620168002241F001010160104680BDAF
:103D000070470000F0B581B004460068C5680669D8
:103D1000B10717D515F0020114D06FF0020101614F
:103D2000012121778069800704D02046FFF7E8FF52
:103D300006E000BF204600F04FF9204600F080FB6F
:103D400000202077700719D515F0040016D02068E0
:103D50006FF00401016102212177806910F4407F36
:103D600004D02046FFF7CCFF06E000BF204600F05D
:103D700033F9204600F064FB00202077300717D588
:103D800015F0080014D020686FF0080101610421CB
:103D90002177C069800703D02046FFF7B1FF05E017
:103DA000204600F019F9204600F04AFB0020207759
:103DB000F00619D515F0100016D020686FF010012C
:103DC000016108212177C06910F4407F04D02046AA
:103DD000FFF796FF06E000BF204600F0FDF8204602
:103DE00000F02EFB00202077F00718BF15F001002F
:103DF00006D020686FF001010161204600F0E4FB6D
:103E000016F4025F05F0800718BF002F02D1F005FD
:103E100009D410E020686FF4025101612046FFF7D9
:103E200075FAF00507D537B120686FF4807101612C
:103E30002046FFF769FA700609D515F0400006D054
:103E400020686FF040010161204600F0BFFBB00622
:103E500009D515F0200006D020686FF0200101611F
:103E60002046FFF755FAF00209D515F4801006D068
:103E700020686FF4801101612046FFF7B7FAB002A5
:103E800009D515F4001006D020686FF40011016107
:103E90002046FFF7A9FA700209D515F4800006D074
:103EA00020686FF4800101612046FFF7A1FA30021B
:103EB0000CD515F4000009D021686FF400022046EB
:103EC0000A6101B0BDE8F040FFF704BB01B0F0BDEE
:103ED00070B586B0006845F20001C4F2010100240B
:103EE0008842CDE90444CDE90244019440D044F233
:103EF0000001C4F20101884220D042F60041C4F220
:103F00000101884266D141F24C00C4F2020001680E
:103F100041F0040101600068002100F004000090FD
:103F200000980F20019002200290059040F60000BA
:103F3000CDE90311C4F6000049E000BF41F24C0096
:103F4000C4F20200016841F001010160006800F064
:103F50000100009000980C200190022002900020A7
:103F6000CDE90300092005904FF090402FE000BFFD
:103F700041F24C00C4F20200016840F6000641F034
:103F8000100101600168C4F6000601F01001009103
:103F900000990168022541F020010160006801A933
:103FA00000F02000009000980E200190062005905F
:103FB00006F50060CDE902540494FDF76DFB042082
:103FC000CDE9010506F54060CDE90344059501A959
:103FD000FDF762FB06B070BD7047000090F83C3002
:103FE000012B04BF022070474FEAB202052A00F2FB
:103FF000ED812DE9F041DFE812F007004701930061
:10400000ED0055009F0100BF03681D6A1A6AA3F105
:10401000804622F001021A621A46D3F8048052F850
:1040200018CF8F68A6F59636D1F800E025F0020586
:104030004FEAB626092E45EA07050BD80127B740F7
:1040400040F2E52427421FBFCC6825F00C0524F080
:1040500004042543092E0CD80124B44040F2E5267F
:1040600034421FBFD1E9054628F440773C4344EA77
:1040700006084FF68C74CFF6FE740CEA040747EA84
:104080000E07C3F804809F614F6809695F631D6272
:104090009F6947F008079F619F6927F004079F61A8
:1040A00088E100BF0368D3F820C01A6AA3F18047F3
:1040B00022F480321A621A46A7F596375D6852F8E4
:1040C000508FD1F800E08E684FEAB727092F0AD841
:1040D0000124BC4040F2E5273C421EBF4C6925F458
:1040E000803545EA04252CF4003747EA06474FF6A9
:1040F0008C76CFF6FE76033606EA080646EA0E060A
:104100005D601E654E6809699E641F621F6D47F001
:1041100008071F651F6D27F004071F654AE100BFF0
:10412000036842F600461D6A1A6AC4F2010622F4C8
:1041300080721A621A46D3F804C052F81CEFB342D8
:104140008E68D1F8008025F4007545EA06250BD06D
:1041500045F20006C4F20106B34205D043F2004620
:10416000C4F20106B34207D1CE6840F2FF473602DF
:1041700025F44065BE433543A3F18046A6F5963647
:104180004FEAB626092E0DD8012707FA06F640F2A7
:10419000E5273E421FBFD1E905672CF44054374361
:1041A00044EA071C4FF68C74CFF6FE740EEA04073F
:1041B00047EA0807C3F804C0DF614F680969DF6395
:1041C0001D62DF6947F00807DF61DF6927F0040738
:1041D000DF61EFE0036842F600461D6A1A6AC4F226
:1041E000010622F480521A621A46D3F804C052F82B
:1041F0001C8FB3428E68D1F800E025F4005545EAE3
:1042000006350BD045F20006C4F20106B34205D0D4
:1042100043F20046C4F20106B34207D1CE6844F629
:10422000FF77360325F44045BE433543A3F180466E
:10423000A6F596364FEAB626092E0DD8012707FABD
:1042400006F640F2E5273E421FBFD1E905672CF490
:104250004044374344EA871C48F6FF44CFF6FF64E6
:1042600004EA080444EA0E27C3F804C0DF614F687B
:1042700009691F641D62DF6947F40067DF61DF6958
:1042800027F48067DF6194E0036842F600461D6A08
:104290001A6AC4F2010622F010021A621A465C6819
:1042A00052F818CFB3428E68D1F800E025F020050F
:1042B00045EA06150BD045F20006C4F20106B342EA
:1042C00005D043F20046C4F20106B34207D1CE68DE
:1042D0006FF0400725F0C00507EA06163543A3F145
:1042E0008046A6F596364FEAB626092E0DD8012748
:1042F00007FA06F640F2E5273E421FBFD1E90567FF
:1043000024F440643E4344EA860448F6FF46CFF670
:10431000FF660CEA060747EA0E275C609F614F685C
:1043200009699F631D629F6947F400679F619F69E8
:1043300027F480679F613CE00368D3F820C01A6AC5
:10434000A3F1804722F480121A621A46A7F5963725
:104350005D6852F8508FD1F800E08E684FEAB727B9
:10436000092F0AD80124BC4040F2E5273C421EBF79
:104370004C6925F4802545EA84252CF4001747EA8A
:10438000065748F6FF46CFF6FF6606F5407606EA82
:10439000080646EA0E265D601E654E680969DE6401
:1043A0001F621F6D47F400671F651F6D27F480674C
:1043B0001F6509021368194311600021BDE8F0412F
:1043C000002280F83C200846704700BF01210022EF
:1043D00080F83C2008467047002804BF0120704741
:1043E00010B5044690F83D0028B9002084F83C0040
:1043F000204600F023F8022084F83D002068211DAB
:1044000002F012FA012084F8480084F83E0084F893
:104410003F0084F8400084F8410084F8420084F8AA
:10442000430084F8440084F8450084F8460084F88A
:10443000470084F83D00002010BD000070470000D8
:104440007047000080B5D9B10B1F4FEAB30E43226D
:104450004FF03F0CBEF1040F38BF0CEBB302825C8F
:10446000012A1CBF012080BDBEF1030F1ED8DFE86A
:104470000EF00319111500BF022280F83F2018E04A
:1044800090F83E20012A1CBF012080BD022280F846
:104490003E200EE0022280F841200AE0022280F84D
:1044A000422006E0022280F8402002E0022280F84A
:1044B0004320026801F01F010120136A00FA01F194
:1044C0008B431362136A0B43A2F18041A1F596312D
:1044D0004FEAB1210729136258D8884010F0E50F40
:1044E00054D0506C42F6FF31C4F2010140F4004058
:1044F0008A4250640EDC40F2FF70C4F20000824237
:1045000018DCB2F1804F2DD040F20040C4F2000020
:1045100026E000BF43F6FF70C4F20100824215DCC2
:1045200042F60040C4F2010082421BD043F2004038
:1045300014E000BF40F60000C4F20000824211D037
:1045400040F60040C4F200000AE000BF45F200005F
:10455000C4F20100824205D044F20000C4F201001E
:1045600082420CD190680721C0F201010140062966
:104570004FF0000008D0B1F5803F08BF80BD106843
:1045800040F001001060002080BD00BF42F6FF3007
:10459000C4F201008242AEDD43F6FF70C4F20100B6
:1045A0008242BDDD44F20000C4F201008242D9D053
:1045B00045F20000C4F201008242E0D1506C40F4A8
:1045C00000405064CEE700007047000070470000D4
:1045D00090F88410012904BF022070472421C0F8FC
:1045E000881001680A680B6822F0005223F001036A
:1045F0000B60002343660A602021C0F8881080F811
:104600008430002070470000D0F88C30202B1CBF75
:104610000220704710B5044600294FF0010018BF72
:10462000002A01D110BD00BFE066002020672046AF
:1046300003F0B4FA0028F5D1E06E01281CBF012078
:1046400010BD206810210162206850E8000F216829
:1046500040F0100041E8000202B3206850E8000F6B
:10466000216840F0100041E80002BAB1206850E82B
:10467000000F216840F0100041E8000272B120688C
:1046800050E8000F216840F0100041E80002002AC5
:104690004FF0000008BF10BDD6E700BF002010BDDE
:1046A00040F2C402C2F200021378002B08BF704728
:1046B00070B502F110065A1E56F80C4CD4F80431AD
:1046C00083421DD0CAB156F8084CD4F80431834255
:1046D0001CD0012A11D056F8044CD4F8043183427E
:1046E00034D0022A09D03468D4F8043183420ED081
:1046F000043A531C06F11006DED1BDE87040704745
:104700000C3ED4F808212AB90DE000BF083ED4F8C9
:10471000082142B10D469047346829462046FBF7F0
:10472000C1FDD4F8040194F800212146FFF76CFF85
:104730003068D0F80401D0F880000068016821F0EA
:1047400004010160BDE87040704700BF043ED4F82A
:104750000821002ADED1E6E77047000090F88420A7
:10476000012A04BF02207047B0B52422C0F8882077
:104770000268D0F864E0D2F800C01368BEF1000F00
:1047800023F001031360936823F0606341EA03019F
:10479000916019D09368916849F2F45E490FC0F6B0
:1047A000000E49F2FC551EF80140C0F60005695C98
:1047B000C3F34263E400B4FBF1F11EF80340EB5C89
:1047C000E500B5FBF3F301E001210123A0F86A1035
:1047D0002021A0F86830C2F800C0C0F8881000217D
:1047E00080F884100020B0BD90F88420012A04BF16
:1047F00002207047B0B52422C0F888200268D0F8A3
:1048000064E0D2F800C01368BEF1000F23F001038A
:104810001360936823F0604341EA0301916019D06B
:104820009368916849F2F45E490FC0F6000E49F2B0
:10483000FC551EF80140C0F60005695CC3F34263F5
:10484000E400B4FBF1F11EF80340EB5CE500B5FBBE
:10485000F3F301E001210123A0F86A102021A0F860
:104860006830C2F800C0C0F88810002180F88410B9
:104870000020B0BD704700007047000040F2C40146
:10488000C2F200010A78002A08BF704710B501F192
:104890001004013A54F80C1CD1F8043183421DD0A5
:1048A000CAB154F8081CD1F80431834218D0012A47
:1048B00011D054F8041CD1F80431834212D0022ADA
:1048C00009D02168D1F8043183420CD0043A511C3C
:1048D00004F11004DED1BDE8104070470C3C02E04A
:1048E000083C00E0043C91F80021FFF78DFE2068B1
:1048F000D0F80401D0F880000068016821F00401BC
:104900000160BDE81040704770B5026840F62F04A2
:10491000D369116896681C40202C0BD101F020044B
:1049200006F080552D1916D0416F61B3BDE8704077
:10493000084700BF40F60F052B420CD00125C1F2FD
:10494000000506EA050C40F22015C0F200450D40B6
:1049500015EB0C0524D1C46EDD0615D5012C13D141
:1049600011F0100510D0102111629168490661D430
:10497000B0F85C10B0F85E20B0F85E30002B18BFC5
:10498000914240F0518270BDDD0215D516F48005CC
:1049900012D04FF480111162BDE87040FFF76CBF78
:1049A000DD0718BF11F4807540F020819D0706F0E7
:1049B000010E00F1278130E11A0606D501F08002D0
:1049C00006F40006921940F0AF825A0640F10281C7
:1049D00011F0400200F0FE80016851E8001F0268FB
:1049E00021F0400142E80013DBB1016851E8001FEB
:1049F000026821F0400142E8001393B1016851E8D8
:104A0000001F026821F0400142E800134BB1016829
:104A100051E8001F026821F0400142E80013002B1A
:104A2000DAD12021C0F8881000218167BDE87040EC
:104A300000F056BDD0F880100A685368B0F85C40AA
:104A400099B2002900F0B880A14280F0B580A0F8AA
:104A50005E301168890600F1A38000BF016851E84B
:104A6000001F026821F4807142E80013E3B101687D
:104A700051E8001F026821F4807142E800139BB1E5
:104A8000016851E8001F026821F4807142E80013B8
:104A900053B1016851E8001F026821F4807142E8B7
:104AA0000013002BDAD100BF016851E8021F026831
:104AB00021F0010142E80213BBB3016851E8021F73
:104AC000026821F0010142E8021373B3016851E862
:104AD000021F026821F0010142E802132BB30168B2
:104AE00051E8021F026821F0010142E80213002B85
:104AF000DAD11AE0016851E8021F026821F0400192
:104B000042E80213DBB1016851E8021F026821F09C
:104B1000400142E8021393B1016851E8021F0268A4
:104B200021F0400142E802134BB1016851E8021F35
:104B3000026821F0400142E80213002BDAD1202163
:104B4000C0F88C100021C166016851E8001F02689E
:104B500021F0100142E80013DBB1016851E8001FA9
:104B6000026821F0100142E8001393B1016851E896
:104B7000001F026821F0100142E800134BB10168E8
:104B800051E8001F026821F0100142E80013002BD9
:104B9000DAD1D0F8801004460846FCF761F82046C8
:104BA00002210167B0F85C10B0F85E20891A89B262
:104BB000BDE87040FFF774BD8C427FF4E4AE12682C
:104BC00092067FF5E0AE02220267BDE87040FFF773
:104BD00067BD00BF1A0240F1B38111F0804200F0BE
:104BE000AF81BDE87040FFF745BE00BF01251562EB
:104BF000D0F8905045F00105C0F890509D0706F0A0
:104C0000010E0AD5BEF1000F07D002241462D0F8BD
:104C1000904044F00404C0F890405C070AD5BEF10F
:104C2000000F07D004251562D0F8905045F002051A
:104C3000C0F890501D070CD501F0200555EA0C0571
:104C400007D008251562D0F8905045F00805C0F847
:104C500090501D050BD511F0806508D04FF400650C
:104C60001562D0F8905045F02005C0F89050D0F86B
:104C70009050002D3FF487AE9B060BD501F020012C
:104C800006F08053C91805D0416F19B10446884712
:104C900022682046D0F89010926801F0280102F0B6
:104CA0004002891806D10446FFF7E8FD0020C4F849
:104CB000900070BD016851E8001F026821F49071F6
:104CC00042E80013DBB1016851E8001F026821F4DB
:104CD000907142E8001393B1016851E8001F026827
:104CE00021F4907142E800134BB1016851E8001FB4
:104CF000026821F4907142E80013002BDAD14FF6DC
:104D0000FE71CEF6FF7100BF026852E8022F036801
:104D10000A4043E80226C6B1026852E8022F03683F
:104D20000A4043E8022686B1026852E8022F03686F
:104D30000A4043E8022646B1026852E8022F03689F
:104D40000A4043E80226002EDED1C16E012924D19B
:104D5000016851E8001F026821F0100142E80013C9
:104D6000DBB1016851E8001F026821F0100142E840
:104D7000001393B1016851E8001F026821F010018F
:104D800042E800134BB1016851E8001F026821F0AE
:104D9000100142E80013002BDAD12021C0F88C105A
:104DA0000021C166026841679168490640F1C480EC
:104DB000016851E8021F026821F0400142E8021335
:104DC000DBB1016851E8021F026821F0400142E8AE
:104DD000021393B1016851E8021F026821F04001FB
:104DE00042E802134BB1016851E8021F026821F04A
:104DF000400142E80213002BDAD1D0F880100029DC
:104E000000F09A8046F6D132C0F600020446084609
:104E10008A63FBF75DFF00283FF4B5ADD4F880004E
:104E2000816BBDE870400847891A00BF026852E8EC
:104E3000002F036822F4907243E80026DEB1026876
:104E400052E8002F036822F4907243E8002696B1DE
:104E5000026852E8002F036822F4907243E80026AB
:104E60004EB1026852E8002F036822F4907243E8C2
:104E70000026002EDAD14FF6FE72CEF6FF7200BF8A
:104E8000036853E8023F0668134046E80235C5B19F
:104E9000036853E8023F0668134046E8023585B1CF
:104EA000036853E8023F0668134046E8023545B1FF
:104EB000036853E8023F0668134046E80235002DB8
:104EC000DED12022C0F88C200022C266426700BFDB
:104ED000026852E8002F036822F0100243E800261F
:104EE000DEB1026852E8002F036822F0100243E8A6
:104EF000002696B1026852E8002F036822F01002E3
:104F000043E800264EB1026852E8002F036822F001
:104F1000100243E80026002EDAD1022289B202678D
:104F2000BDE87040FFF7BCBB816F00293FF42BAD9B
:104F3000BDE87040084700BFBDE87040FFF79EBC69
:104F4000DA017FF520ADB1F1FF3FC8BF70BDBDE80C
:104F50007040FFF701BC000010B5D0B10446D0F896
:104F6000880028B9002084F88400204600F026F844
:104F70002420C4F888002068A16A026822F0010297
:104F8000026011B1204601F0F9FC204602F0ACFCB1
:104F900010B1012010BD00BF2168486820F4904086
:104FA0004860886820F02A008860086840F00102A4
:104FB00020460A60BDE8104001F054BD10B59CB019
:104FC000044600201B90CDE91900CDE9170002A886
:104FD0005421FBF767F9206847F6FF71C4F200011E
:104FE000884231DC44F20041C4F20001884267D0BB
:104FF00044F60001C4F20001884240F08F80042092
:10500000029002A8FDF75AFA002818BFFBF716FE17
:1050100041F24C00C4F20200C16841F48021C16039
:10502000C16801F4802101910199016841F00801F2
:105030000160006800F00800019001984FF4407092
:105040001790022018905DE043F60001C4F20101C0
:10505000884265D048F20001C4F2000188425DD167
:105060002020029002A8FDF729FA002818BFFBF7BC
:10507000E5FD41F24C00C4F20200016941F001017A
:105080000161016901F0010101910199016841F09B
:1050900002010160006800F00200019001984FF4E5
:1050A00040601790022018900020CDE919000820D8
:1050B0001B9040F60040C4F60000A0F500602AE016
:1050C000022402A80294FDF7F9F9002818BFFBF7A3
:1050D000B5FD41F24C00C4F20200C16841F4003158
:1050E000C160C16801F4003101910199016841F08A
:1050F00008010160006800F008000190019860203C
:10510000CDE91704002019901A9007201B9040F653
:105110000040C4F6000017A9FCF7BEFA1CB010BD91
:105120000120029002A8FDF7C9F9002818BFFBF77B
:1051300085FD41F24C00C4F20200416941F4804116
:105140004161416901F4804101910199016841F097
:1051500004010160006817A900F0040001900198A3
:1051600030201790022018900020CDE91900072068
:105170001B9040F60040C4F60000A0F58060FCF7EC
:105180008BFA252005210022FCF77AFF2520FCF769
:1051900065FF1CB010BD0000D0F88C30202B07D16B
:1051A00000294FF0010318BF002A05D118467047A7
:1051B00002231846704700BF80B50023C366D0F8AD
:1051C00000C048F20003C4F200039C4503D0DCF8A1
:1051D00004301B0204D402F085FD002080BD00BF16
:1051E000036853E800CFD0F800E04CF080634EE84D
:1051F000003CBCF1000FEED0036853E800CFD0F8BC
:1052000000E04CF080634EE8003CBCF1000FE2D0BF
:10521000036853E800CFD0F800E04CF080634EE81C
:10522000003CBCF1000FD6D0036853E800CFD0F8A3
:1052300000E04CF080634EE8003CBCF1000FCFD1A1
:10524000C9E70000006843F60001C4F2010188428A
:1052500018BF7047F0B581B040F2A41440F6BC30DE
:10526000C2F20004C2F20000214601220126FFF72B
:1052700093FF217840F254000D29C2F2000005D0BE
:105280002B293BD1012242703BE000BF017840F660
:10529000086240F6046440F2B015C2F20002002336
:1052A00040F2A817C2F20004C2F200055354038072
:1052B000C2F2000702F1080018A122462B4600970F
:1052C000FAF7FCFF206840F2D401C2F20001087036
:1052D000286840F2D501C2F200010870386840F237
:1052E000D601C2F20001087040F2D700C2F20000FD
:1052F000067001B0BDE8F040704700BF4278012A57
:10530000F7D1027840F60863C2F200039954511CA9
:10531000017001B0BDE8F040704700BF523A25640B
:1053200020473A256420423A256400007047000077
:105330002DE9F04381B00446D0F88800202809D137
:1053400000294FF0010018BF002A07D101B0BDE8C5
:10535000F08300BF022001B0BDE8F0830020C4F854
:10536000900021201D460E46C4F888001746FCF721
:1053700073FAA4F85470A4F85670A1688146B1F588
:10538000805F02D12069002866D037460020B4F83B
:1053900056202168002A67D06A1C28D0002D53D0DF
:1053A000804600BFC86900060AD4FCF755FAA0EB96
:1053B0000900A84200F2848021680868F2E700BF73
:1053C00017B117F8010B04E038F8020B00276FF350
:1053D0005F208862B4F856000138A4F85600B4F88B
:1053E00056000028DED13FE0CA69120609D4CA6916
:1053F000120606D4CA6912065CBFCA695FEA026275
:10540000F2D51FB117F8012B05E000BF30F8022BD1
:1054100000276FF35F228A62B4F85620013AA4F89D
:105420005620B4F85620002AE1D11DE030F8022BB6
:1054300000276FF35F228A62B4F85620013AA4F87D
:105440005620B4F856207AB1CA69120636D5002F14
:10545000ECD017F8012BEEE700273046B4F85620C1
:105460002168002A7FF498AFC86940061ED42DB386
:10547000681C14D1C86940062AD4C869400627D4DC
:10548000C869400624D4C86940064FF00000F1D531
:105490000DE000BF20680168C069400618D4FCF721
:1054A000DBF9A0EB0900A842F4D909E00020202193
:1054B000C4F8881001B0BDE8F08300BFFCF7CCF958
:1054C00003202021C4F8881001B0BDE8F08300BF9C
:1054D00000202021C4F8881001B0BDE8F08300004E
:1054E00070470000FEE7000070B5044600681546EE
:1054F0008369DA0602D40021002266E00E461021FC
:10550000C161816989065CD4711C50D02EBBFCF747
:10551000A3F92068426894F8421083691B040BD5F4
:1055200012F4804208D1202906D0416841F480411C
:105530004160FCF791F9054620688169890605D428
:10554000FCF78AF9401B1A28F6D328E081698906FE
:10555000DDD536E08169890633D4FCF77DF9411B3E
:105560002068B142F6D9426894F8421083691B045E
:105570000CD512F4804209D1202907D0416841F4AA
:1055800080414160FCF768F9054600BF20688169E9
:105590008906DFD4FCF760F9401B1A28F6D320688F
:1055A00001228169242110E08169890609D4816979
:1055B000890606D4816989065CBF81695FEA8161D9
:1055C000F2D52021C161012204218369DE0505D5C0
:1055D0004FF4807241F00101C26101225E0505D4E1
:1055E0009B050AD472B9002070BD00BF41F00801CC
:1055F0004FF480629B05C26104D541F002014FF473
:105600000072C2618269920744BF0022826282698D
:10561000D20703D1826942F00102826142684EF6EC
:105620000003CFF600631A404260606C0843606478
:10563000202084F84100002084F8420084F84000D3
:10564000012070BD2DE9F0410446006880690840E2
:10565000401AB0FA80F04009904221D1DDF818805C
:1056600015460E461F46581C27D0CFBB20460021AA
:105670004246FFF739FF002853D1FCF7EDF82068C8
:1056800081693140891BB1FA81F14909A9423CD0B5
:1056900080693040801BB0FA80F04009A842E5D014
:1056A0000020BDE8F08100BF206880693040801B89
:1056B000B0FA80F04009A842F2D120464FF0FF3105
:1056C0004246FFF711FF0028EED00120BDE8F0812F
:1056D00080693040801BB0FA80F04009A842DFD1D9
:1056E000204639464246FFF7FFFED0B9FCF7B4F832
:1056F000A0EB08012068B942EAD981693140891BD1
:10570000B1FA81F14909A942E2D1606C40F0200070
:105710006064202084F84100002084F8420084F86E
:1057200040000120BDE8F08170B504460068806942
:10573000800635D415460E4619B928E080698006E2
:105740002ED4204631462A46FFF7CEFE30BBFCF76A
:1057500083F8411B2068B142F0D981698906EDD4F4
:10576000606C40F020006064202084F8410000203C
:1057700084F8420084F84000012070BDFCF76CF80A
:10578000206881698906EBD58069800608D42046A7
:1057900000212A46FFF7A8FE0028EFD0012070BDA7
:1057A000002070BD70B5044600688069800714D47D
:1057B00015460E46481C17D01EBB00BF20460021D0
:1057C0002A46FFF791FEB8BBFCF746F820688169CE
:1057D000890725D580698007F0D5002070BD00BFFE
:1057E000206880698007F8D420464FF0FF312A46B0
:1057F000FFF77AFE0028F3D0012070BD8069800792
:10580000EBD4204631462A46FFF76EFEA0B9FCF7DE
:1058100023F8411B2068B142F0D981698907EDD492
:10582000606C40F020006064202084F8410000207B
:1058300084F8420084F84000012070BD80B584B037
:105840008DF80F0001200DF10F01CDE9001040F29D
:10585000D0204FF47A7CC2F200009821CF2201239D
:10586000CDF808C0FCF7C2F9B0FA80F0400904B0E6
:1058700080BD000080B584B0CDE9000140F2D020A9
:105880004FF47A7CC2F200009821B0220123CDF8B7
:1058900008C0FCF789F8B0FA80F0400904B080BD78
:1058A00080B584B001200DF10F01CDE9001040F268
:1058B000D0204FF47A7CC2F200009821DD2201232F
:1058C000CDF808C0FCF770F89DF80F0004B080BD5B
:1058D0004FF47A7003F0D8FAFAE70000642003F07E
:1058E000D3FAFBE780B540F2B41046F20041C2F2B1
:1058F0000000C4F200010022C0E9001211210123BE
:105900004FF0080CC0E90222C0F80F20C0E90513CF
:10591000C0E9073CC0E90933C0E90B33C0E90D22F7
:10592000C263FBF717FC002808BF80BDBDE88040BC
:10593000FBF784B980B540F2182046F60001C2F2A8
:105940000000C4F200010022C0E90012112101236D
:105950004FF0080CC0E90222C0F80F20C0E905137F
:10596000C0E9073CC0E90933C0E90B33C0E90D22A7
:10597000C263FBF7EFFB002808BF80BDBDE8804095
:10598000FBF75CB980B588B00B4802AF01900AA064
:1059900000F1040E9EE80E50806987E80E500790D3
:1059A00001A8002102F07CFE40F2AC11C2F200011D
:1059B000086008B080BD00BF119600089567000818
:1059C0000000000000000000800000000000000057
:1059D000000000002DE9F04F87B0002441F24C0098
:1059E0000694CDE90444CDE90244C4F20200016802
:1059F00040F2004841F0100101600168C4F600085F
:105A000001F0100101910199016808F5406B41F026
:105A1000040101600168002201F004010191019973
:105A2000016848F2700541F020010160016801F051
:105A3000200101910199016841F0010101600168B3
:105A400001F0010101910199016841F00201016039
:105A5000016801F0020101910199016841F008011A
:105A60000160006848F2700100F0080001900198A0
:105A70005846FBF7EBFE08F5806738464FF4604167
:105A80000022FBF7E3FE08F5805A50464FF4007100
:105A90000022FBF7DBFE4046012100220126FBF736
:105AA000D5FE4FF090404FF400410022FBF7CEFEB0
:105AB00008F50069484604210022FBF7C7FECDE93E
:105AC000025602AD58462946CDE90444FBF7E4FDF1
:105AD0004FF46040CDE9020638462946CDE904443A
:105AE000FBF7DAFD4FF40070CDE902065046294677
:105AF000CDE90444FBF7D0FD40462946CDE90266D6
:105B0000CDE90444FBF7C8FD4FF40040CDE902069F
:105B10004FF090402946CDE90444FBF7BDFD042039
:105B2000CDE902060220CDE9040448462946FBF7E8
:105B3000B3FD082002904FF48810CDE903044046DD
:105B40002946FBF7A9FD07B0BDE8F08F80B540F20C
:105B50007C2045F60001C2F20000C4F2000148F2C8
:105B6000C2520023C4F2B2024FF0010C80E80E10C2
:105B7000C0E90433C0E906330362FBF7BDFE002829
:105B800018BFFBF75BF840F27C20C2F20000002156
:105B9000FBF768FE002818BFFBF750F840F27C20A6
:105BA000C2F200000021FBF783FE002808BF80BD81
:105BB000BDE88040FBF742B880B540F2D02047F600
:105BC0000001C2F20000C4F2000148F2C2520023F8
:105BD000C4F2B2024FF0010C80E80E10C0E90433A9
:105BE000C0E906330362FBF787FE002818BFFBF706
:105BF00025F840F2D020C2F200000021FBF732FE6F
:105C0000002818BFFBF71AF840F2D020C2F20000BB
:105C10000021FBF74DFE002808BF80BDBDE8804095
:105C2000FBF70CB880B540F2243048F20041C2F2D4
:105C30000000C4F2000148F2C2520023C4F2B202D2
:105C40004FF0010C80E80E10C0E90433C0E90633C0
:105C50000362FBF751FE002818BFFAF7EFFF40F28E
:105C60002430C2F200000021FBF7FCFD002818BF21
:105C7000FAF7E4FF40F22430C2F200000021FBF703
:105C800017FE002808BF80BDBDE88040FAF7D6BFE8
:105C900080B540F2783048F20001C2F20000C4F250
:105CA000000100234FF00C0C4FF4E13280E80E00AD
:105CB000C0E90333C0E905C3C0E908338362FFF7D5
:105CC0004BF9002818BFFAF7B9FF40F27830C2F25A
:105CD00000000021FEF788FD002818BFFAF7AEFF8C
:105CE00040F27830C2F200000021FEF737FD0028B4
:105CF00018BFFAF7A3FF40F27830C2F20000FEF7B7
:105D000067FC002808BF80BDBDE88040FAF796BF59
:105D100010B540F2E86043F20001C2F20000C4F2A4
:105D200001014FF4827200234FF4407C4FF4007E57
:105D3000182480E80E1007210822C0E90433C0E9C6
:105D400006E4C0E90833C0E90A31C0E90C32FDF7C6
:105D500079F9002808BF10BDBDE81040FAF76EBF02
:105D6000B0B540F24C7043F6000EC2F20000C4F22F
:105D7000000E4FF482724FF400434FF4407C002138
:105D80004FF400741025C0E900E2C0E9023C07228C
:105D90000823C0E90411C0E90645C0E90811C0E9BB
:105DA0000A12C0E90C13FDF74DF9002808BFB0BD79
:105DB000BDE8B040FAF742BF10B540F2B07043F60C
:105DC0000041C2F20000C4F200014FF482720023CD
:105DD0004FF4407C4FF4007E182480E80E10072119
:105DE0000822C0E90433C0E906E4C0E90833C0E989
:105DF0000A31C0E90C32FDF725F9002808BF10BDB3
:105E0000BDE81040FAF71ABF10B540F6140043F68B
:105E10000041C2F20000C4F201014FF4827200237B
:105E20004FF4407C4FF4007E082480E80E100721D8
:105E3000C0E90433C0E906E4C0E90833C0E90A3127
:105E4000C0E90C34FDF7FEF8002808BF10BDBDE81E
:105E50001040FAF7F3BE000010B59CB0002401A872
:105E600034211B94CDE91944CDE91644CDE91444FD
:105E7000CDE91244CDE91044CDE90E44FAF712FA07
:105E800040F6C40044F20001C2F20000C4F2010175
:105E90004FF6FF72C0E90014C0E90242C0E90444B1
:105EA0008461FDF719FB002818BFFAF7C7FE4FF40D
:105EB0008050189040F6C400C2F2000018A9FDF707
:105EC000C5FC002818BFFAF7B9FE40F6C400C2F2BC
:105ED0000000FEF781FA002818BFFAF7AFFE40F67F
:105EE000C4000024C2F2000015A915941794FDF710
:105EF00081FA002818BFFAF7A1FE6020CDE90E0450
:105F000040F6C400C2F200000EA90022CDE9104400
:105F1000CDE912441494FEF761F8002818BFFAF78F
:105F20008DFE40F6C400C2F200000EA90422FEF766
:105F300055F8002818BFFAF781FE00204FF40051F1
:105F40000590CDE90300CDE90100CDE906100D90E3
:105F500040F6C400C2F2000001A9FDF7DBF90028F9
:105F600018BFFAF76BFE40F6C400C2F20000FDF75E
:105F7000AFFF1CB010BD000080B540F6101044F219
:105F80000041C2F20000C4F2010100234FF0800E74
:105F9000A92241F2873C80E80E10C0E90433C0F822
:105FA00018E0FDF799FA002808BF80BDBDE88040E1
:105FB000FAF744BE80B540F65C1044F60001C2F228
:105FC0000000C4F2010100234FF0800CA92280E8F8
:105FD0000E00C0E90333C0E9053CFDF77DFA002857
:105FE00008BF80BDBDE88040FAF728BE10B59CB060
:105FF000002401A834211B94CDE91944CDE91644AD
:10600000CDE91444CDE91244CDE91044CDE90E4464
:10601000FAF748F940F6780042F60041C2F2000073
:10602000C4F2010140F2E7334FF0800C102280E807
:106030001600C0E90334C0E9054CFDF74DFA00280D
:1060400018BFFAF7FBFD4FF48050189040F6780027
:10605000C2F2000018A9FDF7F9FB002818BFFAF7F3
:10606000EDFD40F67800C2F20000FEF7B5F9002819
:1060700018BFFAF7E3FD40F678000024C2F20000F2
:1060800015A9CDE915441794FDF7B4F9002818BFF8
:10609000FAF7D4FD6020CDE90E0440F67800C2F294
:1060A00000000EA90022CDE91044CDE91244149459
:1060B000FDF794FF002818BFFAF7C0FD40F67800FE
:1060C000C2F200000EA90422FDF788FF002818BFC5
:1060D000FAF7B4FD40F67800C2F200000EA90822DB
:1060E000FDF77CFF002818BFFAF7A8FD40F67800FE
:1060F000C2F200000EA90C22FDF770FF002818BFA5
:10610000FAF79CFD00204FF40051CDE906104FF046
:1061100000710590CDE90300CDE90100CDE908004B
:10612000CDE90A10CDE90C0040F67800C2F200007B
:1061300001A9FDF7EFF8002818BFFAF77FFD40F638
:106140007800C2F20000FDF7C3FE1CB010BD0000D5
:1061500010B59CB0002401A834211B94CDE919444A
:10616000CDE91644CDE91444CDE91244CDE91044FB
:10617000CDE90E44FAF796F840F6F41045F2000126
:10618000C2F20000C4F201014FF6FF72C0E9001430
:10619000C0E90242C0E904448461FDF79DF900288A
:1061A00018BFFAF74BFD4FF48050189040F6F410EA
:1061B000C2F2000018A9FDF749FB002818BFFAF742
:1061C0003DFD40F6F410C2F20000FEF705F900288C
:1061D00018BFFAF733FD40F6F4100024C2F20000B5
:1061E00015A9CDE915441794FDF704F9002818BF47
:1061F000FAF724FD6020CDE90E0440F6F410C2F257
:1062000000000EA90022CDE91044CDE912441494F7
:10621000FDF7E4FE002818BFFAF710FD40F6F41071
:10622000C2F200000EA90422FDF7D8FE002818BF14
:10623000FAF704FD40F6F410C2F200000EA908229D
:10624000FDF7CCFE002818BFFAF7F8FC40F6F41072
:10625000C2F200000EA90C22FDF7C0FE002818BFF4
:10626000FAF7ECFC00204FF40051CDE906104FF096
:1062700000710590CDE90300CDE90100CDE90800EA
:10628000CDE90A10CDE90C0040F6F410C2F200008E
:1062900001A9FDF73FF8002818BFFAF7CFFC40F638
:1062A000F410C2F20000FDF713FE1CB010BD000098
:1062B00010B58CB040F6A8100024C2F200004FF0D8
:1062C0008041C0E9001401214FF6FF72CDE90314AB
:1062D000CDE90514CDE9091403A90194C0E90242EE
:1062E00004618461CDE907440B94FDF7BFFB0028EE
:1062F00018BFFAF7A3FC40F6A810C2F200006946E6
:1063000000940294FDF776F8002818BFFAF796FC7F
:106310000CB010BD10B58CB040F6402040F20041EA
:106320000024C2F20000C4F20001C0E900140121FF
:106330004FF6FF72CDE90314CDE90514CDE9091438
:1063400003A90194C0E9024204618461CDE90744D4
:106350000B94FDF78BFB002818BFFAF76FFC40F693
:106360004020C2F20000694600940294FDF742F812
:10637000002818BFFAF762FC0CB010BD10B58CB045
:1063800040F68C2040F600010024C2F20000C4F266
:106390000001C0E9001401214FF6FF72CDE903149A
:1063A000CDE90514CDE9091403A90194C0E902421D
:1063B00004618461CDE907440B94FDF757FB002885
:1063C00018BFFAF73BFC40F68C20C2F20000694689
:1063D00000940294FDF70EF8002818BFFAF72EFC7F
:1063E0000CB010BD10B58CB040F6D82040F600417E
:1063F0000024C2F20000C4F20001C0E9001401212F
:106400004FF6FF72CDE90314CDE90514CDE9091467
:1064100003A90194C0E9024204618461CDE9074403
:106420000B94FDF723FB002818BFFAF707FC40F692
:10643000D820C2F20000694600940294FCF7DAFF0B
:10644000002818BFFAF7FAFB0CB010BD10B584B0E5
:1064500040F6243041F200010024C2F20000C4F2F0
:106460000001A923029440F6B73280E81600C36009
:106470008461FDF731F8002818BFFAF7DFFB40F61A
:106480002430C2F2000001A901940394FCF7B2FF8A
:10649000002818BFFAF7D2FB04B010BD10B584B0C5
:1064A00040F6703041F200410024C2F20000C4F214
:1064B000000177230294012280E81600C360846102
:1064C000FDF70AF8002818BFFAF7B8FB2020019062
:1064D00040F67030C2F2000001A90394FCF78AFF75
:1064E000002818BFFAF7AAFB04B010BD80B540F62B
:1064F000BC3043F60001C2F20000C4F201010023E7
:106500004FF00C0C4FF4165280E80E00C0E9033334
:10651000C0E905C3C0E90733C0E90933FEF71CFD34
:10652000002818BFFAF78AFB40F6BC30C2F2000020
:106530000021FEF759F9002818BFFAF77FFB40F653
:10654000BC30C2F200000021FEF708F9002818BF95
:10655000FAF774FB40F6BC30C2F20000FEF738F8E0
:10656000002808BF80BDBDE88040FAF767BB000087
:1065700080B540F6504044F20041C2F20000C4F23F
:10658000000100234FF00C0C4FF4E13280E80E00C4
:10659000C0E90333C0E905C3C0E90733C0E90933E3
:1065A000FEF7DAFC002818BFFAF748FB40F6504027
:1065B000C2F200000021FEF717F9002818BFFAF711
:1065C0003DFB40F65040C2F200000021FEF7C6F845
:1065D000002818BFFAF732FB40F65040C2F2000024
:1065E000FDF7F6FF002808BF80BDBDE88040FAF740
:1065F00025BB000080B540F6E44044F60001C2F23D
:106600000000C4F2000100234FF00C0C4FF4E13203
:1066100080E80E00C0E90333C0E905C3C0E90733D1
:10662000C0E90933FEF798FC002818BFFAF706FB0B
:1066300040F6E440C2F200000021FEF7D5F8002841
:1066400018BFFAF7FBFA40F6E440C2F2000000215E
:10665000FEF784F8002818BFFAF7F0FA40F6E44095
:10666000C2F20000FDF7B4FF002808BF80BDBDE8FE
:106670008040FAF7E3BA000080B540F20C4045F6DE
:106680000041C2F20000C4F2000101604FF4027147
:1066900081800221C17100218160FBF743FD002848
:1066A00008BF80BDBDE88040FAF7C8BAFEE7000029
:1066B000FEE700000A2002F0E7FBFBE7322002F0D1
:1066C000E3FBFBE7C82002F0DFFBFBE70000000074
:1066D000EFF30980BFF36F8F154B1A681EF0100F90
:1066E00008BF20ED108A20E9F04F10602DE9090065
:1066F0004FF0500080F31188BFF34F8FBFF36F8FBF
:1067000002F080FC4FF0000080F31188BDE8090022
:1067100019680868B0E8F04F1EF0100F08BFB0EC21
:10672000108A80F30988BFF36F8F704700BF00BFE6
:10673000D800002080B584B001200DF10F01CDE913
:10674000001040F2D0204FF47A7CC2F20000982171
:10675000AA220123CDF808C0FBF726F99DF80F0007
:10676000663818BF012004B080BD000000000000A2
:10677000074B19680868B0E8F04F80F30988BFF349
:106780006F8F4FF0000080F31188704700BF00BF8B
:10679000D8000020012001F075FFFBE780B5FBF772
:1067A000F3FB02F0B5FD012808BF80BDBDE88040C5
:1067B00002F02ABD4EF68850CEF20000016841F486
:1067C000700101607047000080B540F67800C2F2A9
:1067D0000000FDF797FA40F6C400C2F20000BDE8E1
:1067E0008040FDF78FBA000080B540F67800C2F215
:1067F0000000FDF787FA40F65C10C2F20000BDE829
:106800008040FDF77FBA000080B540F67800C2F204
:106810000000FDF777FA40F61010C2F20000BDE864
:106820008040FDF76FBA000040F6FF330268C4F203
:10683000000343F2FF3C9842C4F2010C0ADD6045BC
:106840002EDC40F60043C4F20003984234D042F6F6
:1068500000432DE0B0F1804F2ED040F20043C4F24F
:106860000003984228D040F60003C4F20003984287
:1068700022D0604526DC40F2FF73C4F20003984248
:1068800036DD40F60003C4F20003984246D040F6DD
:106890000043C4F20003984240D042F6004339E07E
:1068A00045F20003C4F20103984205D043F20043CD
:1068B000C4F201039842DCD14B6822F070021A4303
:1068C0006045D8DD44F2FF33C4F20103984219DD7C
:1068D00044F20043C4F2010398421FD045F2000382
:1068E000C4F20103984219D044F6000312E000BF3D
:1068F000B0F1804F12D040F20043C4F2000398423E
:106900000CD00FE043F20043C4F20103984205D0DB
:1069100044F20003C4F20103984203D1CB6822F48D
:1069200040721A4380B54B6922F0800E8A6843EAB0
:106930000E03D1F800C00360C262A0F18042A2F54C
:1069400096324FEAB222092AC0F828C0BDE880403A
:1069500008D8012303FA02F240F2E5231A421CBFD1
:1069600009690163012141610169C90708BF7047D5
:10697000016921F00101016170470000816A0A0785
:106980000CD4CA0715D18A071ED44A0727D4CA06D1
:1069900030D48A0639D44A0642D457E00268D0F887
:1069A00038C0536823F4004343EA0C035360CA071A
:1069B000E9D00268D0F82CC0536823F4003343EACE
:1069C0000C0353608A07E0D50268D0F830C05368E2
:1069D00023F4803343EA0C0353604A07D7D5026897
:1069E000D0F834C0536823F4802343EA0C03536087
:1069F000CA06CED50268D0F83CC0936823F4805311
:106A000043EA0C0393608A06C5D50268D0F840C0FB
:106A1000936823F4005343EA0C0393604A0615D5A8
:106A2000D0F800C0436CDCF80420B3F5801F22F4DA
:106A3000801242EA0302CCF8042007D1DCF80420DB
:106A4000836C22F4C0021A43CCF80420090658BF14
:106A500070470168C06C4A6822F400221043486005
:106A600070470000B0B582B004460020C4F8900022
:106A7000FAF7F2FE216805460A68120737D56FF06B
:106A80007E4C20464FF4001100222B46CDF800C06A
:106A900001F05AFA50B300BF206850E8000F216897
:106AA00020F0800041E80002DAB1206850E8000FD1
:106AB000216820F0800041E8000292B1206850E88F
:106AC000000F216820F0800041E800024AB12068F0
:106AD00050E8000F216820F0800041E80002002A01
:106AE000DAD10320202188226BE000BF21680868EA
:106AF00040075DD56FF07E4C20464FF480010022A8
:106B00002B46CDF800C001F01FFA002850D000BF7E
:106B1000206850E8000F216820F4907041E80002DE
:106B2000BAB3206850E8000F216820F4907041E863
:106B3000000272B3206850E8000F216820F49070C2
:106B400041E800022AB3206850E8000F216820F4D1
:106B5000907041E80002002ADAD11AE0206850E87B
:106B6000020F216820F0010041E80202DAB120683A
:106B700050E8020F216820F0010041E8020292B1C2
:106B8000206850E8020F216820F0010041E802026D
:106B90004AB1206850E8020F216820F0010041E866
:106BA0000202002ADAD1032020218C2209E000BF52
:106BB0002020C4F88800C4F88C0000217022002036
:106BC000E166A150002184F8841002B0B0BD00003D
:106BD000806A0021A0F85E10FDF750BE806A02684E
:106BE000D0F88830D0F88CC09168090653D5212B95
:106BF00051D10021A0F85610016851E8001F026829
:106C000021F0C00142E80013BBB3016851E8001F46
:106C1000026821F0C00142E8001373B3016851E833
:106C2000001F026821F0C00142E800132BB3016885
:106C300051E8001F026821F0C00142E80013002B58
:106C4000DAD11AE0016851E8021F026821F400015C
:106C500042E80213DBB1016851E8021F026821F427
:106C6000000142E8021393B1016851E8021F026873
:106C700021F4000142E802134BB1016851E8021F00
:106C8000026821F4000142E80213002BDAD120212E
:106C9000C0F8881002689168490640F18480BCF110
:106CA000220F40F080800021A0F85E10016851E8BA
:106CB000001F026821F4907142E80013DBB1016803
:106CC00051E8001F026821F4907142E8001393B16B
:106CD000016851E8001F026821F4907142E8001336
:106CE0004BB1016851E8001F026821F4907142E83D
:106CF0000013002BDAD14FF6FE7CCEF6FF7C00BFEE
:106D0000026852E8022F036802EA0C0243E80221FB
:106D1000D9B1016851E8021F026801EA0C0142E89A
:106D2000021393B1016851E8021F026801EA0C01E5
:106D300042E802134BB1016851E8021F026801EA00
:106D40000C0142E80213002BDAD1C16E012924D1D3
:106D5000016851E8001F026821F0100142E80013A9
:106D6000DBB1016851E8001F026821F0100142E820
:106D7000001393B1016851E8001F026821F010016F
:106D800042E800134BB1016851E8001F026821F08E
:106D9000100142E80013002BDAD12021C0F88C103A
:106DA0000021C1664167D0F8901041F01001C0F891
:106DB0009010FDF763BD00000168806A09688906CC
:106DC00000F1A1800021A0F85E1000BF016851E829
:106DD000001F026821F4807142E80013E3B10168EA
:106DE00051E8001F026821F4807142E800139BB152
:106DF000016851E8001F026821F4807142E8001325
:106E000053B1016851E8001F026821F4807142E823
:106E10000013002BDAD100BF016851E8021F02689D
:106E200021F0010142E80213BBB3016851E8021FDF
:106E3000026821F0010142E8021373B3016851E8CE
:106E4000021F026821F0010142E802132BB301681E
:106E500051E8021F026821F0010142E80213002BF1
:106E6000DAD11AE0016851E8021F026821F04001FE
:106E700042E80213DBB1016851E8021F026821F009
:106E8000400142E8021393B1016851E8021F026811
:106E900021F0400142E802134BB1016851E8021FA2
:106EA000026821F0400142E80213002BDAD12021D0
:106EB000C0F88C10C16E012925D100BF016851E8CE
:106EC000001F026821F0100142E80013DBB10168E5
:106ED00051E8001F026821F0100142E8001393B14D
:106EE000016851E8001F026821F0100142E8001318
:106EF0004BB1016851E8001F026821F0100142E81F
:106F00000013002BDAD100210167C16E012918BFDF
:106F1000FEF798B9B0F85C10FDF7C2BB806A01219A
:106F20000167C16E012918BFFEF700BAB0F85C1006
:106F30004908FDF7B5BB0000B0F860200168D0F843
:106F40008C30222B40F0CC80496A836D114023F8AD
:106F5000021B8365B0F85E100139A0F85E10B0F82E
:106F60005E10002918BF7047016851E8001F0268D1
:106F700021F4907142E80013E3B1016851E8001F69
:106F8000026821F4907142E800139BB1016851E856
:106F9000001F026821F4907142E8001353B10168A8
:106FA00051E8001F026821F4907142E80013002BA1
:106FB000DAD100BF016851E8021F026821F0010127
:106FC00042E80213DBB1016851E8021F026821F0B8
:106FD000010142E8021393B1016851E8021F0268FF
:106FE00021F0010142E802134BB1016851E8021F90
:106FF000026821F0010142E80213002BDAD12021BE
:10700000C0F88C10002141670167016848F2000256
:10701000C4F20002914202D04968090236D4C16E1E
:10702000012918BFFEF70EB90021C166016851E8B9
:10703000001F026821F0100142E80013DBB1016873
:1070400051E8001F026821F0100142E8001393B1DB
:10705000016851E8001F026821F0100142E80013A6
:107060004BB1016851E8001F026821F0100142E8AD
:107070000013002BDAD10168CA69D20644BF10227E
:107080000A62B0F85C10FDF70BBB00BF016851E865
:10709000001F026821F0806142E80013002BBED07F
:1070A000016851E8001F026821F0806142E8001386
:1070B000002BB4D0016851E8001F026821F0806104
:1070C00042E80013002BAAD0016851E8001F0268B3
:1070D00021F0806142E80013002BD7D19FE700BF69
:1070E000886940F008008861704700002DE9F04F82
:1070F00081B004460068B4F86050C66901688268CF
:10710000D4F88C30222B40F04381B4F8680000287A
:1071100000F0E48001F4807802F001074FF00009EC
:107120004FF0020B4FF0010A04E000BFB4F85E001C
:1071300000285CD0B00640F1D1802068A16D426A81
:107140002A4021F8022BA165B4F85E100139A4F899
:107150005E10C6697107E9D0F20718BFB8F1000FD9
:1071600002D1B2070AD412E0C0F820A0D4F89020CF
:1071700042F00102C4F89020B20708D53FB1C0F830
:1071800020B0D4F8902042F00402C4F890200029E6
:1071900008D53FB104210162D4F8900040F002000C
:1071A000C4F89000D4F890000028BFD02046FDF726
:1071B00065FBC4F89090B9E7206850E8000F21689B
:1071C00020F4807041E80002DAB1206850E8000F36
:1071D000216820F4807041E8000292B1206850E8F4
:1071E000000F216820F4807041E800024AB1206855
:1071F00050E8000F216820F4807041E80002002A66
:10720000DAD14FF6FE70CEF6FF7000BF216851E86C
:10721000021F2268014042E80213C3B1216851E80D
:10722000021F2268014042E8021383B1216851E83D
:10723000021F2268014042E8021343B1216851E86D
:10724000021F2268014042E80213002BDED12020F9
:10725000C4F88C00002060672067206848F20001B5
:10726000C4F20001884203D04068000200F1988017
:10727000E06E012840F0C0800020E066206850E801
:10728000000F216820F0100041E80002DAB1206808
:1072900050E8000F216820F0100041E8000292B190
:1072A000206850E8000F216820F0100041E800023B
:1072B0004AB1206850E8000F216820F0100041E832
:1072C0000002002ADAD12068C169C90644BF102132
:1072D0000162B4F85C102046FDF7E2F9B4F85E00F4
:1072E000002852D0B4F8681088424ED2206850E886
:1072F000020F216820F0805041E80202DAB12068D4
:1073000050E8020F216820F0805041E8020292B15B
:10731000206850E8020F216820F0805041E8020206
:107320004AB1206850E8020F216820F0805041E8FF
:107330000202002ADAD146F63970C0F60000606712
:10734000206850E8000F216840F0200041E800026A
:10735000DAB1206850E8000F216840F0200041E8D1
:10736000000292B1206850E8000F216840F0200030
:1073700041E800024AB1206850E8000F216840F05F
:10738000200041E80002002ADAD101B0BDE8F08F08
:10739000816941F00801816101B0BDE8F08F00BF53
:1073A000206850E8000F216820F0806041E800026A
:1073B000002A3FF45DAF206850E8000F216820F0FC
:1073C000806041E80002002A3FF452AF206850E894
:1073D000000F216820F0806041E80002002A3FF49D
:1073E00047AF206850E8000F216820F0806041E836
:1073F0000002002AD4D13BE72046FDF723FFB4F872
:107400005E0000287FF46EAFBFE70000B0F86010A8
:107410000268D0F88C30222B40F0CE80526A836D07
:1074200011401970816D01318165B0F85E1001392C
:10743000A0F85E10B0F85E10002918BF704700BFBA
:10744000016851E8001F026821F4907142E80013BE
:10745000E3B1016851E8001F026821F4907142E82D
:1074600000139BB1016851E8001F026821F490717C
:1074700042E8001353B1016851E8001F026821F48B
:10748000907142E80013002BDAD100BF016851E887
:10749000021F026821F0010142E80213DBB101681A
:1074A00051E8021F026821F0010142E8021393B182
:1074B000016851E8021F026821F0010142E802134D
:1074C0004BB1016851E8021F026821F0010142E856
:1074D0000213002BDAD12021C0F88C100021416763
:1074E0000167016848F20002C4F20002914202D032
:1074F0004968090236D4C16E012918BFFDF7A2BE42
:107500000021C166016851E8001F026821F01001E6
:1075100042E80013DBB1016851E8001F026821F066
:10752000100142E8001393B1016851E8001F02689E
:1075300021F0100142E800134BB1016851E8001F2F
:10754000026821F0100142E80013002BDAD1016833
:10755000CA69D20644BF10220A62B0F85C10FDF777
:107560009FB800BF016851E8001F026821F08061E8
:1075700042E80013002BBED0016851E8001F0268EA
:1075800021F0806142E80013002BB4D0016851E87B
:10759000001F026821F0806142E80013002BAAD08E
:1075A000016851E8001F026821F0806142E8001381
:1075B000002BD7D19FE700BF906940F00800906191
:1075C000704700002DE9F04F81B004460068B4F820
:1075D0006050C66901688268D4F88C30222B40F074
:1075E0004581B4F86800002800F0E68001F4807B53
:1075F00002F001074FF000084FF0020A4FF00109B6
:1076000004E000BFB4F85E0000285ED0B00640F190
:10761000D3802068A16D406A28400870A16D206861
:107620000131A165B4F85E100139A4F85E10C66995
:107630007107E7D0F20718BFBBF1000F02D1B20704
:107640000AD412E0C0F82090D4F8902042F0010251
:10765000C4F89020B20708D53FB1C0F820A0D4F8F4
:10766000902042F00402C4F89020002908D53FB1D0
:1076700004210162D4F8900040F00200C4F89000A8
:10768000D4F890000028BDD02046FDF7F7F8C4F8E4
:107690009080B7E7206850E8000F216820F48070E0
:1076A00041E80002DAB1206850E8000F216820F4B8
:1076B000807041E8000292B1206850E8000F216814
:1076C00020F4807041E800024AB1206850E8000FC1
:1076D000216820F4807041E80002002ADAD14FF6D8
:1076E000FE70CEF6FF7000BF216851E8021F2268CD
:1076F000014042E80213C3B1216851E8021F226829
:10770000014042E8021383B1216851E8021F226858
:10771000014042E8021343B1216851E8021F226888
:10772000014042E80213002BDED12020C4F88C0077
:10773000002060672067206848F20001C4F2000161
:10774000884203D04068000200F19880E06E012872
:1077500040F0C0800020E066206850E8000F2168FB
:1077600020F0100041E80002DAB1206850E8000F74
:10777000216820F0100041E8000292B1206850E832
:10778000000F216820F0100041E800024AB1206893
:1077900050E8000F216820F0100041E80002002AA4
:1077A000DAD12068C169C90644BF10210162B4F86A
:1077B0005C102046FCF774FFB4F85E00002852D03D
:1077C000B4F8681088424ED2206850E8020F216851
:1077D00020F0805041E80202DAB1206850E8020F40
:1077E000216820F0805041E8020292B1206850E800
:1077F000020F216820F0805041E802024AB120685F
:1078000050E8020F216820F0805041E80202002A6F
:10781000DAD147F20D40C0F600006067206850E8FA
:10782000000F216840F0200041E80002DAB1206832
:1078300050E8000F216840F0200041E8000292B1BA
:10784000206850E8000F216840F0200041E8000265
:107850004AB1206850E8000F216840F0200041E85C
:107860000002002ADAD101B0BDE8F08F816941F051
:107870000801816101B0BDE8F08F00BF206850E8C9
:10788000000F216820F0806041E80002002A3FF4E8
:107890005DAF206850E8000F216820F0806041E86B
:1078A0000002002A3FF452AF206850E8000F216820
:1078B00020F0806041E80002002A3FF447AF2068D2
:1078C00050E8000F216820F0806041E80002002AA3
:1078D000D4D13BE72046FDF7B5FCB4F85E000028A4
:1078E0007FF46EAFBFE7000070B5054605F10804F0
:1078F0001ECC0068194341EA0403EE69046846F6A9
:10790000F311CCF6FF712140194331430160416806
:1079100048F2000C21F4405111434160AA69C4F2BD
:10792000000C60451CBF296A0A4381684FF2FF437F
:10793000C1F2FF13194011438160C16AD5F824E0F8
:1079400021F00F0141EA0E01C16244F6FF71C4F259
:10795000000188424FF0100318DC44F20041C4F2E9
:107960000001884228D044F60001C4F20001884298
:1079700032D044F60041C4F20001884242D141F2C3
:107980008801C4F2020109688B0933E045F2000165
:10799000C4F20001884217D0604525D043F60001AB
:1079A000C4F2010188422DD141F28801C4F20201E2
:1079B0000B6876A222E000BF41F28801C4F2020106
:1079C00009688B0816E000BF41F28801C4F2020189
:1079D00009680B0A0EE000BF41F28801C4F20201FF
:1079E00009680B0906E000BF41F28801C4F20201F8
:1079F00009688B0A49F2E452C0F6000203F0030161
:107A000052F82130604542F20040C0F2F40015D037
:107A1000B6F5004F22D1082B4FF0010100F2AD80E6
:107A2000DFE803F0065C74AB64ABABAB720000BF85
:107A3000FBF732F8002840F05D809AE0082B4FF009
:107A4000010100F29A80DFE803F0059825981B9861
:107A500098982300FBF720F8B0B98AE0082B4FF084
:107A6000010100F28A80DFE803F0053D6F88498854
:107A700088886D00FBF710F8002842D179E000BF3C
:107A8000FBF736F8002874D0D5F824E002E000BFF8
:107A90004FF4004049F2BC51C0F6000131F81E100D
:107AA0006A68B0FBF1F002EB420188424FF001013D
:107AB00063D31303984260D8010E000210EB52000A
:107AC00041F100010023F8F7A3FB4FF60052A0F5A7
:107AD0004071C0F20F02914249D34DE0FAF7F2FF34
:107AE00040B946E0FAF7EEFF58B942E0FBF700F87C
:107AF00000283ED0D5F824E008E000BFFAF7F8FFF0
:107B0000B8B3D5F824E01FE04FF4004049F2BC516F
:107B1000C0F6000131F81E106A68B0FBF1F05108A0
:107B200001EB4000B0FBF2F04FF6EF72A0F1100154
:107B3000914221D84FF6F0710140C0F34200084451
:107B400015E000BF4FF4004049F2BC51C0F60001FF
:107B500031F81E104FF6EF72B0FBF1F0696800EBE0
:107B60005100B0FBF1F0A0F11001914204D8296856
:107B7000C860002101E000BF01214FF00110A8669C
:107B8000002208466A67AA6770BD00BF01000000B6
:107B9000040000000200000008000000B0B5134619
:107BA0000A46816500210446A0F85C30C0F89010B8
:107BB0002220C4F88C00D4F88000E8B146F6DD3508
:107BC000C0F600054563256846F6B95C46F61D7E9D
:107BD000C0F6000CC0F6000E816305F12401C0E977
:107BE0000BCEF9F7B5F838B11020C4F8900020207A
:107BF000C4F88C000120B0BD206928B3206850E88B
:107C0000000F216840F4807041E80002E2B1206872
:107C100050E8000F216840F4807041E800029AB1FA
:107C2000206850E8000F216840F4807041E80002AD
:107C300052B1206850E8000F216840F4807041E89C
:107C40000002002ADAD100BF206850E8020F216844
:107C500040F0010041E80202BAB3206850E8020F88
:107C6000216840F0010041E8020272B3206850E848
:107C7000020F216840F0010041E802022AB32068A7
:107C800050E8020F216840F0010041E80202002A9A
:107C9000DAD11AE0206850E8020F216840F0400075
:107CA00041E80202DAB1206850E8020F216840F092
:107CB000400041E8020292B1206850E8020F2168BA
:107CC00040F0400041E802024AB1206850E8020F4B
:107CD000216840F0400041E80202002ADAD1002089
:107CE000B0BD00008165A0F85C20A0F85E2081682E
:107CF0000023436771B1B1F1805F07D0B1F5805FB8
:107D00000ED1016951B940F2FF110AE0016919B1C0
:107D10003F2106E0016909B17F2102E0FF2100E077
:107D20000021A0F860100021C0F890102221C0F8B6
:107D30008C1000BF016851E8021FD0F800C041F06C
:107D400001014CE80213F3B1016851E8021FD0F8B9
:107D500000C041F001014CE80213A3B1016851E8F1
:107D6000021FD0F800C041F001014CE8021353B1EA
:107D7000016851E8021FD0F800C041F001014CE851
:107D80000213002BD6D1416EB1F1005F03D1B0F8E0
:107D90006810914240D982680169B2F5805F07D1CD
:107DA000002947D047F20D41C0F60001416707E0C6
:107DB00047F20D42C0F600020029426740D000BFE2
:107DC000016851E8001F026841F4907142E8001315
:107DD000002B00F0B680016851E8001F026841F4F2
:107DE000907142E80013002B00F0AB80016851E86D
:107DF000001F026841F4907142E80013002B00F06C
:107E0000A080016851E8001F026841F4907142E8C7
:107E10000013002BD4D194E082680169B2F5805F31
:107E200038D1002962D047F2C551C0F60001416740
:107E300036E000BF46F63971C0F60001416700BF69
:107E4000016851E8001F026841F0200142E8001378
:107E5000002B76D0016851E8001F026841F0200134
:107E600042E80013002B6CD0016851E8001F026843
:107E700041F0200142E80013002B62D0016851E874
:107E8000001F026841F0200142E80013002BD7D107
:107E900057E000BF47F2C552C0F60002426759B32F
:107EA000016851E8001F026841F4807142E8001344
:107EB00013B3016851E8001F026841F4807142E881
:107EC0000013CBB1016851E8001F026841F48071D2
:107ED00042E8001383B1016851E8001F026841F4D1
:107EE000807142E80013002BDAD105E047F2ED0182
:107EF000C0F60001416700BF016851E8021F026837
:107F000041F0805142E80213DBB1016851E8021FE1
:107F1000026841F0805142E8021393B1016851E8D0
:107F2000021F026841F0805142E802134BB1016820
:107F300051E8021F026841F0805142E80213002B11
:107F4000DAD10020704700002DE9F041804600683A
:107F50001546C2690E461140891BB1FA81F14909E3
:107F6000A94223D1069C2CB3611C29D1C16931409F
:107F7000891BB1FA81F14909A94217D1C169314080
:107F8000891BB1FA81F14909A9420FD1C169314078
:107F9000891BB1FA81F14909A94207D1C169314070
:107FA000891BB1FA81F14909A942DFD00020BDE85F
:107FB000F08100BFF9F750FC0320BDE8F08100BF5D
:107FC0001F4607E0C0693040801BB0FA80F04009CE
:107FD000A842EBD1F9F740FCC01BA04200F2AE80F2
:107FE000D8F8000001684907ECD5402EEAD0802E71
:107FF000E8D0C169090700F1A580C1690905E1D58B
:108000004FF400610162D8F8000050E8000FD8F882
:10801000001020F4907041E800020AB3D8F8000084
:1080200050E8000FD8F8001020F4907041E80002EA
:10803000B2B1D8F8000050E8000FD8F8001020F4D2
:10804000907041E800025AB1D8F8000050E8000FE3
:10805000D8F8001020F4907041E80002002AD2D134
:108060004FF6FE70CEF6FF70D8F8001051E8021FF0
:10807000D8F80020014042E80213F3B1D8F800100C
:1080800051E8021FD8F80020014042E80213A3B1D2
:10809000D8F8001051E8021FD8F80020014042E84B
:1080A000021353B1D8F8001051E8021FD8F800208D
:1080B000014042E80213002BD6D1D8F86C00012809
:1080C0002CD1D8F8000050E8000FD8F8001020F0AC
:1080D000100041E800020AB3D8F8000050E8000F91
:1080E000D8F8001020F0100041E80002B2B1D8F832
:1080F000000050E8000FD8F8001020F0100041E810
:1081000000025AB1D8F8000050E8000FD8F800106B
:1081100020F0100041E80002002AD2D120200021E6
:10812000C8F88C00C8F86C10C8F87410C8F8900033
:10813000032088F88410BDE8F08100BF0320BDE86B
:10814000F08100BF08210162D8F8000050E8000F5C
:10815000D8F8001020F4907041E800020AB3D8F873
:10816000000050E8000FD8F8001020F4907041E8AB
:108170000002B2B1D8F8000050E8000FD8F80010A3
:1081800020F4907041E800025AB1D8F8000050E89D
:10819000000FD8F8001020F4907041E80002002A87
:1081A000D2D14FF6FE70CEF6FF70D8F8001051E82D
:1081B000021FD8F80020014042E80213F3B1D8F8BA
:1081C000001051E8021FD8F80020014042E80213D5
:1081D000A3B1D8F8001051E8021FD8F800200140E0
:1081E00042E8021353B1D8F8001051E8021FD8F842
:1081F0000020014042E80213002BD6D1D8F86C00D1
:1082000001282CD1D8F8000050E8000FD8F8001051
:1082100020F0100041E800020AB3D8F8000050E84E
:10822000000FD8F8001020F0100041E80002B2B1B1
:10823000D8F8000050E8000FD8F8001020F0100027
:1082400041E800025AB1D8F8000050E8000FD8F811
:10825000001020F0100041E80002002AD2D12020B6
:10826000C8F88C0000200821C8F86C00C8F8740019
:10827000C8F8901088F884000120BDE8F081000063
:1082800040F6BC30C2F20000FCF73EBB01460120C4
:10829000A1F8400000220020A1F84020A1F84420CD
:1082A000A1F85020704700000146B0F8400044F2A9
:1082B0007F0202400020A1F840207047FEE7000046
:1082C00080B582B0019040F6BC30C2F2000001A936
:1082D00001224FF6FF73FDF72BF8019802B080BD25
:1082E000FEF728FA38B100BF052000F0CDFDFEF7FB
:1082F00021FA0028F8D140F21805C2F2000505F174
:10830000340400BFFDF7CCFA294601F82C0B0846CF
:108310000821FDF7AFFAFF20FDF790FA0A2000F0E0
:10832000B3FD20460821FDF7A5FA0020FDF786FAE7
:10833000642000F0A9FDE5E794B0F9F733FE0024CE
:108340000020CDE90A44CDE90844FAF725F82120B8
:1083500006904FF480300790012006210C900220F7
:108360000F9155210D900325CDE91010CDE9120094
:1083700006A80E95FAF7FEFB20B1EFF3108072B657
:10838000FEE700BF0F20CDE9010501A80421CDE9DA
:1083900003440594FAF7FEF920B1EFF3108072B6AA
:1083A000FEE700BFFDF716FBFDF79CFAFDF7C2FAEA
:1083B000FDF7CCFBFDF700FCFDF76AFCFEF796F835
:1083C000FEF7D6F8FEF716F9FDF7A2FCFDF7C8FC9C
:1083D000FDF7F2FCFDF70AFEFDF79CFFFEF702F841
:1083E000FEF74AF9FDF710FDFDF762FFFDF7C6FF46
:1083F000FEF72CF8FEF752F8FDF72EFDFDF7BCFD59
:10840000FDF7D8FDFDF7A4FEFDF70CFC40F600409B
:10841000C4F6000004210022F9F718FA40F6101003
:10842000C2F20000FBF7B4F940F65C10C2F20000A3
:10843000FBF7AEF940F67804C2F2000420460021B2
:10844000FCF700F820460421FBF7FCFF40F6A810DB
:10845000C2F200003C21FBF7F5FB40F64020C2F2DF
:1084600000003C21FBF7EEFB40F62430C2F2000096
:10847000FBF78EF940F67030C2F20000FBF72EF9E0
:1084800000F006F8FDF77EFA00F004F9FEE70000C0
:108490002DE9F04F83B040F6BC3040F2A411C2F297
:1084A0000000C2F2000101220125FCF775FE49F22D
:1084B0000464C0F60004204601F042F8204601F0B2
:1084C0003FF8204601F03CF8204601F039F82046FC
:1084D00001F036F8204601F033F840F21807C2F2F6
:1084E000000746F2B56007F10C060324C0F6000051
:1084F00042A14FF448720023CDE9004600F09CFEF3
:10850000029046F2C56007F110060424C0F6000090
:108510003EA14FF416720023CDE9004600F08CFE18
:10852000814646F2BD6007F11406C0F600003AA18C
:108530004FF4C8720023CDE9004600F07DFE82466C
:1085400045F6D10007F11806C0F6000036A1C82292
:108550000023CDE9004600F06FFE834645F6DD00BE
:1085600007F11C06C0F6000033A1C8220023CDE9A4
:10857000005600F061FE044648F6F13007F120068F
:108580004FF00208C0F600002FA1C8220023CDE959
:10859000008600F051FE054648F2E12007F124066E
:1085A000C0F600002DA1C8220023CDE9008600F00E
:1085B00043FE064649F275002837C0F600002BA19D
:1085C000C8220023CDE9008700F036FE029801287A
:1085D00008BFB9F1010F0FD1BAF1010F0CD1BBF1F6
:1085E000010F09D1012C07D1012D05D1012E04BFA6
:1085F00003B0BDE8F08F00BFFEE700BF43686173C2
:108600007369635F636F6E74726F6C006D61696E26
:108610005F63707000000000506C616E6E65725F89
:108620007570646174650000494D555F5265616401
:108630005F7461736B0000004C43445F53686F7755
:108640005F7461736B0000007463733233305F7268
:108650006561645F7461736B00000000677261792B
:108660005F726561645F7461736B00007768656554
:108670006C5F73746174655F726561645F7461736C
:108680006B00000080B5012898BF012000F0FCFBC2
:10869000002080BD80B500F047FC002080BD0000B8
:1086A000B0B584B043698E4693B1846984B10589BD
:1086B000D0E9001C026928B2843D18BFC51CCDE971
:1086C000005360467346029400F0E6FD04B0B0BD6E
:1086D0000589D0E90013028A28B2843D18BFC51C61
:1086E00003AC18467346CDE9005400F0A5FD03998C
:1086F000012818BF0021084604B0B0BD2DE9F041A3
:10870000044600F001FB40F2D806C2F200063069D0
:1087100040F67855013030613068C2F2000548B14A
:108720007069002840D13068E16AC06A884298BF09
:10873000346039E034603069012835D1284600F0D2
:1087400089FA05F1140000F085FA05F1280000F01F
:1087500081FA05F13C0000F07DFA05F1500000F0CF
:1087600079FA05F1640000F075FA05F1780000F07F
:1087700071FA40F27818C2F20008404600F06AFA36
:1087800008F11407384600F065FA06F1640000F0BD
:1087900061FA06F13C0000F05DFA06F1500000F0CD
:1087A00059FAC6F8308077637068B16801220131E8
:1087B000B160E16A8A401043706001EB810005EB13
:1087C0008000211D00F088FA00F0C2FA706988B1BB
:1087D0003068E16AC06A884228BFBDE8F0814EF681
:1087E0000450CEF200004FF080510160BFF34F8F74
:1087F000BFF36F8FBDE8F08140F2D80540F67856A0
:108800004EF60458C2F20005C2F20006CEF200088D
:108810004FF0805703E000BF204600F0B1FAE8684F
:10882000D0B100F071FAA86CC468201D00F0F2F914
:10883000286901382861E8680138E86000F088FAA2
:1088400094F851000228EAD00128E5D070B9206BD5
:1088500000F096FAE0E700BF30680228DFD3C8F8DE
:108860000070BFF34F8FBFF36F8FD8E74FF050000A
:1088700080F31188BFF36F8FBFF34F8FFEE70000C7
:108880002DE9F047DDE909878246386B089C00EB4B
:10889000820004389946002920F0070644D0087861
:1088A00087F83400D8B3487887F83500B8B38878AB
:1088B00087F8360098B3C87887F8370078B3087916
:1088C00087F8380058B3487987F8390038B3887981
:1088D00087F83A0018B3C87987F83B00F8B1087AEE
:1088E00087F83C00D8B1487A87F83D00B8B1887A5B
:1088F00087F83E0098B1C87A87F83F0078B1087BC6
:1089000087F8400058B1487B87F8410038B1887B30
:1089100087F8420000281CBFC87B87F8430000206E
:1089200087F8430003E000BF002087F834000025EB
:10893000381D062C28BF0624FC62C7E9114500F04B
:1089400095F907F1180000F091F984F00700B8617B
:10895000304651464A463F617F62FD6487F8505079
:1089600000F034F9B8F1000F386018BFC8F8007093
:10897000BDE8F08708480068006880F308884FF079
:10898000000080F3148862B661B6BFF34F8FBFF367
:108990006F8F00DF00BF000008ED00E081B0002015
:1089A000009040F21000C2F2000000684FF0500149
:1089B00081F31188BFF36F8FBFF34F8F013007D062
:1089C000FEE700BF009830B9009820B9009810B9B0
:1089D00000980028F6D001B07047000070B504463A
:1089E00000F008FB40F2501CC2F2000CDCF804203E
:1089F00052B19CF80000002818BF4FF000404FF023
:108A0000000544BB81E000BF40F63060C2F20000C8
:108A1000420700F5705200F1070122F0070218BF6B
:108A200021F007000021A2F10803CCE90601CCF8EF
:108A3000043042E90211DCF80420191AC0E90021CF
:108A400001208CF800004FF00040CCE90211002C0E
:108A50004FF0000559D0204057D124F0070000F115
:108A60001003600708BF04F10803DCF80800591E72
:108A700081424AD2604650F818EFDEF804509D4219
:108A80002BD2DEF80010B9B174464D689D4217D262
:108A90000E68AEB175689D4216D23068A0B14568C7
:108AA0009D4215D204689CB165689D4214D221682C
:108AB000A6460029E9D110E00CF118000DE000BF36
:108AC0008E46204609E000BFB646084605E000BFD6
:108AD0008646304601E000BFA646964514D002689F
:108AE000DEF80040E91A112904604DD30EEB0305AE
:108AF000680719D04FF0500080F31188BFF36F8FD3
:108B0000BFF34F8FFEE700BF002500F095FC68071C
:108B10005AD04FF0500080F31188BFF36F8FBFF32E
:108B20004F8F00BFFEE700BF0CF118006960CEF860
:108B3000043000BF0168A9420AD20868A8420BD2DB
:108B40000168A94204D208680B46A842F2D304E0A7
:108B50000346084601E000BF0B465C6869681E19C1
:108B6000AE4202D121441D4659606C18844207D19F
:108B7000DCF80440A04203D0D0E90004214469603D
:108B8000AB42286018BF1D60DEF80400DCE9021368
:108B900002F10805091A9942CCF8081038BFCCF840
:108BA0000C109CF8001000294FF0000118BF40F095
:108BB0000040CEE90010DCF810000130CCF81000C5
:108BC00000F03AFC6807A4D1284670BD034648F679
:108BD0009D1021F00101C0F600004FF0807C03E9F8
:108BE00003106FF00201A3F1440043E9091270473A
:108BF00040F21804C2F20004002502E0C82000F090
:108C000043F9A0680128F9D1F7F73EFFC4E901054F
:108C1000F4E700000169D0E90132D1F804C09A609C
:108C20008445536008BF4A60002202610868013829
:108C3000086008687047000044F63443C2F200033D
:108C4000036044F63420C2F2000008608020106007
:108C5000704700004FF0FF31024642F8081F002124
:108C60004260C0E9032201607047000000210161F9
:108C70007047000010B5D1F800C01CF1010213D0FC
:108C800000F1080462681368634511D853681C68D2
:108C9000644511D85A68146864450FD8546823682D
:108CA000A6466345EED90BE00269D2F804E007E07E
:108CB0009646224604E000BF9E4601E096461A46CC
:108CC000C1F804E0CEF808108A60516008610168BC
:108CD0000131016010BD0000D0F800C04368086198
:108CE0009A68C1E90132516099600CF1010101609B
:108CF00070470000DFF80C00016841F4700101606A
:108D00007047000088ED00E04FF0500080F31188BC
:108D1000BFF36F8FBFF34F8F40F21000C2F200001D
:108D200001684A1C026009B1704700BF4EF604504A
:108D3000CEF200000068000608BF70474FF05000F8
:108D400080F31188BFF36F8FBFF34F8FFEE70000F2
:108D500040F21000C2F20000016839B1013901602F
:108D600018BF7047002080F3118870474FF0500003
:108D700080F31188BFF36F8FBFF34F8FFEE70000C2
:108D800070B5002808BF70BD40F25014C2F2000454
:108D9000217850F8042C002918BF4FF000411142EF
:108DA0000ED0A0F108052B68A3B14FF0500080F35E
:108DB0001188BFF36F8FBFF34F8F00BFFEE700BF77
:108DC0004FF0500080F31188BFF36F8FBFF34F8FC8
:108DD000FEE700BF22EA010140F8041C064600F04D
:108DE00009F956F8041CA0680844A06004F11800B2
:108DF0000368AB420AD21868A84225D20368AB4286
:108E000004D218681A46A842F2D301E00246184676
:108E10005368D618AE4202D11944154651606B18FA
:108E2000834206D16368984203D0D0E90003194415
:108E30006960AA42286018BF1560606901306061EE
:108E4000BDE8704000F0F8BA1A465368D618AE4232
:108E5000E5D1E1E74EF21000CEF200000021016002
:108E6000816040F20C01C2F20001096844F6D3525D
:108E7000C1F26202A1FB02124FF0FF3101EB92112D
:108E8000416007210160704770B500283FD040F273
:108E9000D804C2F20004A16951B14FF0500080F330
:108EA0001188BFF36F8FBFF34F8F00BFFEE700BF86
:108EB0000546A0690130A061666A20680430FFF7AA
:108EC000A9FE48B12068AD19456012D3606B2168D6
:108ED0000431FFF7CFFE15E020680121C06A626807
:108EE00001FA00F022EA000060602068AD194560D8
:108EF000ECD2206B21680431FFF7BCFE206A85426A
:108F000038BF256200F098FA002818BF70BD4EF6F1
:108F10000450CEF200004FF080510160BFF34F8F3C
:108F2000BFF36F8F70BD0000B0B588B00020CDE9F1
:108F3000050006A805A904AAFFF77EFE0598B8B3A8
:108F4000069C002C3ED05421049A0791079954297D
:108F500042D107992063022084F8510007A8002518
:108F6000CDE9005048F2F970C0F600001FA10023BF
:108F70000294FFF785FC2046FFF7C0FB079940F2FB
:108F8000D800C2F20000C16179B14FF0500181F305
:108F90001188BFF36F8FBFF34F8F4FF0FF31016226
:108FA00001214161456200F06BF808B0B0BD00BF1F
:108FB0004FF0500080F31188BFF36F8FBFF34F8FD6
:108FC000FEE700BF4FF0500080F31188BFF36F8FB2
:108FD000BFF34F8FFEE700BF4FF0500080F31188C2
:108FE000BFF36F8FBFF34F8FFEE700BF49444C457F
:108FF0000000000040F2D800C2F200008169013197
:109000008161704740F2D800C2F2000081690029F6
:109010001EBF012181627047002181624168B1FA5F
:1090200081F1C9B2C1F11F0140F6785201EB810113
:10903000C2F2000252F8213063B102EB81025168A2
:1090400002F108034968994251600DD0C968016076
:10905000704700BF4FF0500080F31188BFF36F8F4F
:10906000BFF34F8FFEE700BF49685160C9680160D8
:10907000704700004FF49670FFF706FFFAE7000014
:10908000B0B584B04EF2004CCEF2000C4CF2702120
:10909000C4F20F11DCF800294B1C9A420AD14FF0A0
:1090A000500080F31188BFF36F8FBFF34F8F00BF65
:1090B000FEE700BFDCF800298A4209D14FF05000DA
:1090C00080F31188BFF36F8FBFF34F8FFEE700BFB0
:1090D0009CF800100291FF218CF800109CF8001001
:1090E0008DF807109DF8071001F0500240F2701142
:1090F000C2F200010A7007224A609DF90720B2F10E
:10910000FF3F6BDC032200BFD31C4B609DF80700C0
:1091100040008DF807009DF90700B0F1FF3F24DC07
:10912000931C4B609DF8070040008DF807009DF9E7
:109130000700B0F1FF3F18DC531C4B609DF807009F
:1091400040008DF807009DF90700B0F1FF3F0CDCEF
:109150004A609DF80700043A40008DF807009DF929
:109160000700B0F1FF3FCFDD131D032B36D14FF4C5
:109170004070486002988CF80000DCF8200940F448
:109180007000CCF82009DCF8200940F07040CCF8E1
:109190002009FFF75FFE40F21004C2F20004002530
:1091A0002560FFF7A7FD4EF63470CEF2000001688F
:1091B00041F040410160FFF7DDFBFFF723FF03951E
:1091C00020684FF0500181F31188BFF36F8FBFF318
:1091D0004F8F013012D000BFFEE700BF4FF05000AC
:1091E00080F31188BFF36F8FBFF34F8FFEE700BF8F
:1091F000039830B9039820B9039810B90398002850
:10920000F6D0002004B0B0BD80B54FF0500080F320
:109210001188BFF36F8FBFF34F8F00F089F830B123
:109220004EF60450CEF200004FF080510160002055
:1092300080F3118880BD00002DE9F04184B007461D
:109240009000984615460E46FFF7C8FBF8B1044655
:109250005420FFF7C3FBB8B1DDE90A210023046302
:1092600080F85130CDE900210446384631462A467F
:1092700043460294FFF704FB2046FFF73FFA012024
:1092800004B0BDE8F08100BF2046FFF779FD4FF044
:10929000FF3004B0BDE8F08170B586B00B9CCCB156
:1092A0000C9E0EB354250495049D542D26D1049D87
:1092B000DDF828C0022586F8515005AD3463CDE9AC
:1092C00000C50296FFF7DCFA3046FFF717FA05985B
:1092D00006B070BD4FF0500080F31188BFF36F8F60
:1092E000BFF34F8FFEE700BF4FF0500080F31188AF
:1092F000BFF36F8FBFF34F8FFEE700BF4FF05000FB
:1093000080F31188BFF36F8FBFF34F8FFEE700002C
:1093100040F2D800C2F20000416900290FBF0120CD
:109320008069B0FA80F0400918BF40007047000023
:109330002DE9F04740F2D806C2F20006B06928B124
:10934000F06A0130F0620020BDE8F087706A10F129
:10935000010AC6F824A020D3306B006850B14FF04A
:10936000500080F31188BFF36F8FBFF34F8F00BFA2
:10937000FEE700BF306B716B31637063B06B01301F
:10938000B063306B006828B1306BC068C06840685B
:1093900002E000BF4FF0FF303062306A40F678588C
:1093A0008245C2F2000801D2002434E0306B002470
:1093B000006868B34FF0010916E000BFF86A7168F1
:1093C00009FA00F2114300EB8000716008EB8000A5
:1093D0002946FFF781FCF86A3168C96A326B884216
:1093E000106828BF4C4698B1306BC068C7683D46CE
:1093F00055F8040F82450DD32846FFF70BFCB86AD9
:109400000028DBD007F11800FFF704FCD6E700BF07
:109410004FF0FF3030623068C06A00EB800058F8CF
:109420002000012888BF0124B06A002818BF012449
:109430002046BDE8F08700002DE9F04140F2D80554
:10944000C2F20005A86968B1FFF75EFCA86901389F
:10945000A861A86980B10024FFF77AFC2046BDE826
:10946000F08100BF4FF0500080F31188BFF36F8F81
:10947000BFF34F8FFEE700BF28690028EBD0686E6E
:1094800078B340F678580126C2F20008286FC76802
:1094900007F11800FFF7BEFB3C1D2046FFF7BAFBA3
:1094A000F86A696806FA00F2114300EB800069600F
:1094B00008EB80002146FFF70FFCF86A2968C96AAB
:1094C000884228BFAE62686E0028DFD1286B006832
:1094D00020B1286BC068C068406801E04FF0FF30E1
:1094E0002862EC6A4CB10126FFF722FF002818BF62
:1094F000AE62013CF8D10020E862A86A0028AAD038
:109500004EF60450CEF200004FF080510160BFF3E0
:109510004F8F0124BFF36F8FFFF71AFC2046BDE881
:10952000F08102E008C8121F08C1002AFAD1704772
:109530007047002001E001C1121F002AFBD17047D3
:1095400010B5044601E0FEF7BBFE14F8010B044918
:109550000028F8D1BDE810400A20FEF7B1BE000097
:1095600000000020DDDDDDDDDCBBBBDDDDDDDDDDC4
:10957000DDDDDDDD9888888888888888777777774B
:109580007788888885555556666666666666666617
:1095900066688888833333322222222222222222C2
:1095A0002228888D00000000000000000102030452
:1095B0000607080900000000010203040100020080
:1095C0000400060008000A000C0010002000400003
:1095D000800000010001020304050607080C1014B6
:1095E00018203040000000000400000002000000CD
:1095F0000800000001010103070100000804020443
:109600000801010141542B4C494748542B4F4E0D42
:109610000064656661756C745461736B0041542B12
:10962000434F4C4F520D00004896000800000020A8
:10963000180000002295000860960008180000201D
:10964000705C00003295000800000000100000006F
:10965000010000000024F400AAAAAAAA0000000049
:04000005080001D915
:00000001FF
