:020000040800F2
:10000000E85900209D01000849680008854900085A
:100010004168000855100008797B000800000000C6
:100020000000000000000000000000002171000836
:100030009D15000800000000C16A0008E171000879
:10004000B7010008B7010008B7010008B7010008B0
:10005000B7010008B7010008B7010008B7010008A0
:10006000A1150008A9150008B70100086D150008C2
:10007000B7010008B7010008B7010008B701000880
:1000800079150008B7010008B7010008B70100089A
:10009000B7010008B7010008B7010008B701000860
:1000A000B7010008B7010008B7010008B701000850
:1000B000B7010008B7010008B7010008B701000840
:1000C000B7010008B7010008B7010008B701000830
:1000D000B7010008B7010008B7010008B701000820
:1000E000B7010008B7010008B7010008B701000810
:1000F000B7010008B7010008B7010008B701000800
:10010000B7010008B7010008B7010008B7010008EF
:10011000E5730008B7010008B7010008B70100083F
:10012000B701000885150008B7010008B7010008ED
:10013000B7010008B7010008B7010008B7010008BF
:10014000B7010008B7010008B7010008B7010008AF
:10015000B701000891150008B7010008857700086D
:10016000B7010008B7010008B7010008B70100088F
:10017000B7010008B7010008B7010008000000003F
:10018000B7010008B7010008DFF80CD000F04EFC02
:1001900000480047057F0008E859002006488047CE
:1001A00006480047FEE7FEE7FEE7FEE7FEE7FEE75C
:1001B000FEE7FEE7FEE7FEE7A572000889010008FA
:1001C0002DE9F05F0546002092469B46884606468C
:1001D000814640241BE0284641464746224600F01F
:1001E0002CFB53465A46C01A914110D3114618466B
:1001F000224600F013FB2D1A67EB01084F462246FA
:100200000120002100F00AFB17EB00094E41201EDF
:10021000A4F10104DFDC484631462A464346BDE8E6
:10022000F09FD2B201E000F8012B491EFBD27047CB
:100230000022F6E710B513460A4604461946FFF7B2
:10024000F0FF204610BD00000FB400B58DB010A91E
:1002500009900B9000914FF0FF300A9000200C9015
:1002600005480690054807906A4609A80F9900F0CE
:100270001BFB0DB05DF814FBC5080008E30800087F
:100280002DE9FF5F1D464FF0FF3BD5E90146914642
:100290005F464FF00008A9697F1C01988847296ACA
:1002A000824688470028F6D1BAF1FF3F0CD024F4EB
:1002B000C064002E19DD600614D5BAF12B0F09D0E9
:1002C000BAF12D0F0ED103E0584604B0BDE8F09FFF
:1002D00044F48064A9697F1C01988847761E824691
:1002E000002E02DDBAF1300F03D0B9F1000F26D095
:1002F00032E0A969761E44F400747F1C0198884797
:100300008246002E05DDBAF1780F06D0BAF1580FFB
:1003100003D0B9F1000F10D01EE0B9F1000F02D0E8
:10032000B9F1100F18D1A969761E24F400747F1C4E
:10033000019888478246102002E0082000E00A2049
:10034000814609E008FB0908A969761E44F4007497
:100350007F1C019888478246002E05DD494650469D
:1003600000F08DFA0028EDDAE96901988847A005C8
:1003700002D46FF00100A8E7E00725D1600613D58D
:10038000600502D5C8F1000000E0404629680A1D5A
:100390002A600968220501D5087015E0220701D5F9
:1003A000088011E008600FE02868011D29600068DE
:1003B000210502D580F8008006E0210702D5A0F8CB
:1003C000008001E0C0F8008038467EE72DE9FE4F4E
:1003D000804681EA0300C00F0C46009021F00041E6
:1003E00023F00045B8EB0200A94105D24046214662
:1003F00090461C460B46024623F00040104347D06F
:10040000270DC7F30A00C3F30A510290401A019066
:1004100040286BDAC3F3130040F4801B0098924627
:1004200020B10023D2EB030A63EB0B0B0198594672
:10043000C0F14002504600F0F1F906460D46504624
:100440005946019A00F009FA10EB080061410024B6
:1004500087EA115284EAE7731A4340D0009A62B3E4
:10046000019A012A4FEA075215DC001B61EB0201D9
:100470004FF0004202EA0752CDE90042001C41F56C
:10048000801132462B4600F083FA03B0BDE8F08FAE
:1004900040462146F9E7001B61EB0201001C41F5D3
:1004A000801300185B412018A2F5001747EB0301E9
:1004B00040EAD570B6196D4111E06D084FEA360675
:1004C00045EAC0754FEA0752001B61EB0201001CB0
:1004D00041F5801149084FEA300000195141324678
:1004E0002B4603B0BDE8F04F00F043BA009801225C
:1004F00040000023D0EB020263EBE073009821463A
:100500004FEAE074B8EB000061EB0401E9E783F027
:1005100000435BE781F0004158E72DE9FE4F81EA97
:10052000030404F0004421F0004100944FF0000B5C
:1005300023F0004350EA01045ED052EA03045BD08A
:10054000C3F30A54C1F30A552C44A4F2F3340194C2
:10055000A0FB0254C1F3130141F48011C3F3130350
:1005600043F4801301FB024400FB034E840A970A04
:1005700044EA815447EA8357A4FB076802958D0A31
:1005800005FB07854FEA932C04FB0C542705029DBD
:100590004FEA065847EA1637B5EB08056EEB070C2D
:1005A000870E920E47EA811742EA8312A7FB0201E7
:1005B000B6EB0B0164EB00042B0D43EA0C335E1821
:1005C00044EB1C50DA465146E7FB0201C5F3130425
:1005D0004FEA0B3343EA14534FEA0432019C43EAD7
:1005E0000603A4F10C040294009CCDE900B400F0D1
:1005F000CFF903B0BDE8F08F00200146F9E72DE9FF
:10060000F04D81EA030404F0004B21F0004514464C
:100610004FF0000A23F0004150EA050220D054EACE
:1006200001021DD0C5F30A570246C5F31303C1F3F7
:100630001300C1F30A5640F4801543F48013A7EB6E
:100640000608101BD64608F2FD3873EB050002D3EE
:1006500008F1010801E092185B41B8F1000F03DADC
:1006600000200146BDE8F08D00204FF480110646C1
:1006700084460EE0171B73EB050705D3121B63EBD3
:10068000050306434CEA010C49084FEA3000921872
:100690005B4150EA0107EDD152EA030012D082EA31
:1006A000040083EA0501084305D0101BAB4106D2C4
:1006B0000122002306E000224FF0004302E06FF029
:1006C000010253101AEB06004CEB085110EB0A0024
:1006D00041EB0B01BDE8F04D00F04BB930B5041E05
:1006E00071F1000404DB4FF00044404264EB01016F
:1006F000141E73F1000405DB1C464FF00043524208
:1007000063EB0403101A8B4101D2012030BD00209D
:1007100030BD0EB5C10F80EAE0700844CA07002161
:1007200040F233438DE80E000A460B4600F030F9E4
:1007300003B000BD0EB540F2334102910021CDE976
:1007400000110A460B4600F023F903B000BD70B556
:10075000C1F30A5201F000450024C1F3130140F235
:10076000FF3341F480119A4201DA002070BD40F25B
:1007700033439A42A2F2334203DC524200F05DF866
:1007800000E090402C43F1D0404270BDC1F30A52CA
:1007900010B5C1F3130140F2FF3341F480119A42C6
:1007A00001DA002010BD40F233439A42A2F23342F4
:1007B00003DC524200F041F810BD904010BD00F043
:1007C000004230F000400AD0C10D01F56071C0F365
:1007D000160042EA0151C208400711437047002049
:1007E0000146704701F0004330B421F0004150EA67
:1007F000010206D00A0DA2F56072C1F31301002AAE
:1008000002DC30BC00207047440F44EAC104C10040
:10081000E01830BC00EBC25000F074B8202A04DBB2
:10082000203A00FA02F1002070479140C2F1200303
:1008300020FA03F3194390407047202A04DB203A42
:1008400021FA02F00021704721FA02F3D040C2F1F0
:1008500020029140084319467047202A06DBCB1737
:10086000203A41FA02F043EAE07306E041FA02F36B
:10087000D040C2F1200291400843194670473A28FF
:1008800000D2303820F02002412A01D3A2F13700F3
:10089000884201D34FF0FF307047000002681144D6
:1008A0001378016018467047D160044951610449CA
:1008B000116200211161114600F0D6B89D080008B0
:1008C0005D0A0008426842B1016811F8013B23B19A
:1008D000521EC0E90012184670470121C160881EEF
:1008E000704742685AB1C368016843B983688B4254
:1008F00005D0491E521CC0E90012002070474FF07D
:10090000FF3070470029A8BF7047401C490008BF4E
:1009100020F00100704710B4B0FA80FC00FA0CF02F
:1009200050EA010404BF10BC704749B1CCF1200467
:1009300021FA04F411FA0CF118BF012121430843F4
:10094000A3EB0C01CB1D4FEA00614FEA102042BF20
:10095000002010BC704700EBC35010440029A4BF16
:1009600010BC7047401C490008BF20F0010010BCBB
:10097000704710B5141E73F1000408DA401C41F1F1
:10098000000192185B411A4301D120F0010010BD13
:100990002DE9F04D92469B4611B1B1FA81F202E089
:1009A000B0FA80F220329046FFF738FF04460F4637
:1009B00040EA0A0041EA0B0153465A46084313D065
:1009C000114653EA010019D0C8F140025046FFF722
:1009D00034FF05460E46504659464246FFF71EFF75
:1009E000084305D0012004E020463946BDE8F08DDB
:1009F0000020054346EAE0762C4337430A98630516
:100A0000E40AA0EB08000022FD0A44EA47540A3039
:100A100002D500200146E9E7010510196941DDE929
:100A2000084500196941BDE8F04DA2E71CB5094829
:100A30000090094801900546009C06E0E06840F0FF
:100A4000010394E8070098471034AC42F6D3FFF74F
:100A50009FFB0000E8DA000808DB0008C0B24FF492
:100A6000F05100F097B900002DE9F34F8BB04FF033
:100A7000000801F10C000C464FF0010B46460DF149
:100A8000080A01906269012101989047051E2DD046
:100A9000252D2CD0216A8847C0B1626901210198B7
:100AA0009047216A88470028F7D1411E6269019862
:100AB000904700E0761CA1690B988847216A884717
:100AC0000028F7D1E1690B988847DBE7A1690B980B
:100AD00088470746A84201D1761CD3E7E1690B9805
:100AE00088477F1C02D1B8F1000F6FD046E1002784
:100AF00062693D463946019890472A2804D16269C7
:100B00000121019890470125DFF884926269012153
:100B100001989047A0F130010A290AD24F45E5DC3F
:100B200007EB870100EB4107303FDFD445F01005AC
:100B3000ECE7E90601D46FF000476C280AD04C2896
:100B400014D0682815D06A280DD074281CD07A28B3
:100B50001AD01DE062690121019890476C2802D0EB
:100B600045F0040514E045F002050DE045F02005D0
:100B70000AE06269012101989047682802D045F097
:100B8000080505E045F40065626901210198904778
:100B9000C4E9015765283DD019DC58287AD00CDC0F
:100BA000452837D004DC252826D0412831D131E032
:100BB00046282FD047282CD12CE05B2877D06128FD
:100BC00028D063287CD0642823D15AE0D0E06F2855
:100BD00048D008DC66281DD067281BD0692821D0A2
:100BE0006E2816D127E0702845D0732868D0752864
:100BF00047D078280DD14DE0A1690B98884705466C
:100C000025283FF469AFE1690B9888476D1C3FF4D4
:100C10006AAFB3E023466A466FF001000B99AFF369
:100C200000809EE045F040006060A80723464FF03A
:100C3000000236D43EE0E8077FF447AF2068011D8C
:100C400021600068290501D506701BE7290701D539
:100C5000068017E7A90703D5F117C0E9006111E77E
:100C600006600FE745F040006060A80723464FF09C
:100C7000080216D41EE040F60E0125EA010060606D
:100C800016E045F040006060A80723464FF00A02D6
:100C900007D40FE045F040006060A80708D5234660
:100CA00010226FF001000B99AFF3008059E007E0CC
:100CB000234610226FF001000B99FFF7E1FA50E094
:100CC0004FF000094F464B46632802D05B2806D000
:100CD00040E0E80601D40120A06001273AE0626903
:100CE0000121019890475E2805D14FF00109626902
:100CF000494601989047216939B900210A4653466F
:100D000043F82120491C0829FADBB0B3216969B9ED
:100D1000C11700EBD16253110AEB830122F01F02CD
:100D2000821A01200B68904003430B606269012125
:100D3000019890475D28E8D1B9F1000F09D0002053
:100D4000514651F82020D24341F82020401C082869
:100D5000F7DB02AB224600976FF001000B99AFF36F
:100D6000008000280CDA401C08D1BBF1000F05D030
:100D70004FF0FF300DB0BDE8F08FFFE74046F9E7D8
:100D8000E90701D108F1010806444FF0000B79E6AC
:100D9000CCCCCC0C7F2801D9002208E0064A02EB1B
:100DA0005002C007127800D1120902F00F02012090
:100DB000904008407047000048A6000840F60040F8
:100DC000C4F202008021012201F0E4B940F60040A3
:100DD000C4F202008021002201F0DCB9704700005B
:100DE00040F60040C4F202001021012201F0D2B905
:100DF00040F60040C4F202001021002201F0CAB9FE
:100E000070470000002808BF704710B54EF2180167
:100E100049F2400CCEF20001C0F2020C51F804EC91
:100E20000B6800220C689C42FCD01A44121B9C42A6
:100E300028BF724462452346F4D301380204EDD141
:100E4000BDE810407047000080B54EF21801CEF2A8
:100E50000001A82251F804CC00FB02FE0868002320
:100E60000A688242FCD003449B1A824228BF634432
:100E70007345104628BF80BDF2E7000010B5FFF7AC
:100E8000ADFFFFF7BDFF06F093FE044606F01CFF22
:100E9000204310BD2DE9F04383B0814600209046E9
:100EA0000D46CDE90000FFF791FF922000F0BAF85F
:100EB000922000F0B7F86846461E0624374600BF69
:100EC000552000F0AFF8013C210607F8010FF7D1DB
:100ED000FFF774FFBDF90000BDF9021000EE100A23
:100EE00040F20800C2F2000090ED001AB8EEC00A0D
:100EF000BDF9042021EE000A85ED000A00EE101A6B
:100F000090ED001A02EE102AB8EEC00AB8EEC22A1E
:100F100021EE000A21EE021A85ED010A85ED021A82
:100F2000FFF766FF802000F07DF80824374600BFF9
:100F3000552000F077F8013C210607F8010FF7D1A2
:100F4000FFF74EFF9DF800000F2825D1BDF90200E4
:100F5000BDF9041000EE100A40F20C00C2F20000CD
:100F600090ED001AB8EEC00ABDF9062021EE000A85
:100F700089ED000A00EE101A90ED001A02EE102A18
:100F8000B8EEC00AB8EEC22A21EE000A21EE021A1B
:100F900089ED010A89ED021AFFF718FFA22000F07F
:100FA00041F8A22000F03EF8022400BF552000F0D6
:100FB00039F8013C210606F8010FF7D1FFF7FEFED4
:100FC0009DF800009DF80110C00040EA51114FF655
:100FD00000020023CFF6FF72B3EB902F18BF11432E
:100FE00000EE101AB8EEC00AB4EE001A20EE010AA4
:100FF000B3EE071A30EE010A88ED000A40F25C20D9
:1010000099E80E00C2F2000080E80E002968C16075
:1010100069680161A9684161D8F80010816103B075
:10102000BDE8F08380B582B08DF8070040F6483007
:101030004FF47A7CC2F200000DF107010DF10602B7
:101040000123CDF800C002F0FBF99DF8060002B0C4
:1010500080BD0000FEE70000B0B52DED068B044614
:10106000002000BF51F8203044F82030013004281F
:10107000F8D141F2F52047F67D3141F235339FED4D
:10108000248A9FED249A9FED24AAC0F60000C0F6A2
:101090000001C0F600030025C4E96920C4E96B31F2
:1010A00004F15400032102220023B0EE480AF0EEBE
:1010B000490AB0EE4A1A84F8505005F0EBFC04F1EE
:1010C000C400032102220023B0EE480AF0EE490AD0
:1010D000B0EE4A1A05F0DEFC9FED100A04F59A7096
:1010E000032103220023F0EE490AB0EE4A1A05F06C
:1010F000D1FC04F1510006F025F8C4E90455C4E917
:101100000655C4E90855C4E90A55BDEC068BB0BDC7
:101110003333333F0AD7233D00000000CDCCCC3E13
:1011200070B5D0F8A4210D460446203002F1240108
:1011300004F04AF8D4F8A40100F1240100F10C02F3
:10114000284603F0E9FFD4F8A40100F10C01204681
:1011500000F066F894F85000C8BB04F15105D4F8CB
:10116000A461284605F0F2FF88BBD4F8A40196EDEF
:10117000030A90ED061A90ED0F2A30EE410AB0EE08
:10118000C00AB4EE420AF1EE10FA20DA96ED040A33
:1011900090ED071A90ED102A30EE410AB0EEC00A29
:1011A000B4EE420AF1EE10FA11DA96ED050A90ED6E
:1011B000081A90ED112A30EE410AB0EEC00AB4EEE2
:1011C000420AF1EE10FA02DA284605F0C1FFD4F81F
:1011D000A82104F110012046BDE87040104700002E
:1011E00010B50446D0F8A401D1E900CE8968C0E961
:1011F00006CE0162D4F8A401D2E9001C9268C0E9CD
:101200000F1C42641BB1D4F8A40103F0D7FF0020E7
:1012100084F850005134204605F09EFF204610BD52
:1012200070B52DED048B84B0044690F85000022870
:1012300016D0002859D104F151000D4605F086FF63
:10124000D8B1012084F850000020D4F8A4210390E4
:10125000CDE9010004F1100101A804F011F844E007
:10126000D4F8A42104F1100102F1300004B0BDEC67
:10127000048BBDE8704004F003B8D4F8A46195ED88
:10128000000AD6ED060A04F1540007F059F8D4F824
:10129000A401D6ED070A90ED0C1A04F1C40030EE5B
:1012A000018A95ED010A07F04BF8D4F8A401D6EDB8
:1012B000080A90ED0D1A04F59A7030EE019A95ED3A
:1012C000020A07F03DF8D4F8A43104F1100193EDBF
:1012D0000E1A01A830EE010A2A468DED018A8DED25
:1012E000029A8DED030A04F031F804B0BDEC048BD2
:1012F00070BD0000B0B50C460546002021582A58A4
:10130000043010285162F9D1286894ED000A07F0E2
:101310009FFB686894ED010A07F09AFBA86894EDBA
:10132000020A07F095FBE86894ED030ABDE8B040B7
:1013300007F08EBB70B515460C460646002000BF70
:101340002958325851622158043010289162F7D13F
:10135000306895ED000AD4ED000A07F0E9FA7068EC
:1013600095ED010AD4ED010A07F0E2FAB06895EDB7
:10137000020AD4ED020A07F0DBFAF06895ED030AE1
:10138000D4ED030ABDE8704007F0D2BAD0F8A4212A
:10139000002982ED0C0AC2ED0D0A82ED0E1A1EBF65
:1013A000022180F85010704780B5D0F8A4214FF08A
:1013B000010C02F13003864600F1100118468EF848
:1013C00050C0BDE8804003F05BBF000090ED002AF4
:1013D000B0EE401A9FED150AB4EE412AF1EE10FA74
:1013E00023DC90ED023AB4EE413AF1EE10FAB8BFC8
:1013F000704731EE420A90ED072A90ED061A90ED03
:10140000083A22EE002A90ED094A32EE011A20EE47
:10141000032A22EE002A32EE011A20EE042A20EEE0
:10142000022A22EE000A30EE010A70470000000096
:1014300070B52DED0C8BB0EE458AB0EE449AB0EE4F
:1014400043AAB0EE42BAB0EE41CA044651EC100BCA
:10145000F0EE658AF0EE649AF0EE63AAF0EE62BAFE
:10146000F0EE61CAFFF7BEF90DEE100A206051ECF4
:101470001C0BFFF7B7F905460CEE100A606051EC43
:101480001B0BFFF7AFF90BEE100AA06051EC1A0B23
:10149000FFF7A8F90AEE100AE06051EC190BFFF70C
:1014A000A1F9064609EE100A206151EC180BFFF76E
:1014B00099F900EE100A3BEE4D1A3AEE4C2AB0EEC6
:1014C000083A30EE004A22EE032A21EE013A34EEC9
:1014D000094A3CEE4A5A84EE014A35EE055A21EE9D
:1014E000031A39EE000A82EE032A85EE011A80EE15
:1014F000030A04F1140161C132EE442A84ED082A82
:1015000030EE010A84ED090ABDEC0C8B70BD0000C1
:1015100090ED002AB0EE401A9FED130AB4EE412A76
:10152000F1EE10FA1FDC90ED023AB4EE413AF1EE22
:1015300010FAB8BF704731EE420A90ED082A90EDDC
:10154000071A32EE022A90ED093A22EE002A32EE14
:10155000011AB0EE082A23EE022A20EE022A22EE19
:10156000000A30EE010A70470000000040F290309F
:10157000C2F2000000F06EBB40F2F030C2F2000098
:1015800000F068BB40F25040C2F2000000F062BBC5
:1015900040F2B040C2F2000000F05CBB70470000B7
:1015A000042000F021BD0000082000F01DBD000057
:1015B00072B600BFFEE700002DE9F04140F248207E
:1015C000C2F20000047840F22920C2F2000006783E
:1015D00040F26800C2F200000578972C28BF972ED1
:1015E00004D3962D84BF2D20BDE8F081A54288BF8D
:1015F000B54216D92846FFF79DF8804620460F468B
:10160000FFF798F89FED180B53EC102BFEF785FFB2
:1016100042463B46FFF762F800281CBFB420BDE8F5
:10162000F081AE4288BFA64204D9132E84BF0020A9
:10163000BDE8F081601B282807DB502C05D3A01BD8
:101640002728C4BF5A20BDE8F0814FF0FF30332D6A
:1016500038BF87204FF0FF31332E28BF0846332C88
:1016600028BF0846BDE8F081333333333333FB3FC3
:1016700040F24921C2F20001087801284FF0000031
:1016800004BF087001207047B0B581B000220092FD
:1016900090F83C20012A02D1022001B0B0BDD1F85F
:1016A00000E00122BEF10A0F80F83C200ED31FFAA1
:1016B0008EF25200036812FA8EF21E3A4FF0070CB7
:1016C00053F80C5F0CFA02F4A54308E003680EEB34
:1016D0004E02072553F8104F954024EA05051D607A
:1016E0008D6805FA02F21D682A431A604A68062AC4
:1016F0000ED802EB82014A1F01681F2351F8345FA4
:10170000934025EA03030B601FFA8EF3934014E025
:10171000016802EB82030C2A1FFA8EF203D851F8FB
:10172000304F233B02E051F82C4F413B1F259D4099
:1017300024EA050502FA03F30D600A6842F2043C4C
:101740001A430A60C4F2010C0168BEF1120FACF535
:10175000417308BF994205D1DCF8002042F48002B1
:10176000CCF800202EF00102102A08BF994205D0C3
:10177000002180F83C10002001B0B0BDDCF8001062
:10178000BEF1100F41F40001CCF80010F0D140F28E
:101790001001C2F2000109684DF68362C4F21B32E7
:1017A000A1FB0212910C01EB81014900009100990B
:1017B0000029DDD000990139F8E70000002804BFB6
:1017C0000120704710B5016C39B9044600F0A0F84B
:1017D00020460021616484F83C10016CC9063AD4AB
:1017E000016C41F202129143023142F2043201646F
:1017F000C4F20102116821F440311160136890E8CD
:1018000012102343D0F810E013604A68012422F438
:1018100080724A604A68C0F6007442EA0E224A604A
:101820004A6822F040724A604A6842EA0C024A6002
:101830008A6822F400628A60C2688B681A438A60F0
:10184000826A8B68A24223F070638B608B6804D13C
:1018500023F040520AE0012152E01A438A608A686C
:1018600022F040528A60C26A8B681A438A608A6892
:1018700022F002028A608A68037E90F8204042EAE1
:1018800043028A604A6884B142F400624A604A684E
:101890004EF2000322F460424A60426ACFF6FF73C0
:1018A0004C6803EB4232224301E022F400624A60BA
:1018B000CA6A40F2000C22F47002CA62C36942692B
:1018C000CFF6F07CCC6A0CEB03532343CB628B68DE
:1018D00023F400738B6090F830308C6844EA432323
:1018E0008B608B6823F480638B608B6843EA822271
:1018F0008A6000214164026C012363F301020264E7
:10190000002280F83C20BDE81040084670470000E7
:1019100080B586B0006842F20012C4F201020021D4
:101920009042CDE90411CDE9021101911BD042F2A0
:101930000001C4F2010188423AD1002043F630018F
:101940000090C4F202014A6942F480724A614A6915
:1019500002F480720092009A0090086840F004003F
:101960000860086813E043F630000091C4F20200FA
:10197000426942F400724261426902F400720092CC
:10198000009A0091016841F004010160006800F0D4
:101990000400009000983F20019003200290002056
:1019A000039040F60000C4F2020001A900F028FBF9
:1019B00006B080BD002804BF01207047B0B50446C2
:1019C00090F8200010B9204600F06EF820680168F9
:1019D00041F00101016000F0E3FB05462068416829
:1019E000C90705D100F0DCFB401B0B28F6D310E043
:1019F000016821F00201016000F0D2FB054600BF42
:101A00002068416889070DD500F0CAFB401B0B28F0
:101A1000F6D3606A052140F400306062012084F84A
:101A20002010B0BD217E0268012922F0800208BF8B
:101A300080320260617E0268012922F0400208BF04
:101A400040320260A17E0268012922F0200208BF14
:101A500020320260E17E0268012922F0100218BFE4
:101A600010320260217F0268012922F0080208BFBB
:101A700008320260617F0268012922F0040208BF77
:101A800004320260D4E901C2D4E9033561691A4322
:101A90002A431143ACF101021143C161002001212D
:101AA000606284F82010B0BD80B586B0006846F64C
:101AB0000002C4F2000200219042CDE90411CDE9F8
:101AC0000211019132D046F20041C4F20001884275
:101AD0006CD140F22C21C2F200010A6843F64000AA
:101AE000C4F20200531C0B6052B90021009101683E
:101AF00041F000710160016801F0007100910099EE
:101B00000021009150F8101C41F0080140F8101C11
:101B100050F8100C032100F008000090009840F2EB
:101B20000040C4F2020000F5006033E043F64000DC
:101B3000C4F202000091016841F080610160016817
:101B400001F080610091009940F22C21C2F2000165
:101B50000A68531C0B6052B900210091016841F0E2
:101B600000710160016801F000710091009900218D
:101B7000009150F8101C41F0020140F8101C50F880
:101B8000100C602100F002000090009840F200402C
:101B9000C4F202000191022102910021039103216C
:101BA00004910921059101A900F02AFA06B080BD2F
:101BB00070B5866D044600F0F3FA94F835100229EA
:101BC00025D105462068216C026822F016020260C9
:101BD000426922F08002426109B9A16C19B1016821
:101BE00021F008010160016821F00101016000BFDE
:101BF00020680068C0070ED000F0D2FA401B06280B
:101C0000F6D320206065032084F835000CE08020A6
:101C10006065012008E0E06D3F2101FA00F0B0604E
:101C2000012084F835000020002184F8341070BDB4
:101C300090F83510022909D1052180F83510006887
:101C4000016821F001010160002070478021416599
:101C500001207047F0B581B00021009140F21001E1
:101C6000C2F200010B68D0E9166148F2B515376879
:101C70000822C1F64E358A403A42A3FB05350CD006
:101C800003681C68640708D51C6824F004041C6001
:101C9000B260426D42F00102426501228A403A423E
:101CA00008D003685B691B0604D5B260426D42F040
:101CB0000202426504228A403A4208D003681B6847
:101CC0009B0704D5B260426D42F0040242651022C7
:101CD0008A403A4216D001680B681B0712D5B260E1
:101CE0000B680A685B0306D4D20506D40A6822F0A2
:101CF00008020A6001E011033FD4016C11B10446EF
:101D000088472046C26D202101FA02F33B4241D0B0
:101D100001680F68FF063DD5B36090F835700B6819
:101D2000052F1AD123F016030B604B6923F08003B3
:101D30004B61036C0BB9836C1BB10B6823F0080378
:101D40000B603F219140B160012180F83510016D99
:101D5000002280F83420D9BB3EE00A685B0310D42F
:101D6000D20512D40A6822F010020A60012180F81C
:101D70003510002180F8341007E0816C0029BED1B5
:101D8000C0E7110301D4416C00E0C16B11B10446FE
:101D900088472046416DF9B1416DC90716D005212C
:101DA00080F835100168AA0A0B6823F001030B6064
:101DB000009B01339342009302D80B68DB07F7D1F5
:101DC000012180F83510002180F83410C16C19B160
:101DD00001B0BDE8F040084701B0F0BD2DE9F04189
:101DE000044600F0DDF9C4B10546022084F8350050
:101DF0000020216884F83400086820F001000860A1
:101E000020680168C9070BD000F0CAF9401B0528FB
:101E1000F6D90321202203207AE00120BDE8F081D9
:101E2000016848F23F02CFF21002D4E9013501EA1D
:101E3000020ED4E9032143EA0E032B43D4E9056CD7
:101E40001A43D4E907781143314341EA0702616A32
:101E500042EA0802042942EA0C0303D1D4E90B2721
:101E60003A43134303604269042922F0070241EA1E
:101E700002012DD1D4E90A5341EA050143B3BCF56F
:101E8000005F08D0BCF1000F12D1022D16D0012D39
:101E900007D09DB119E0032D17D8DFE805F00B0F2F
:101EA0000B02A3F1C072B2FA82F252094AB90FE0F2
:101EB000032D02D2012222B90AE006D1C3F3006247
:101EC00032B101214022012022E00022002AF8D173
:101ED00000F0F8024AF6AB23103ACAF6AA23A2FB96
:101EE00003374DF6942341613909C0F60003595C6C
:101EF00040F2FF3398435F2A4FF03F0288BF04301F
:101F0000C4E9160102FA01F18160002201210020DA
:101F1000626584F83510BDE8F081000090F834C0A7
:101F2000BCF1010F04BF0220704770B54FF0010CE7
:101F300080F834C0D0F858E090F835C0BCF1010FFB
:101F400037D14FF0020C80F835C04FF0000CC0F8CC
:101F500054C0D0F800C08468056CC06DDCF8006027
:101F6000402C26F48026CCF80060CCF804300B46D8
:101F700004BF13460A463F2101FA00F0CCF80830AE
:101F8000CCF80C20CEF80800DCF8000040F0160079
:101F9000CCF800002DB1DCF8000040F00800CCF8CF
:101FA0000000DCF8000040F00100CCF80000002048
:101FB00070BD002180F83410022070BDB0B5044619
:101FC00000F0EEF8054640F24400C2F2000000784E
:101FD000611C18BF044400BF00F0E2F8401BA0429F
:101FE000FAD3B0BD7047000043F61441C4F20101BA
:101FF0000A68024214BF08607047FFF7F3BF000091
:102000002DE9F04F83B000F1200200F13E4741F688
:102010000045009207F1FF77C4F2020508224FEA5B
:10202000B726A84208BF0722072E38BF4FEAB722BB
:1020300000274FF0000A4FF0000801920AE000BFAD
:1020400008F101080AF1020AB8F1100F07F10407BC
:1020500000F09D800D68012202FA08FC15EA0C09C7
:10206000EED04D68032205F0030BABF10106012E03
:1020700002FA0AFE10D88668CC6826EA0E0604FA30
:102080000AF4344384604468C5F3001524EA0C065E
:1020900005FA08F52E434660BBF1030F1BD0C66856
:1020A0008D6826EA0E0605FA0AF52E43BBF1020FEB
:1020B000C66010D16FF00302009D02EA580655F881
:1020C00006C007F01C040F220B69A2402CEA020292
:1020D000A3401A43AA5102684B6822EA0E0203F099
:1020E000030606FA0AF6324313F4403F0260A7D013
:1020F000002243F644030292C4F202031A6843F634
:10210000004442F480421A601A68C4F2010402F4E6
:1021100080420292029A28F003024FF6084C2244B1
:10212000CFF6FF7C52F80C3007F00C060F25B540B7
:10213000AB43019D05FA06F6334342F80C30A26822
:102140004B6842EA090643F60C4CDD0258BF22EA0E
:102150000906A660C4F2010CDCF800209D0242EAE8
:10216000090658BF22EA0906CCF8006062689D03A0
:1021700042EA090658BF22EA090666602268DB03C4
:1021800042EA090658BF22EA0906266058E703B06A
:10219000BDE8F08F002A08BF090481617047000084
:1021A00044F68050C2F2000000687047002804BF67
:1021B00001207047F0B581B0044690F83D0028B981
:1021C000002084F83C00204600F058FB242084F8CE
:1021D0003D002068016821F001010160016841F4BF
:1021E00000410160016821F40041016000F01AFE25
:1021F000636848F2A16CC0F2010C40F60011C0F215
:102200003D0163453CBF48F28041C0F21E01884257
:1022100002D2012001B0F0BD4DF68361C4F21B3142
:10222000A0FB01122168970CD1F804E04FF49676D8
:102230002EF03F0545EA92454D60774348F6381643
:102240000D6AC0F24106A7FB067625F03F076345FD
:1022500038BF960C721C3A430A62CA6948F2A066FB
:102260004CF6FF77C0F20106B34222EA070C0AD807
:1022700001385A00B0FBF2F001306FF31F30042830
:1022800098BF042020E0A2681927002A08BF03276E
:1022900001385F43B0FBF7F701373F0509D052B172
:1022A00019225A43B0FBF2F00422013062F31F30CE
:1022B00008E0012008E003EB4302B0FBF2F001303C
:1022C0006FF31F3040F4004040EA0C00C86108681A
:1022D000D4E9072320F0C000104318430860886841
:1022E00048F2FF3204F10C0790438CCF184310439F
:1022F000A6698860C86820F0FF0038433043C86092
:10230000086840F00100086000202021206484F863
:102310003D10206384F83E0001B0F0BD2DE9F04F80
:1023200083B0984692468B460446FFF739FF94F8EF
:102330003D10202909D105462068806910F002006F
:1023400007D194F83C00012828D1022003B0BDE851
:10235000F08F012686EA500707E000BF20688069F9
:1023600010F0020086EA5007EBD0FFF719FF401B80
:102370001A28F3D3206880698007EFD50020202138
:10238000206384F83D1084F83E00216C41F0200168
:102390002164F90784F83C00D3D1D6E701212268F3
:1023A00084F83C101368DDE90D090C99DB0703D1B3
:1023B000136843F001031360136823F40063136090
:1023C000222284F83D20402284F83E20002222640C
:1023D00061626085608D594620850020CFF6FF70D0
:1023E000E062204652464346CDE9009502F0CCFA21
:1023F00018B1012003B0BDE8F08F208D022817D05E
:10240000012804D000BB00200290206806E020686C
:10241000016821F48061016000210291416902910B
:10242000816902910299016841F40071016013E031
:102430002068016821F480610160016841F4006155
:1024400001600021029102E00020029020684169B1
:102450000291806902900298218D002900F00C8180
:102460004FF0010B09F101074FF000084FF0200A6F
:102470002068032950F8142F21D8022955D00129AA
:1024800070D151060ED52068616A00690870E6E0D7
:1024900020684069400640F10281206850F8141F0E
:1024A0004906F0D40168C90600F1ED80FFF778FE17
:1024B000B9F1000FECD0401B4845EED9E8E75106D2
:1024C00026D52068616A00690870606A228D013033
:1024D000013A606222852168638D013B63854B6907
:1024E0005B0740F1C58092B2032A03D10A6822F447
:1024F00080620A6009690170B1E000BF206840692C
:10250000400640F1CC80206850F8141F4906D8D40A
:102510000168C90600F1B780FFF742FEB9F1000F6C
:10252000ECD0401B4845EED9E8E712F0040040F03B
:1025300082808BEA90060AE02068406940076BD5EC
:102540002068406910F004008BEA900673D1002FD8
:10255000F6D0FFF725FEB9F1000FEDD0401B48453E
:10256000EED9E9E712F0040027D18BEA90060AE0E1
:1025700020684069400711D52068406910F00400C8
:102580008BEA900619D1002FF6D0FFF709FEB9F1BA
:10259000000FEDD0401B4845EED9E9E7C4F8308084
:1025A00084F83DA084F83E80206C40F02000206438
:1025B000F00784F83C807FF41CAF2068616A0268F1
:1025C00022F48062026000690870606A216801304C
:1025D0006062208D01382085608D013860854869F2
:1025E00010F0040027D18BEA90060AE020684069C9
:1025F000400711D52068406910F004008BEA90066E
:1026000019D1002FF6D0FFF7CBFDB9F1000FEDD0B7
:10261000401B4845EED9E9E7C4F8308084F83DA076
:1026200084F83E80206C40F020002064F00784F89D
:102630003C807FF4DEAE2068616A026842F400727A
:10264000026000690870606A2268411C6162218D25
:1026500001392185618D0139618511694170606A97
:10266000218D01306062481E2085608D01386085B3
:10267000218D00297FF4FCAE202084F83D0000204D
:1026800084F83E0017E06FF0100101600020202167
:10269000206384F83D1084F83E00206C09E000209F
:1026A0002021206384F83D1084F83E00206C40F027
:1026B000200020640120002184F83C1003B0BDE814
:1026C000F08F00002DE9F04F83B0994692468B467B
:1026D0000446FFF765FD94F83D10202909D1054611
:1026E0002068806910F0020007D194F83C000128AE
:1026F00028D1022003B0BDE8F08F012787EA5006F9
:1027000007E000BF2068806910F0020087EA5006E9
:10271000EBD0FFF745FD401B1A28F3D320688069F2
:102720008007EFD500202021206384F83D1084F835
:102730003E00216C41F020012164F10784F83C0047
:10274000D3D1D6E70121226884F83C101368DDE973
:102750000D080C99DB0703D1136843F001031360E4
:10276000136823F400631360212284F83D20402283
:1027700084F83E200022226461626085608D5946A3
:1027800020850020CFF6FF70E062204652464B467F
:10279000CDE9008502F030FA00286AD1208DC0B35F
:1027A00008F1010604E000BF2068406900064BD52F
:1027B000206850F8141F09060DD4016849053ED45D
:1027C000002EF5D0FFF7ECFCB8F1000FECD0401B69
:1027D0004045EDD9E8E7606A2168034613F8012B0C
:1027E0000A61228D6362531E2385678D013F6785D1
:1027F0004F697F070AD51B0408D0437802300B616C
:102800006062901E2085608D01386085208D0028D3
:10281000CED1204641462A4602F0E6FA08BB20689F
:10282000016841F400710160202084F83D0000201F
:1028300084F83E0084F83C0003B0BDE8F08F6FF4EC
:1028400080610160042000E020200021202221631B
:1028500084F83D2084F83E10226C1043206484F8F4
:102860003C10206C042804D12068016841F40071F8
:102870000160012003B0BDE8F08F00002DE9F047B2
:1028800086B0006845F60041C4F200010025884288
:10289000CDE90455CDE9025501955ED045F600011C
:1028A000C4F2000188422FD045F20041C4F2000179
:1028B000884240F09980002443F630050094C4F229
:1028C0000205286801A940F002002860286800F08D
:1028D0000200009000984FF4C07001901220CDE9E2
:1028E0000204032004900420059040F20040C4F24A
:1028F0000200FFF785FB0094286940F4001028616E
:10290000286900F400106DE0002443F630050094BF
:10291000C4F20205286801A940F002002860286876
:1029200000F00200009000984FF4406001901220E7
:10293000CDE90204032004900420059040F20040F9
:10294000C4F20200FFF75CFB0094286940F48000A9
:102950002861286900F4800044E043F630060095C1
:10296000C4F20206306840F2004740F004003060D4
:102970003068C4F2020700F004000090009800954F
:10298000306801AC40F00100306030684FF0120850
:1029900000F00100009000984FF4007001904FF09B
:1029A00003094FF0040A07F580602146CDE902854E
:1029B000CDF81090CDF814A0FFF722FB4FF48070F3
:1029C000CDE9010803A880E82006A7F5806021462C
:1029D000FFF716FB0095306940F400003061306964
:1029E00000F400000090009806B0BDE8F0870000F9
:1029F00040F2440044F68051C2F20000C2F20001ED
:102A000000780A68104408607047000080B543F6FB
:102A10000040C4F20200016841F4007101600168E5
:102A200041F480610160016841F48071016003201C
:102A300000F090F80F2000F005F800F02BF80020CF
:102A400080BD0000B0B540F24402C2F2000240F284
:102A500010011278C2F200014FF47A730968B3FBD7
:102A6000F2F20446B1FBF2F1084600F015FE0F2C1D
:102A70004FF001050CD858B94FF0FF302146002225
:102A8000002500F03BF840F24800C2F2000004606C
:102A90002846B0BD82B0002043F640010190C4F248
:102AA00002014A6842F480424A604A6802F4804265
:102AB0000192019A00900868002240F0805008605E
:102AC00008680F2100F08050009000986FF001001E
:102AD00002B000F013B80000002848BF704700F0B3
:102AE0001F01012202FA01F11C2202EAD0004EF27B
:102AF0000012CEF2000281507047000010B54EF671
:102B00000C5CCEF2000CDCF80030C3F3022E8EF029
:102B10000704042C28BF0424BEF103034FF0FF3E3A
:102B20000EFA04F438BF0023A14399400EFA03F3D0
:102B30009A43114300F1604200F00F03090102F5CE
:102B40006442043B6344002848BF03F10C02117047
:102B500010BD00004EF60C51CEF200010A684FF68F
:102B6000FF031A4060F30A2242F0806040F0FD70DB
:102B700008607047002804BF01207047B0B582B0DC
:102B80000446056890F8950428B9002084F8940458
:102B9000204600F05BF80320B5F1A04F84F89504BF
:102BA00004BF0020A071206804F0ACFF94E80F007F
:102BB000257C009504F016FEB8BB2068002104F0C7
:102BC000A9FF90BB207948B300EBC0008000002132
:102BD0004FF0010C00230022E51824332A75EA8502
:102BE000984202F1010285F815C02976C5E907115E
:102BF0006962F1D100210022002300BFA518243210
:102C000085F85432904203F1010385F8551285F896
:102C10005812C5E99711C5F86412EFD194E80F0076
:102C2000257C009504F078FE28B1022084F89504F4
:102C3000012002B0B0BD00206074012084F895042A
:102C4000206804F059FE002002B0B0BDB0B586B0D7
:102C500000680024B0F1A04F0594CDE9034402942C
:102C6000019401D006B0B0BD43F630050094C4F223
:102C70000205286801A940F001002860286800F0DA
:102C80000100009000984FF4C05001900220CDE95F
:102C90000204032004900A2005900020C4F20200E0
:102CA000FFF7AEF9686840F08000686000946869DA
:102CB00040F480406861686900F4804000900098AA
:102CC00006B0B0BD002804BF012070472DE9F041D7
:102CD00043F60808C4F202080446D8F8F8030D4683
:102CE00000F00700884207D288F8F853D8F8F803B4
:102CF00000F00700A84276D12068810717D5410768
:102D000005D5D8F8001041F4E051C8F800100107CB
:102D100005D5D8F8001041F46041C8F80010D8F883
:102D20000010A26821F0F0011143C8F80010C0079C
:102D30003FD1D8F8F80300F00700A84207D988F877
:102D4000F853D8F8F80300F00700A8424BD12068E8
:102D5000410707D5D8F80010E26821F4E05111438B
:102D6000C8F80010000708D5D8F80000216920F441
:102D7000604040EAC100C8F8000000F07BF8D8F8D5
:102D800000104AF28862C1F30311C0F60002515CE0
:102D900040F2100220FA01F140F24800C2F20000B5
:102DA0000068C2F200021160FFF74CFE0020BDE88F
:102DB000F0816068811E022907D258F8081C890139
:102DC0005CBF0120BDE8F08110E0012807D158F870
:102DD000081C89035CBF0120BDE8F08106E058F8BB
:102DE000081C890702D40120BDE8F081D8F8001042
:102DF00021F003010843C8F80000FFF7D1F90646A7
:102E000041F28837D8F80000616800F00C00B0EBA0
:102E1000810F8ED0FFF7C4F9801BB842F2D903208E
:102E2000BDE8F08140F2100043F60801C2F2000054
:102E3000C4F20201006809684AF29862C1F3822173
:102E4000C0F60002515CC8407047000040F210001C
:102E500043F60801C2F20000C4F2020100680968EA
:102E60004AF29862C1F34231C0F60002515CC84098
:102E70007047000010B543F60404C4F20204606811
:102E800000F00C0008280AD0042819BF42F20040C4
:102E9000C0F2F40043F20060C0F26E1010BD206872
:102EA00021682368490243F20061C0F26E1100F00C
:102EB0003F02C3F388105CBF42F20041C0F2F4014C
:102EC000A1FB00010023FDF77BF921680222C1F379
:102ED000014102EB4101B0FBF1F010BD002804BF3D
:102EE000012070472DE9F04182B00446007843F696
:102EF0000006C007C4F2020649D0B06800F00C001A
:102F0000042809D13068800341D5606800283ED18B
:102F1000012002B0BDE8F081B06800F00C00082884
:102F200002D170684002EDD465683068B5F5A02F15
:102F300005D0B5F5803F09D140F480300CE040F475
:102F400080203060306840F4803005E020F480302C
:102F50003060306820F480203060FFF721F9002DC8
:102F6000054611D03068800311D4FFF719F9401BD2
:102F70006428F7D928E100BFFFF712F9401B642845
:102F80004FF0030000F2E08030688003F4D4207832
:102F900080071BD5B06810F00C0F09D0B06800F0A6
:102FA0000C00082840F085807068400200F18180A4
:102FB0003068800703D5E068012840F09A803068C7
:102FC000216920F0F80040EAC10030602078000755
:102FD00034D42078400746D4A5695DB3B06800F0CA
:102FE0000C00082840F09C80012D00F08280706861
:102FF000E16900F480028A427BD1216A00F03F023D
:103000008A4276D147F6C071626A0140B1EB821FF5
:103010006FD1A16A4FF6FF73C903994300F44032A0
:10302000A1F580318A4264D1E16A00F07060B0EBB2
:10303000016F5ED1002002B0BDE8F0816069002818
:103040005BD00020C4F247200121C0F8801EFFF7AA
:10305000A7F80546706F8007BBD4FFF7A1F8401BA7
:103060000228F7D9B0E0306C5FEAC0080AD400202B
:103070000190306C40F080503064306C00F0805033
:103080000190019847F20007C4F200073868C005B4
:1030900026D4386840F480703860FFF781F8054620
:1030A0003868C0051CD4FFF77BF8401B0228F7D90D
:1030B0008AE0E068002840F20000C4F2472053D0C4
:1030C00001210160FFF76CF8054600BF30688007FA
:1030D0003FF575AFFFF764F8401B0228F6D973E09F
:1030E000A568306F052D51D0012D56D140F001005B
:1030F00059E0012002B0BDE8F0810020C4F2472071
:103100000021C0F8801EFFF74BF80546706F80075E
:103110007FF55FAFFFF744F8401B0228F6D953E074
:103120000027C4F2472700203866FFF739F8022D40
:1031300005460DD1306880015DD5FFF731F8401BA1
:1031400002284FF00300F5D902B0BDE8F08100BFBE
:10315000306880017FF56EAFFFF722F8401B022830
:103160004FF00300F4D9EFE700210160FFF718F8F2
:10317000054600BF306880077FF528AFFFF710F8DD
:10318000401B02284FF00300F4D9DDE740F00400B3
:103190003067306F40F0010005E020F0010030673B
:1031A000306F20F004003067FEF7FAFF002D05466F
:1031B00041F2883713D000BF306F800712D4FEF77A
:1031C000EFFF401BB842F7D9032002B0BDE8F08101
:1031D000FEF7E6FF401BB8424FF00300B4D8306F53
:1031E0008007F5D4B8F1000F3FF5F6AE306C20F053
:1031F00080503064F0E604F11C052FCD084340EA0E
:103200008210D9034FF6FF729143A1F5803140EA55
:1032100005600843706001203866FEF7C1FF044670
:10322000306880013FF506AFFEF7BAFF001B0228A9
:103230004FF00300F4D987E770B528B1416A29B18E
:1032400000210161142106E0012070BD4168B1F543
:10325000827F02D01C21002242500026866290F814
:10326000511029B980F85060054600F03DF8284615
:10327000022180F8511090E82E0002F482720C684E
:1032800003F4044324F040040C601A4405F4006382
:1032900005691A4405F0020345691A4405F0010363
:1032A0008569C4691A4405F400731A4404F03803AC
:1032B000046A1A4404F08003846A1A4304F4005335
:1032C0001A430A60436A042202EA154203F010031B
:1032D0001A444A60CA6922F40062CA610121466543
:1032E00080F85110304670BD2DE9F04186B004469B
:1032F000006843F60041C4F2000100268842CDE98F
:103300000466CDE90266019631D043F20001C4F2B1
:103310000101884240F09080002043F63001009087
:10332000C4F202014A6942F480524A614A6902F4D5
:1033300080520092009A00900A6842F001020A60EE
:10334000096801F0010100910099E0210191022139
:10335000CDE9021003200490052005900020C4F25E
:10336000020001A9FEF74CFE06B0BDE8F08143F66D
:1033700030000096C4F20200016946F2100841F4E0
:10338000004101610169C4F2020801F400410091A9
:1033900000990096016841F004010160006801A9EC
:1033A00000F00400009000984FF4E05001900220DB
:1033B000CDE9020603200490062005900020C4F207
:1033C000020000F50060FEF71BFE40F29035C2F2ED
:1033D00000054FF400304FF48067C5E90806284621
:1033E000C5E90086C5E90266C5E90476C5E9066651
:1033F000FEF7F4FC002818BFFEF7DAF8E564AC63CA
:1034000040F2F03508F17800C2F2000500214022B8
:1034100085E807004FF48030C5E908012846C5E972
:103420000317C5E90511E961FEF7D8FC002818BFAC
:10343000FEF7BEF8A564AC6306B0BDE8F0810000FD
:103440002DE9F04383B01E4615460F460446FEF7AD
:10345000A7FE94F851108146012908D1002F4FF0A2
:10346000010018BF002D0ED103B0BDE8F0836068E5
:10347000B0F5827F0DD104294FF00200F4D1A1688C
:103480000029EBD0F0E7002EEED094F85000012890
:1034900003D1022003B0BDE8F083012084F850007E
:1034A00094F85100002104281CBF052084F8510025
:1034B0006165A563E687A6872763E6862068A686FA
:1034C000216461640168490603D4016841F0400148
:1034D00001606168731EE268B1FA81F1B3FA83F3A7
:1034E000DDF8288049095B09B2F5006F41EA030164
:1034F00037D131B137F8021BC1602763E08E013844
:10350000E086012608F10105E08E10B9E08F002861
:103510006CD02068816889070CD5E18E51B1012EED
:1035200008D1216B002631F8022BC2602163E18EA5
:103530000139E1868168C9070AD0E18F41B1C068CD
:10354000A16B012621F8020BA163E08F0138E0870F
:10355000FEF726FE002DD7D0A0EB09004045D3D3BF
:103560003AE039B139780173206B01302063E08E85
:103570000138E086012608F1010500BFE08E08B998
:10358000E08F98B32068816889070DD5E18E59B125
:10359000012E09D1216B002609780173206B0130BF
:1035A0002063E08E0138E08620688168C9070BD06F
:1035B000E18F49B1C068A16B01260870A06B013092
:1035C000A063E08F0138E087FEF7EAFD002DD5D03B
:1035D000A0EB09004045D1D3012084F85100002020
:1035E00084F85000032003B0BDE8F0832046022198
:1035F00001224346CDF8009003F022FD60B1606DDA
:1036000040F02000606520206065002084F85000B4
:10361000012003B0BDE8F08340F21000C2F20000C8
:10362000006849F68171C1F25E61A0FB0101480D9D
:103630004FF47A71484302906068B0F5827F0AD1F6
:103640002046802100224346CDF8009003F0F8FC8C
:103650000028D4D108E0029830B1029801380290D5
:10366000206880680006F6D4A06838B90020019070
:103670002068C1680191806801900198012084F858
:103680005100002084F85000606D002818BF012010
:1036900003B0BDE8F0830000411E0020B0EB116FC5
:1036A0001CBF012070474EF21002CEF200025160A2
:1036B0004EF62351CEF20001F0230B7007219060EB
:1036C0001160704790F83C20012A4FF0020255D05B
:1036D00010B5012380F83C3080F83D200268D2F814
:1036E00004E0D2F808C00C682EF07003234341F2C6
:1036F000FF74C4F20004A24253600DDC40F2FF7379
:10370000C4F200039A4215DCB2F1804F29D040F296
:103710000043C4F2000322E040F2FF33C4F201038D
:103720009A4212DC41F60003C4F200039A4218D018
:10373000002312E040F60003C4F200039A4210D0C6
:1037400040F60043C4F2000309E044F20003C4F26F
:1037500001039A4205D040F20043C4F201039A42A9
:1037600004D149682CF080031943916001210022A3
:1037700080F83D1080F83C20BDE8104010467047AE
:10378000002804BF0120704710B5044690F83D00A2
:1037900028B9002084F83C00204600F01FF80220E1
:1037A00084F83D002068211D03F086FD012084F887
:1037B000460084F83E0084F83F0084F8400084F816
:1037C000410084F8420084F8430084F8440084F8FF
:1037D000450084F83D00002010BD000083B0006863
:1037E00044F20001C4F2010188422DD040F60041AC
:1037F000C4F20001884216D040F20041C4F2000138
:10380000884230D10020029043F64000C4F202000A
:10381000016841F002010160006800F002000290BE
:10382000029803B070470020019043F64000C4F2B4
:103830000200016841F008010160006800F0080022
:103840000190019803B070470020009043F64000BB
:10385000C4F20200416841F480314160406800F4E4
:1038600080300090009803B07047000090F83C2032
:10387000012A4FF002026ED080B5012380F83C305F
:1038800080F83D20D0F800C04FF67772DCF80830A1
:1038900023EA0202CCF808200B684F2B28DC1F2BF0
:1038A00044DD202B45D0302B43D0402B40F0AC8062
:1038B000D1F804E0C968DCF82030DCF8202022F0E0
:1038C0000102CCF82020DCF8182022F0F00242EAB5
:1038D000011123F00A0242EA0E02CCF81810CCF8CB
:1038E0002020DCF8081041F0470121F0300127E0EA
:1038F0006F2B32DDB3F5005F73D0B3F5805F21D05D
:10390000702B40F08180D1E901E3C968DCF8082020
:1039100043EA0E0322F47F4243EA01211143CCF82B
:103920000810DCF8081041F0770109E00BB1102B0A
:103930006AD1DCF8081021F07001194341F0070149
:10394000CCF808100022012180F83D10002180F8F9
:103950003C10BDE8804010467047502B21D0602BB2
:1039600052D1D1F804E0C968DCF82030DCF820201E
:1039700022F01002CCF82020DCF8182022F470424B
:1039800042EA013123F0A00242EA0E12CCF81810EC
:10399000CCF82020DCF8081041F0670121F010017C
:1039A000CEE7D1F804E0C968DCF82030DCF820204C
:1039B00022F00102CCF82020DCF8182022F0F002DE
:1039C00042EA011123F00A0242EA0E02CCF8181072
:1039D000CCF82020DCF8081041F0570121F020013C
:1039E000AEE7D1E901E3C968DCF8082043EA0E0339
:1039F00022F47F4243EA01211143CCF80810DCF89D
:103A0000081041F480419BE701229CE7002804BF95
:103A1000012070472DE9F047044690F83D000D461F
:103A200028B9002084F83C00204600F049F8022024
:103A300084F83D00206844F2070281689143816068
:103A4000211D03F039FC20684FF6FF7881688269F8
:103A5000D0F820C0D5E9003ED5E9026A43EA010961
:103A6000AB6922EA080246EA03234FF6FC46B34359
:103A7000D5E9076742EA0A0229691A4342EA06229F
:103A800042EA01112CF0AA026B6942EA0E0241EAF5
:103A9000073142EA0312C0F80890816102620120F6
:103AA00084F8460084F83E0084F83F0084F8420021
:103AB00084F8430084F83D000020BDE8F087000052
:103AC000F0B587B0006840F60002C4F200020021A1
:103AD0009042CDE90511CDE9031102913ED0B0F13C
:103AE000804F63D1002543F630000195C4F20200F7
:103AF0000169002441F0010101610169C4F202047D
:103B000001F001010191019901950168022641F03E
:103B1000010101600168012701F001010191019992
:103B20000195016841F002010160006802A900F0FE
:103B30000200019001984FF4004002902046CDE928
:103B4000036505950697FEF75BFA0820CDE90206A6
:103B5000CDE90455069704F5806024E043F6300073
:103B60000191C4F20200026942F00402026102699A
:103B700002F004020192019A0191026842F00802E7
:103B80000260006800F00800019001984FF4405076
:103B900002900220CDE90301CDE905100020C4F216
:103BA000020000F5406002A9FEF72AFA07B0F0BD56
:103BB00080B586B0006844F20002C4F20102002120
:103BC0009042CDE90411CDE90211019139D040F6BE
:103BD0000041C4F2000188421DD040F20041C4F20D
:103BE000000188424CD10020009043F63000C4F21E
:103BF0000200016841F0020101600068022100F04A
:103C0000020000900098132001900020C4F20200EE
:103C100000F580602BE00020009043F63000C4F2F5
:103C20000200016841F0010101600068022100F01A
:103C30000100009000980C2001900020C4F20200C6
:103C400015E043F630000091C4F20200016841F033
:103C5000100101600068032100F01000009000983E
:103C6000602001900020C4F2020000F58050022282
:103C700002920022059101A9CDE90322FEF7C0F9C5
:103C800006B080BD90F83C30012B04BF0220704785
:103C90004FEAB2020123032A80F83C3000F2F88098
:103CA0002DE9F043DFE802F002AF3D7D036840F20A
:103CB00000461C6A1A6A24F0020422F001021A6209
:103CC0001A46D3F804C052F818EF8F6843F48065A1
:103CD000C4F20106B54244EA070405D1CF6824F0D6
:103CE0000C0427F004073C430F68B54206D1D1E924
:103CF00005582CF440762E4346EA080C2EF0730645
:103D00003743C3F804C09F614F6809695F631C6251
:103D10009F6947F008079F619F6927F004079F612B
:103D2000B0E0036840F200481C6A1A6A24F4007488
:103D300022F480721A621A46D3F804C052F81CEFBB
:103D40008F6843F48065C4F20108454544EA0724BE
:103D500008D1CF6840F2FF463F0224F4406427EACE
:103D600006063443D1F80090454506D1D1E9055601
:103D70002CF440572E4347EA061C2EF0730747EAFF
:103D80000907C3F804C0DF614F680969DF631C627B
:103D9000DF6947F00807DF61DF6927F00407DF61AB
:103DA00070E0036840F20045D3F820C01A6A43F47B
:103DB000806722F480521A621A465C6852F81C8F9F
:103DC000D1F800E08E68C4F20105AF4204D14D691C
:103DD00024F4804444EA85142CF4005747EA06375B
:103DE00028F4E64646EA0E265C60DE614E68096904
:103DF0001E641F62DF6947F40067DF61DF6927F433
:103E00008067DF613DE0036840F200481C6A1A6A7F
:103E100024F0200422F010021A621A46D3F804C0DB
:103E200052F818EF8F6843F48065C4F201084545E5
:103E300044EA071407D1CF686FF0400624F0C004AD
:103E400006EA07163443D1F80090454506D1D1E97A
:103E500005562CF440672E4347EA860C2EF4E647BD
:103E600047EA0927C3F804C09F614F6809699F6347
:103E70001C629F6947F400679F619F6927F4806710
:103E80009F6109021368194300231160BDE8F043E4
:103E9000002180F83C10184670470000002804BF3D
:103EA0000120704710B5044690F83D0028B9002065
:103EB00084F83C00204600F01FF8022084F83D0002
:103EC0002068211D03F0F8F9012084F8460084F8E9
:103ED0003E0084F83F0084F8400084F8410084F8F4
:103EE000420084F8430084F8440084F8450084F8D4
:103EF0003D00002010BD000070470000412208294D
:103F000008BF4022042908BF3F22002908BF3E22E3
:103F1000825C012A1CBF01207047022241B108299E
:103F200009D0042914BF80F8412080F83F2004E024
:103F300080F83E2001E080F84020006801F01F0179
:103F40000122036A02FA01F123EA01020262026A13
:103F50000A4341F2FF71C4F20001884202620BDCA5
:103F600040F2FF71C4F20001884213DCB0F1804FCF
:103F700045D040F2004115E040F2FF32C4F20102A8
:103F8000904214DC41F60003C4F20003984236D09C
:103F9000002314E040F60001C4F2000188422ED054
:103FA00040F60041C4F20001884228D02EE044F2DD
:103FB0000003C4F20103984221D040F20043C4F24E
:103FC0000103984222D1436C884243F40043436486
:103FD000C6DD904207DC41F60001C4F200018842D0
:103FE0000DD0002107E044F20001C4F20101884233
:103FF00005D040F20041C4F20101884206D1816837
:1040000001F00701062904BF00207047016841F054
:10401000010101600020704790F84230202B07D149
:1040200000294FF0010318BF002A04D11846704739
:10403000022318467047B0B582B001230025036300
:104040004563044603F048FB216B0123012912D18B
:10405000019521680A68019249680191019900BFA0
:10406000216851E8031F226841F0100142E8031360
:10407000002BF5D1034602B0BDE8B04018467047AA
:1040800040F67062C2F200021278002A08BF704740
:1040900070B544F674560025C2F2000656F8253075
:1040A000D3F80441844205D001359542F6D3BDE8EA
:1040B00070407047D3F8080130B10C46804756F87D
:1040C00025002146FCF7B4F856F82510D1F8040174
:1040D00091F80021FFF7A0FF56F82500D0F8040161
:1040E000C06B0068016821F008010160BDE8704004
:1040F0007047000040F67061C2F200010A78002AA1
:1041000008BF7047B0B544F674550024C2F20005EC
:1041100055F82410D1F80431834205D0013494427B
:10412000F6D3BDE8B040704791F800211846FFF77C
:1041300073FF55F82400D0F80401C06B00680168D3
:1041400021F008010160BDE8B0407047B0B582B011
:1041500001680A68CC684B6902F02F05202D04F035
:10416000200505D125B102B0BDE8B04003F0E4B9A7
:104170005FEA027C1EBF03F0010E04F4907313EBA0
:104180000E0340D1036BD50618D5012B16D114F0C0
:10419000100313D0002201920A6801924A6801922A
:1041A000019A4969490647D4818DC28DC38D002B80
:1041B00018BF914240F01A8102B0B0BD13062AD553
:1041C00014F0800327D090F84120212AF4D182688E
:1041D000B2F5805F03D10269002A00F03A81026AD9
:1041E000531C036212784A60C28C013A1304C284E1
:1041F000E2D1C86820F08000C860C86840F0400084
:10420000C86002B0B0BDD10718BF14F4807167D187
:1042100051076BD471E05206CED514F04002CBD0DA
:10422000CA6822F04002CA60202180F8411002B022
:10423000BDE8B04000F0A4BBC26B116849688BB206
:10424000002B42D0858DAB423FD2C185D169B1F5FB
:10425000807F33D0016851E8031F026821F4807128
:1042600042E80313002BF5D1016851E8051F0268ED
:1042700021F0010142E80513002BF5D1016851E856
:10428000051F026821F0400142E80513002BF5D11B
:10429000202180F842100021016300BF016851E82D
:1042A000031F026821F0100142E80313002BF5D12F
:1042B000C16B04460846FDF77BFC204602214163A2
:1042C000818DC28D891A89B2B9E0818D99427FF4BE
:1042D00073AFD269B2F5807F7FF46EAF0222ADE09A
:1042E000416C41F001014164510706D5BEF1000F58
:1042F00003D0416C41F002014164910706D5BEF143
:10430000000F03D0416C41F004014164BCF1000F87
:1043100006D55EEA050103D0416C41F00801416415
:10432000416C00293FF448AF910604D51DB1044605
:1043300003F002F9204601684969426C01F040012E
:1043400002F0080289184AD0016851E8031F026888
:1043500021F4907142E80313002BF5D1016851E874
:10436000051F026821F0010142E80513002BF5D179
:10437000016B01290AD100BF016851E8031F0268DF
:1043800021F0100142E80313002BF5D1202180F821
:1043900042100021016301684969490654D500BFF4
:1043A000016851E8051F026821F0400142E8051349
:1043B000002BF5D1C16B002946D047F2F132C0F68F
:1043C0000002044608460A65FDF732FC00283FF467
:1043D000F3AEE06B016D02B0BDE8B04008470446A3
:1043E000FFF788FE0020606402B0B0BD891A00BFEC
:1043F000026852E8032F036822F4907243E8032511
:10440000002DF5D1026852E8052F036822F0010261
:1044100043E80525002DF5D1202280F84220002216
:10442000026300BF026852E8032F036822F0100203
:1044300043E80325002DF5D1022289B2426302B080
:10444000BDE8B040FFF71CBE02B0BDE8B040FFF7CA
:1044500051BE026A32F8023B6FF35F234B60026287
:10446000C2E60000002804BF0120704710B50446D2
:1044700090F8410028B9002084F84000204600F060
:1044800021F8242084F841002068C16821F40051FB
:10449000C160204603F0B0F82068016921F4904122
:1044A0000161416921F02A014161C16841F4005173
:1044B000C16000202021606484F8411084F842101B
:1044C000606310BD2DE9F04387B0016844F6FF3208
:1044D000C4F2000291424FF000020692CDE904229C
:1044E000CDE9022241DD41F20042C4F201029142D3
:1044F00065D041F20000C4F20100814200F0CF809B
:1045000044F60040C4F20000814240F0C580002023
:1045100043F630010190C4F202010A6942F400221C
:104520000A610A6902F400220192019A01900A6864
:1045300042F001020A600968022201F001010191C2
:104540000199CDE903200820032106900020029163
:104550000591C4F2020002A9FDF752FD34200521A5
:104560000022FEF7CBFA342094E044F20040C4F27B
:104570000000814200F0BA8044F60000C4F200005E
:10458000814240F08980002043F630010190C4F25E
:1045900002010A6942F480220A610A6902F4802257
:1045A0000192019A01900A6842F008020A600968C3
:1045B00001F00801019101994FF44071B0E0054606
:1045C000002643F630000196C4F20200416946F22B
:1045D000284841F0200141614169C4F2020801F01C
:1045E0002001019101990196016841F004010160E7
:1045F000006802A900F0040001900198C020029018
:104600000220CDE903060320059008200690002033
:10461000C4F2020000F50060FDF7F2FC40F25044E5
:10462000C2F200044FF020674FF480692046C4E9CD
:104630000087C4E90266C4E90496C4E90666C4E9D1
:104640000866FDF7CBFB002818BFFCF7B1FFEC6351
:10465000A56340F2B04408F17800C2F200044021A2
:10466000C4E9000704F1080080E842022046C4E9DA
:104670000566C4E907666662FDF7B0FB002818BF4F
:10468000FCF796FF472005210022AC63A563FEF7E7
:1046900035FA4720FEF720FA07B0BDE8F083002086
:1046A00043F630010190C4F202014A6942F010025F
:1046B0004A614A6902F010020192019A01900A6867
:1046C00042F001020A60096801F0010101910199BB
:1046D0004FF4C06102910221CDE90310032005903F
:1046E000072006900020C4F2020026E0002043F6D6
:1046F00030010190C4F202010A6942F400320A61F9
:104700000A6902F400320192019A01900A6842F0AB
:1047100008020A60096801F008010191019960210D
:10472000049003200590072006900020C4F20200A8
:104730000291022100F54060039102A9FDF760FC9F
:1047400007B0BDE8F083000090F84230202B07D17D
:1047500000294FF0010318BF002A04D11846704702
:104760000223184670470023036381622221828559
:10477000C285436480F84210016921B10168CA68AA
:1047800042F48072CA600068416941F001014161F0
:10479000C16841F02001C16018467047006844F6C6
:1047A0000041C4F20001884218BF7047F0B581B0E3
:1047B00040F24A2440F6E050C2F20004C2F2000087
:1047C000214601220126FFF7BFFF207840F2312168
:1047D0000D28C2F2000113D02B2804BF01220A7059
:1047E0000978012944D140F23021C2F200010A784F
:1047F00041F22C03C2F200039854501C087037E0B9
:1048000040F23020C2F20000027841F22C03C2F2E2
:10481000000300259D5405700D7041F21C0440F208
:10482000A02540F25827C2F20004C2F20005C2F2ED
:10483000000703F1080010A122462B460097FBF762
:1048400003FD206840F24821C2F200010870286888
:1048500040F22921C2F200010870386840F2680174
:10486000C2F20001087040F24920C2F20000067056
:1048700001B0BDE8F0407047523A256420473A2520
:104880006420423A25640000704700002DE9F0439F
:1048900081B0044690F84100202809D188460029BB
:1048A0004FF0010018BF002A06D101B0BDE8F08327
:1048B000022001B0BDE8F0830020606421201D4685
:1048C00084F841001646FDF76BFCA684E684A168D7
:1048D0000646B1F5805F02D1206900284DD0C1465F
:1048E0004FF00008E08C40B36F1C0BE0B9F1000FF3
:1048F0001AD019F8010B21684860E08C0138E08477
:10490000E08CD0B1206800680006EFD4002FF9D009
:10491000FDF746FC01464FF0030045B3891BA94251
:1049200025D82068C068EDE738F8020B21686FF3DE
:104930005F2048604FF00009DFE72068006840060C
:1049400014D46F1C04E000BF2068006840060DD43A
:10495000002FF9D0FDF724FC01464FF0030035B1DC
:10496000891BA94203D82068C068EDE700202021F8
:1049700084F8411001B0BDE8F0834FF00009B1E7C1
:1049800070470000FEE700002DE9F04F83B00446B9
:104990000068DDF834B00C9E0768994647F48067DC
:1049A00007600768904647F48073036040698A4651
:1049B00010F001002AD180F00107751C0BE000BF48
:1049C00020684069C00711D02068406910F00100DC
:1049D00080F001071AD1002DF6D0FDF7E1FB002E83
:1049E000EED0A0EB0B00B042EED9E9E70020202189
:1049F000206384F83D1084F83E00216C41F02001D2
:104A00002164F90784F83C0040F0B78020680AF080
:104A1000FE0AC0F810A0416989072CD441694905F4
:104A200014D4771C5FB1FDF7BBFB1EB1A0EB0B00EC
:104A3000B04204D920684069800740F1D1802068E5
:104A40004169890717D441694905EBD5016841F4EB
:104A5000007101606FF480614161002020212063BA
:104A600084F83D1084F83E00216C41F0040121647B
:104A700084F83C00B0E000200290206850F8141F39
:104A80000291416802910299016809061AD4771CC3
:104A90000AE000BF20684069000640F18880206875
:104AA00050F8141F09060DD40168490551D4002F90
:104AB000F5D0FDF775FB002EECD0A0EB0B00B0425B
:104AC000EDD9E7E72068B9F1010F21D04FEA1821AD
:104AD000016150F8141F090619D4771C09E000BFC2
:104AE00020684069000662D5206850F8141F090646
:104AF0000DD4016849052CD4002FF5D0FDF750FBEB
:104B0000002EEDD0A0EB0B00B042EDD9E8E7206815
:104B10005FFA88F10161206850F8141F09061DD45E
:104B2000771C08E020684069000640D5206850F8EE
:104B3000141F090612D4016849050AD4002FF5D0C4
:104B4000FDF72EFB002EEDD0A0EB0B00B042EDD90F
:104B5000E8E76FF480610160042029E0206800220A
:104B60000168334641F48071016020464FF0011125
:104B7000CDF800B000F072F950B120680068C005AF
:104B800044BF4FF400702064032003B0BDE8F08FF1
:104B900025684AF001070221C0F201012046324691
:104BA0005B462F6103B0BDE8F04F00F09BB92020B9
:104BB00000212022216384F83D2084F83E10226CDD
:104BC0001043206484F83C10206C042804D1206831
:104BD000016841F400710160012003B0BDE8F08F6D
:104BE00000202021206384F83D1084F83E00216CD1
:104BF00041F020013BE700002DE9F04F81B0044671
:104C0000006890460268DDF82CA042F480720260D1
:104C100040690A9E994610F001008B4634D180F01D
:104C20000105771C0BE000BF20684069C00711D068
:104C30002068406910F0010080F0010524D1002FA8
:104C4000F6D0FDF7ADFA002EEED0A0EB0A00B04290
:104C5000EED9E9E700202021206384F83D1084F894
:104C60003E00216C41F020012164E90784F83C00FA
:104C70000AD020680068C00544BF4FF4007020646B
:104C8000032001B0BDE8F08F20680BF0FE01016148
:104C9000416989072DD44169490515D4751C00BFA8
:104CA0005DB1FDF77DFA1EB1A0EB0A00B04204D958
:104CB00020684069800740F18C802068416989073D
:104CC00017D441694905EBD5016841F400710160D1
:104CD0006FF48061416100202021206384F83D1041
:104CE00084F83E00216C41F00401216484F83C000A
:104CF0006BE000200090206850F8141F009141687C
:104D0000009100990168090619D4751C09E000BFDB
:104D100020684069000643D5206850F8141F090632
:104D20000DD4016849052ED4002DF5D0FDF738FAD1
:104D3000002EEDD0A0EB0A00B042EDD9E8E72068E4
:104D4000B9F1010F25D04FEA1821016150F8141F65
:104D500009061DD4751C08E02068406900061FD5AF
:104D6000206850F8141F090612D4016849050AD4B6
:104D7000002DF5D0FDF714FA002EEDD0A0EB0A00BF
:104D8000B042EDD9E8E76FF480610160042008E0EB
:104D900020685FFA88F10161002001B0BDE8F08F62
:104DA000202000212022216384F83D2084F83E1039
:104DB000226C1043206484F83C10206C042804D139
:104DC0002068016841F400710160012001B0BDE874
:104DD000F08F00202021206384F83D1084F83E00ED
:104DE000216C41F0200180E7F0B581B004460068F5
:104DF000154650F8143F5A0718D40E464F1C08E0C9
:104E000020684069400719D5206850F8141F4907E9
:104E10000CD4016849050CD4002FF5D0FDF7C0F97A
:104E2000002EEDD0401BB042EED9E9E7002001B0E2
:104E3000F0BD6FF480610160042000E020200021BB
:104E40002022216384F83D2084F83E10226C104318
:104E5000206484F83C10012001B0F0BD2DE9F0473A
:104E6000DDF8208099461646044601F47F00182795
:104E70008DB203F1010AB0F5803F08BF142708E0A6
:104E80002068C0592840401BB0FA80F04009B04269
:104E900018D02068C0592840401BB0FA80F0400963
:104EA000B0420CD1BAF1000FF3D0FDF779F9B9F1A6
:104EB000000FE5D0A0EB08004845EAD9E0E7002064
:104EC000BDE8F08700202021206384F83D1084F89D
:104ED0003E00216C41F02001216484F83C00012057
:104EE000BDE8F0872DE9F041044600689846436923
:104EF0008FB203EA0701B94202D10020BDE8F08178
:104F00004169490517D41646551C00BF5DB1FDF730
:104F100047F91EB1A0EB0800B04204D920684069EF
:104F20003840B8421ED1206841693940B942E4D0C6
:104F300041694905EAD5016841F4007101606FF4E7
:104F400080614161042000212022216384F83D20FA
:104F500084F83E10226C10432064012084F83C1039
:104F6000BDE8F0812020EEE780B584B08DF80F0019
:104F700001200DF10F01CDE9001040F2B8504FF4BF
:104F80007A7CC2F200009821CF220123CDF808C01C
:104F9000FDF798FBB0FA80F0400904B080BD000036
:104FA00080B584B0CDE9000140F2B8504FF47A7C6E
:104FB000C2F200009821B0220123CDF808C0FDF70D
:104FC000ADF9B0FA80F0400904B080BD80B584B07E
:104FD00001200DF10F01CDE9001040F2B8504FF45F
:104FE0007A7CC2F200009821DD220123CDF808C0AE
:104FF000FDF794F99DF80F0004B080BD40F2A424A1
:1050000040F24C2541F2540641F2200740F23408A8
:1050100041F2580A41F2180BC2F20004C2F2000534
:10502000C2F20006C2F20007C2F200084FF0000907
:10503000C2F2000AC2F2000B05E0CAF8000000BF8D
:105040000A2003F007FF204629463246FBF722FFDD
:105050003868411C1328396021DB40F27C2040F67F
:105060007841C2F20000C2F200010068096840F213
:10507000DC52C86340F27820C2F2000040F6C04122
:105080000068C2F200010968012840F2DC5008BF44
:1050900040F2A46008BF40F2145248638A63D8F813
:1050A0000000411C07D141F25C01C2F20001C1F8CD
:1050B0000090CAF800900028C2D19BF80000012897
:1050C000BED0DAF80000022816D0012809D0002846
:1050D000B6D140F29020C2F2000000780128AFD192
:1050E00006E040F29020C2F2000040780128A7D1EB
:1050F000DAF800000130A0E740F29020C2F2000090
:10510000807801289CD141F25C00C2F200000121AC
:105110000160002091E7000010B52DED068B00EE38
:10512000100A9FED251AB8EE400A80EE010A91EDB3
:10513000001A91ED022A91ED013A144620EE019AEF
:1051400092ED021A20EE022A20EE03AA32EE010AA4
:1051500082ED020A04F004FC94ED021AB0EE408ADB
:10516000B0EE410A04F0F0FA2AEE000A29EE081A1D
:1051700094ED012A31EE001A94ED020A32EE011A82
:1051800084ED011A04F0E0FA94ED021AB0EE408AC0
:10519000B0EE410A04F0E4FB20EE0A0A29EE081AF8
:1051A00094ED002A31EE400A32EE000A84ED000A46
:1051B000BDEC068B10BD00BF00007A440021C0E9A1
:1051C000031141617047000070B52DED048B90ED27
:1051D000000A90ED011A90ED022A90ED033A30EEAC
:1051E000014A31EE400A34EE024A30EE021A30EE45
:1051F000420A34EE034AB5EE005A33EE411A30EE5D
:10520000030A92ED008A92ED019A24EE054A21EEFE
:10521000051A10EE100A0C4681ED004A81ED011AC4
:10522000FBF7CDFA38EE090A054610EE100A0E46D5
:10523000FBF7C5FA9FED080B53EC102BFBF76DF94C
:1052400002460B4628463146FBF7D9F9FBF7CAFA66
:10525000A060BDEC048B70BD000000000000104099
:1052600001720021C0E9031141614CF6CD41C3F642
:10527000CC5180EC020AC0E90F1141647047000074
:10528000137A92ED000A92ED011A012B21D0002B26
:1052900018BF704790ED002A90ED013A90ED024A58
:1052A00030EE010A33EE422A24EE001A31EE021AE1
:1052B00081ED001A90ED001A90ED012A90ED023A6E
:1052C00032EE011A23EE002A021D31EE421A034685
:1052D0001DE090ED002A90ED013A90ED024A30EE8B
:1052E000010A32EE032A24EE001A32EE411A81ED51
:1052F000001A90ED001A90ED012A90ED023A31EE7D
:10530000421A23EE002A031D32EE011A024681EDF5
:10531000011A92ED001A93ED002A90ED023A31EE57
:10532000421A23EE002A31EE421A81ED021A92ED62
:10533000001A93ED002A90ED023A31EE021A23EEA4
:10534000000A30EE010A81ED030A70472DE9F04FA3
:1053500081B02DED068B82B08146D0E900069A46D9
:1053600015460191FBF72BFA0746A8688B46FBF719
:1053700026FA41EC180BB0EE480AF0EE680A04F089
:105380007FF9B0EE409A3046F0EE609AFBF717FADC
:10539000B0EE480AF0EE680A06460D4604F07CFAC4
:1053A00051EC100B32462B46FBF7B7F80446884603
:1053B00053EC192B38465946FBF7AFF822464346C3
:1053C000FBF704F8FBF70EFAB0EE480AF0EE680AB5
:1053D0000AEE100A04F060FAB0EE409AB0EE480A05
:1053E000F0EE609AF0EE680A04F04AF951EC100B06
:1053F00032462B46FBF791F804460D4653EC192B29
:1054000038465946FBF789F802460B46204629469E
:10541000FBF77DF8FBF7E6F99AF8081099ED020A18
:105420009AED002A9AED013A012901EE100A1AD0EC
:10543000A1BB32EE032A31EE4A4A20EE023A3AEE9E
:10544000011A20EE420A019833EE045A30EE012A86
:1054500030EE040A80ED005A80ED012A80ED020A48
:1054600033EE010A18E032EE032A3AEE014A20EE4A
:10547000423A3AEE411A20EE020A019833EE045AFB
:1054800030EE012A33EE011A30EE040A80ED005AA4
:1054900080ED012A80ED021A80ED030A02B0BDEC16
:1054A000068B01B0BDE8F08F2DE9F04140F20044D9
:1054B000C4F2020417460E46054620464FF48051BA
:1054C00000229846FCF766FE2A2000F061FC204688
:1054D0004FF480510122FCF75DFE280A00F058FCD1
:1054E000E8B200F055FC380A00F052FCF8B200F0C7
:1054F0004FFC20464FF480510022FCF74BFE2B203E
:1055000000F046FC20464FF480510122FCF742FE99
:1055100006F11805A8B2000A00F03AFCE8B200F063
:1055200037FC08F11805A8B2000A00F031FCE8B217
:1055300000F02EFC20464FF480510022FCF72AFE9A
:105540002C2000F025FC20464FF480510122BDE8BC
:10555000F041FCF71FBE00002DE9F04381B00E467C
:105560008146501E591E9846154682B28BB2484657
:105570003146FFF799FF464512D2089C04E000BF70
:105580000136B0B240450BD2A945F9D24F4600BF13
:10559000204600F0F3FB0137B8B2A842F8D3EFE79A
:1055A00001B0BDE8F083000010B540F20044C4F241
:1055B000020420464FF480410022FCF7EBFD6420FA
:1055C00003F048FC20464FF480410122FCF7E2FD45
:1055D000642003F03FFC04F540604FF48061012239
:1055E000FCF7D8FD642003F035FC20464FF48051D1
:1055F0000022FCF7CFFD112000F0CAFB20464FF43B
:1056000080510122FCF7C6FD782003F023FC2046E0
:105610004FF480510022FCF7BDFDB12000F0B8FB33
:1056200020464FF480510122FCF7B4FD052000F024
:10563000AFFB3C2000F0ACFB3C2000F0A9FB204677
:105640004FF480510022FCF7A5FDB22000F0A0FB32
:1056500020464FF480510122FCF79CFD052000F00C
:1056600097FB3C2000F094FB3C2000F091FB20468F
:105670004FF480510022FCF78DFDB32000F088FB31
:1056800020464FF480510122FCF784FD052000F0F4
:105690007FFB3C2000F07CFB3C2000F079FB0520E8
:1056A00000F076FB3C2000F073FB3C2000F070FB28
:1056B00020464FF480510022FCF76CFDB42000F02E
:1056C00067FB20464FF480510122FCF763FD032065
:1056D00000F05EFB20464FF480510022FCF75AFD9B
:1056E000C02000F055FB20464FF480510122FCF70A
:1056F00051FD0E2000F04CFB0E2000F049FB042071
:1057000000F046FB20464FF480510022FCF742FD9A
:10571000C12000F03DFB20464FF480510122FCF7F0
:1057200039FDC52000F034FB20464FF480510022A3
:10573000FCF730FDC22000F02BFB20464FF48051D7
:105740000122FCF727FD0D2000F022FB002000F0D5
:105750001FFB20464FF480510022FCF71BFDC320A5
:1057600000F016FB20464FF480510122FCF712FD99
:105770008D2000F00DFB2A2000F00AFB20464FF49C
:1057800080510022FCF706FDC42000F001FB2046FA
:105790004FF480510122FCF7FDFC8D2000F0F8FA57
:1057A000EE2000F0F5FA20464FF480510022FCF77D
:1057B000F1FCC52000F0ECFA20464FF480510122A4
:1057C000FCF7E8FC062000F0E3FA20464FF4805195
:1057D0000022FCF7DFFC362000F0DAFA20464FF416
:1057E00080510122FCF7D6FC782000F0D1FA204647
:1057F0004FF480510022FCF7CDFC3A2000F0C8FAAB
:1058000020464FF480510122FCF7C4FC552000F0E3
:10581000BFFA20464FF480510022FCF7BBFCE02089
:1058200000F0B6FA20464FF480510122FCF7B2FC9A
:105830000B2000F0ADFA172000F0AAFA0A2000F0C1
:10584000A7FA0D2000F0A4FA1A2000F0A1FA1920FE
:1058500000F09EFA162000F09BFA1D2000F098FA46
:10586000212000F095FA262000F092FA372000F06F
:105870008FFA3C2000F08CFA002000F089FA092011
:1058800000F086FA052000F083FA102000F080FA7C
:1058900020464FF480510022FCF77CFCE12000F010
:1058A00077FA20464FF480510122FCF773FC0C205C
:1058B00000F06EFA192000F06BFA092000F068FA87
:1058C0000D2000F065FA1B2000F062FA192000F0AC
:1058D0005FFA152000F05CFA1D2000F059FA212033
:1058E00000F056FA262000F053FA392000F050FA62
:1058F0003E2000F04DFA002000F04AFA092000F0A6
:1059000047FA052000F044FA102000F041FA782010
:1059100003F0A0FA20464FF480510022FCF73AFC35
:10592000292000F035FA20464FF480510122BDE8CD
:105930001040FCF72FBC00002DE9F04F87B0DDF8D8
:10594000448083464FEA58074FEA18101C46914698
:1059500001237A0718BF03EB181000FB08F50BEBC7
:10596000580001EB08020138531E82B29BB2584620
:105970000E460691FFF798FD002D00F08D80A8F1EE
:105980000C00C1B2800140EA9100C3B2052B00F2C5
:1059900083800120984010F02B0F00F07D802A4674
:1059A000A9F120000121C0B2012D98BF0A464BF297
:1059B0000411059200EB4002C0F6000101EB021158
:1059C00002914AF61431C0F6000101EB0011019179
:1059D0004CF2D421C0F600014FF0000A01EB801018
:1059E0005E464FF0000903920090049308E04FF0E8
:1059F000000900BF05980AF1010A049B82454BD0BB
:105A0000032B0DD0012B09D063B903984AF2A06192
:105A1000C0F6000101EB800005E000BF019802E044
:105A2000029800E00098504405784FF0000815E017
:105A300028422046109908BF084600F09FF909F156
:105A400001095FFA89F0B0FBF7F101FB17000028AC
:105A5000CDD008F10108B8F1080FCBD0129800287A
:105A60004FF0010000FA08F0E2D0284209D0069970
:105A7000B0B289B202460B46FFF716FD204600F091
:105A80007DF90136B0B2A0EB0B00B842E1D1069827
:105A90005E4601300690ADE707B0BDE8F08F00002C
:105AA000002A08BF70472DE9F04F89B09FED3A1AE0
:105AB0001646139A20EE010A129DBDEEC00A10EEA2
:105AC000107A4FEA520A4FF000090597CDE9061304
:105AD000089037E0DDF84CB00899CDF804B0DDF857
:105AE00018B0079F10FB0A1080B2594604922E226C
:105AF0003B46002400950294FFF71EFF089CDDF84A
:105B00004CE0049A4FF0000C59463B4609F101095C
:105B1000013602EB8200A8EB40005FFA89F212FB2B
:105B20000A4740F03002B8B2D2B2CDE9005ECDF8FB
:105B300008C0FFF701FF09F101095FFA89F0F1B22E
:105B4000884224D26FEA09003044010608D00121BE
:105B5000013801EB810102064FEA4101F8D100E072
:105B60000121059BF0B2B3FBF1F849F69A115FFAF7
:105B700089F20238C1F699119042A8FB0112A9D00E
:105B800006ACDDF84CE01ACC4FF0000CC1E709B0D0
:105B9000BDE8F04F704700BF0000C8422DE9F04F4C
:105BA00083B09B461378CBB1DDE90C9ADDF83880E1
:105BB0000D4606464FEA5A07541E00BFB0B2DAB28D
:105BC00029465B46CDE9009ACDF80880FFF7B4FE80
:105BD000A3783E44002B04F10104EFD103B0BDE8EB
:105BE000F08F000084B04FF6FF77FFF7DDFC002058
:105BF0000021A022502300970025FFF7ADFC40F2C2
:105C0000A42A4DF6B32440F24C2BC2F2000A10260F
:105C1000C0F60004C2F2000B0FF250180FF2541934
:105C20009AED000A0020142104224FF47843CDE9B4
:105C30000076FFF735FF3020142122464FF47843D9
:105C4000CDE900760295FFF7A9FF9AED010A3A2007
:105C5000142104224FF47843CDE90076FFF720FFAA
:105C60006A20282122464FF47843CDE90076029538
:105C7000FFF794FF9AED020A7420142104224FF4D6
:105C80007843CDE90076FFF70BFF9BED000A00207B
:105C9000282104224FF47843CDE90076FFF700FF76
:105CA0003020282122464FF47843CDE90076029532
:105CB000FFF774FF9BED010A3A20282104224FF4DC
:105CC0007843CDE90076FFF7EBFE6A2028212246D3
:105CD0004FF47843CDE900760295FFF75FFF9BED27
:105CE000020A7420282104224FF47843CDE900767B
:105CF000FFF7D6FE41F25400C2F2000090ED000A18
:105D00000A203C2104224FF47843CDE90076FFF7C6
:105D1000C7FE34203C2122464FF47843CDE900767B
:105D20000295FFF73BFF3E203C2142464FF478436B
:105D3000CDE900760295FFF731FF64203C21224631
:105D40004FF47843CDE900760295FFF727FF6A20EC
:105D50003C214A464FF47843CDE900760295FFF79F
:105D60001DFF642003F076F85AE700BF6779726F71
:105D700000000000616363656C00000010B504461C
:105D8000000A00F005F8E0B2BDE81040AFF3008073
:105D9000F0B581B040F20046C4F2020606F5006597
:105DA000044628464FF4806100220027FCF7F2F9F0
:105DB00030464FF400510022FCF7ECF9E0B2C20982
:105DC00030464FF40041FCF7E5F930464FF40051FE
:105DD0000122FCF7DFF96400072F07F10107E7D381
:105DE00028464FF48061012201B0BDE8F040FCF785
:105DF000D1B90000B0B584B040F2B02042F2000149
:105E000001230024C2F20000C4F20101C0F60073B5
:105E10000125CDE90244CDE900444FF480320476F7
:105E200080F82040C0E90A34C56180F8304080E83D
:105E30001600C0E903444561FBF7C0FC002818BF09
:105E4000FBF7B6FB0A20CDE9000540F2B020C2F214
:105E5000000069460294FBF717FC002818BFFBF707
:105E6000A7FB04B0B0BD0000B0B584B040F2F8208C
:105E700042F2001101230024C2F20000C4F2010129
:105E8000C0F600730125CDE90244CDE900444FF48A
:105E90008032047680F82040C0E90A34C56180F879
:105EA000304080E81600C0E903444561FBF786FCFA
:105EB000002818BFFBF77CFB0A20CDE9000540F263
:105EC000F820C2F2000069460294FBF7DDFB0028CF
:105ED00018BFFBF76DFB04B0B0BD000080B540F209
:105EE000403046F20041C2F20000C4F20001032239
:105EF000002380E80E0000F10C014FF4102C4FF449
:105F0000001E81E8085083618383FBF753FD00285E
:105F100008BF80BDBDE88040FBF74ABB80B540F2BA
:105F2000683046F60001C2F20000C4F2000103220C
:105F3000002380E80E0000F10C014FF4102C4FF408
:105F4000001E81E8085083618383FBF733FD00283E
:105F500008BF80BDBDE88040FBF72ABB80B582B09A
:105F6000002043F630010190C4F202010A6842F4B5
:105F700000120A600A6802F400120192019A00906D
:105F80000868002240F4800008600868052100F4D9
:105F90008000009000980B20FCF7B0FD0B20FCF770
:105FA0009BFD102005210022FCF7A8FD1020FCF726
:105FB00093FD392005210022FCF7A0FD3920FCF7D4
:105FC0008BFD452005210022FCF798FD452002B0FD
:105FD000BDE88040FCF780BD80B588B00B4802AFBB
:105FE00001900AA000F1040E9EE80E50806987E837
:105FF0000E50079001A8002102F072F940F28C21A6
:10600000C2F20001086008B080BD00BFB5DA000828
:10601000C1710008000000000000000080000000C6
:1060200000000000000000002DE9F04F87B00024C0
:1060300043F630000694CDE90444CDE902440194CE
:10604000C4F20200016840F6004841F0100101600E
:106050000168C4F2020801F0100101910199019454
:106060000168A8F5406941F08001016001680022E3
:1060700001F080010191019901940168102541F01E
:1060800004010160016801F004010191019901948A
:10609000016841F001010160016801F00101019115
:1060A00001990194016841F002010160016801F069
:1060B0000201019101990194016841F00801016018
:1060C0000068102100F00800019001984846FCF794
:1060D00061F808F5806738464FF404410022FCF768
:1060E00059F8A8F5006A50464FF470410122012684
:1060F000FCF750F840464FF492610122FCF74AF851
:1061000040464FF4404100224FF4404BFCF742F828
:10611000CDE9025602AD48462946CDE90444FBF7D5
:106120006FFF4FF4806938462946CDE90296CDE9E4
:106130000464FBF765FF4FF40040CDE902063846E2
:106140002946CDE90444FBF75BFF4FF48050CDE9CD
:10615000020602275046294604940597FBF750FF94
:106160004FF46040CDE9020650462946CDE9046768
:10617000FBF746FF40462946CDE90296CDE90447A4
:10618000FBF73EFF40462946CDE902B6CDE904447F
:10619000FBF736FF0C2002904FF48810CDE9030680
:1061A00040462946FBF72CFF9020CDE902064046E9
:1061B0002946CDE90467FBF723FF082005210022CB
:1061C000FCF79CFC0820FCF787FC09200521002235
:1061D000FCF794FC0920FCF77FFC07B0BDE8F08FCA
:1061E00080B540F2105045F20041C2F20000C4F206
:1061F000000148F2A06200234FF4804CC0F201027B
:1062000080E80E00C0E9033CC0E90533C0E907336C
:10621000FBF7CCFF002808BF80BDBDE88040FBF73E
:10622000C7B9000080B540F2645045F60001C2F2E3
:106230000000C4F2000148F2A06200234FF4804C39
:10624000C0F2010280E80E00C0E9033CC0E905335A
:10625000C0E90733FBF7AAFF002808BF80BDBDE8EF
:106260008040FBF7A5B9000080B540F2B85045F674
:106270000041C2F20000C4F2000148F2A062002313
:106280004FF4804CC0F2010280E80E00C0E9033CEC
:10629000C0E90533C0E90733FBF788FF002808BFD2
:1062A00080BDBDE88040FBF783B9000080B540F6B3
:1062B000F02043F20001C2F20000C4F201014FF4E9
:1062C000827200234FF4007C80E80E000A21C0E9AE
:1062D0000333C0E9053CC361C0E90833C0E90A31B2
:1062E000FCF7AAFF002808BF80BDBDE88040FBF78F
:1062F0005FB90000B0B540F6483043F60041C2F245
:106300000000C4F200014FF48272002380E80E0006
:1063100000F10C014FF0020C4FF0010E4FF400742D
:10632000302581E808500A21C0E90645C0E9083354
:10633000C0E90A31FCF780FF002808BFB0BDBDE806
:10634000B040FBF735B90000B0B58CB003AC2046C7
:106350002421F9F76DFF40F6A0300025C2F20000BD
:106360004FF08041C0E9001501214FF0FF32CDE927
:106370000315CDE90515CDE909152146CDE90055EF
:10638000C0E9025205618561CDE907550B95FDF71E
:106390003DFB002818BFFBF70BF940F6A030C2F216
:1063A00000006946CDE90055FDF78CF9002818BFBB
:1063B000FBF7FEF80CB0B0BD10B58EB040F6E8307B
:1063C0000021C2F2000040F2004244F61F640D9129
:1063D000CDE90B11CDE90911CDE90711CDE9051181
:1063E000CDE90311CDE90111C4F200025323C0E944
:1063F000021401618021C0E900238161FDF7C0F929
:10640000002818BFFBF7D4F84FF480500A9040F6EC
:10641000E830C2F200000AA9FDF728FA002818BFE8
:10642000FBF7C6F840F6E830C2F20000FDF736FD93
:10643000002818BFFBF7BCF840F6E8300024C2F291
:10644000000008A9CDE90844FDF73CF9002818BF71
:10645000FBF7AEF86020CDE9010440F6E830C2F267
:10646000000001A9002203940594FDF70BFC00280D
:1064700018BFFBF79DF840F6E830C2F2000001A912
:106480000822FDF7FFFB002818BFFBF791F840F644
:10649000E830C2F2000001A90C22FDF7F3FB00284E
:1064A00018BFFBF785F840F6E830C2F20000FDF7B0
:1064B0007FFB0EB010BD0000B0B58CB003AC204621
:1064C0002421F9F7B5FE40F6304040F600010025E2
:1064D000C2F20000C4F20001C0E9001501214FF62C
:1064E000FF72CDE90315CDE90515CDE90915214662
:1064F000CDE90055C0E9025205618561CDE9075536
:106500000B95FDF783FA002818BFFBF751F840F60A
:106510003040C2F200006946CDE90055FDF7D2F8DF
:10652000002818BFFBF744F80CB0B0BD10B58EB012
:1065300040F678400021C2F2000040F6004244F6E6
:106540001F640D91CDE90B11CDE90911CDE90711BA
:10655000CDE90511CDE90311CDE90111C4F2000225
:106560005323C0E9021401618021C0E90023816145
:10657000FDF706F9002818BFFBF71AF84FF4805012
:106580000A9040F67840C2F200000AA9FDF76EF9C1
:10659000002818BFFBF70CF840F67840C2F2000064
:1065A000FDF77CFC002818BFFBF702F840F67840A6
:1065B0000024C2F2000008A9CDE90844FDF782F8E2
:1065C000002818BFFAF7F4FF6020CDE9010440F677
:1065D0007840C2F2000001A9082203940594FDF757
:1065E00051FB002818BFFAF7E3FF40F67840C2F2EB
:1065F000000001A90C22FDF745FB002818BFFAF79F
:10660000D7FF40F67840C2F20000FDF7D1FA0EB095
:1066100010BD000080B58CB040F6C0400021C2F231
:10662000000044F2000244F61F6C0B91CDE9091101
:10663000CDE90711CDE90511CDE90311CDE901112E
:10664000C4F20102A723C0E9021C01618021C0E954
:1066500000238161FDF794F8002818BFFAF7A8FF1E
:106660004FF48050089040F6C040C2F2000008A9E4
:10667000FDF7FCF8002818BFFAF79AFF40F6C04073
:10668000C2F20000FDF70AFC002818BFFAF790FFDD
:10669000602001900020CDE90200059040F6C04046
:1066A000C2F2000001A90022FDF7ECFA002818BF91
:1066B000FAF77EFF40F6C040C2F2000001A90422B2
:1066C000FDF7E0FA002818BFFAF772FF40F6C04065
:1066D000C2F20000FDF76CFA0CB080BD80B540F648
:1066E000E05044F60041C2F20000C4F20001002371
:1066F0004FF00C0C4FF4165280E80E00C0E9033343
:10670000C0E905C3C361FDF7ADFE002808BF80BD29
:10671000BDE88040FAF74CBF80B540F6085041F222
:106720000001C2F20000C4F2010100234FF00C0C82
:106730004FF4E13280E80E00C0E90333C0E905C33D
:10674000C361FDF78FFE002808BF80BDBDE8804013
:10675000FAF72EBF80B540F6505044F20041C2F225
:106760000000C4F2000100234FF00C0C4FF4E132A2
:1067700080E80E00C0E90333C0E905C3C361FDF73B
:1067800071FE002808BF80BDBDE88040FAF710BF49
:1067900080B540F6985044F60001C2F20000C4F201
:1067A000000100234FF00C0C4FF4E13280E80E00A2
:1067B000C0E90333C0E905C3C361FDF753FE0028F8
:1067C00008BF80BDBDE88040FAF7F2BE80B540F654
:1067D000286041F20041C2F20000C4F2010100232E
:1067E0004FF00C0C4FF4E13280E80E00C0E90333A7
:1067F000C0E905C3C361FDF735FE002808BF80BDB1
:10680000BDE88040FAF7D4BE80B540F20C60C2F219
:1068100000004FF0A0410160042101714FF40071AC
:10682000C1800221C0F809100021C181FCF7A2F942
:10683000002808BF80BDBDE88040FAF7B9BE00005F
:10684000FEE7000070470000FEE7000084B002F0A1
:1068500087FD41F2240940F224240646C2F20009D1
:106860004FF0000AC2F20004E8460EE020684146FC
:10687000D0F8A821CDE902AACDF804A0CDF800A057
:1068800090470A2002F0E6FA2E4602F069FD07461C
:1068900002F066FDD9F8001005460029E6D0B0B236
:1068A000381AB0F1FF3118BF014620688EB2314668
:1068B000FAF736FC20683146D0F8B021E0E7000056
:1068C00002F04EFD40F66C750446C2F2000500BFB2
:1068D00002F046FDA1B2401AB0F1FF3618BF0646DD
:1068E00002F03EFD04462868B1B200F0E1FA322021
:1068F00002F0B0FAECE7000040F6C46740F6C86466
:1069000040F2200540F2802A40F2140B00264FF09E
:106910000109C2F20007C2F20004C2F20005C2F28D
:10692000000AC2F2000BB6EE008A4FF000082BE01E
:1069300040F67072C2F20002CAE9000610684DF219
:106940000A710130106040F66C70C2F20000C3F6AC
:1069500023410068CBF80010CBF80410CBF80810E6
:106960005146B0EE480A5A460123CAF8086000F0C2
:10697000F5F83868013038602068002838D0642085
:1069800002F068FA08F10108B8F1020FF4D3386890
:1069900041F224010628C2F20001C1F80090EBD8B0
:1069A000DFE800F031040B040B444B004CF6CD4003
:1069B000C3F6CC50C4F80090BAE740F66C70C2F24F
:1069C000000000689C3000F0C1FB0028D4D049F6DC
:1069D0009A10C3F69960286041F21800C2F20000D4
:1069E0000078266001286E60AE60C5D1386819E075
:1069F00040F22420C2F20000006895EC030A002156
:106A0000FAF7C4FCBBE749F69A11C3F6996129600D
:106A100041F21801C2F200010978266001296E6076
:106A2000AE60A9D1C5E90066AE60A3E749F69A1049
:106A3000C4F80090C3F619607AE740F66C70C2F2B1
:106A4000000000689C3000F081FB00283FF494AF08
:106A500040F23400C2F2000006604CF6CD40C3F6AE
:106A60004C50A86041F25C002660C5E90066C2F2A5
:106A70000000006801287FF47FAF386840F23401DD
:106A8000C2F200014FF0FF32C5E90066AE600A6055
:106A900070E7000080B548F2495C48F2595E00F1A9
:106AA0005C07C0F6000CC0F6000E87E80E5080ECC4
:106AB000030A80BD0000000000000000000000008C
:106AC000EFF30980BFF36F8F154B1A681EF0100F9C
:106AD00008BF20ED108A20E9F04F10602DE9090071
:106AE0004FF0500080F31188BFF34F8FBFF36F8FCB
:106AF00002F05AFA4FF0000080F31188BDE8090057
:106B000019680868B0E8F04F1EF0100F08BFB0EC2D
:106B1000108A80F30988BFF36F8F704700BF00BFF2
:106B2000740F002080B584B001200DF10F01CDE974
:106B3000001040F2B8504FF47A7CC2F20000982165
:106B4000AA220123CDF808C0FBF7E8FB9DF80F004F
:106B5000663818BF012004B080BD000070B584B055
:106B6000044600201546CDE90100039001AA204605
:106B70000E4600F021F8D4F8980095E80E00D0F801
:106B8000A4013C300EC0012084F89D0096E8070067
:106B9000E261C4E90501D4F89800D0F8A40100F13D
:106BA0000C030ECB04F19C00C4E90212236104B073
:106BB00070BD0000000000002DE9F0472DED0C8BAA
:106BC00000F19C08044640461D469146B0EE408ABE
:106BD0000F4600F0C1FA97ED009A55B1D4F898002D
:106BE00097ED01CAD0F8A40197ED02BAFEF7E6FAD4
:106BF00013E0D4F8980097ED023AD0F8A40190ED94
:106C0000030A90ED041A90ED052A39EE409A97EDAB
:106C1000010A33EE42BA30EE41CAB5EE409AF1EEC7
:106C200010FA0CD1B5EE40CAF1EE10FA07D1B5EE6C
:106C300040BAF1EE10FA02D19FED61DA33E02CEEAA
:106C40000C0A29EE091A31EE000A00F089FA10EE5A
:106C5000100AF9F7B4FD824618EE100A0F46F9F74C
:106C6000AEFD9FED530B53EC102BF9F756FC064687
:106C70000D465046394632462B46F9F7C0FC0746CA
:106C80001BEE100A20F000408A46F9F798FD3246C4
:106C90002B46F9F7B4FC3A465346F9F797FBF9F758
:106CA000A1FD0DEE100A1DEE100A04F12005F9F702
:106CB00086FD41EC180B19EE100AF9F780FD41EC46
:106CC0001A0BD9F80000F9F77AFD9FED3B9B41ECD8
:106CD000150BB0EE490AB0EE491AB0EE482AB0EEF4
:106CE0004A3AB0EE494A2846F0EE690AF0EE691ACF
:106CF000F0EE682AF0EE6A3AF0EE694AFAF798FB8D
:106D00001CEE100A04F14805F9F759FD41EC1A0B85
:106D1000D9F80400F9F753FD41EC150BB0EE490A20
:106D2000B0EE491AB0EE482AB0EE4A3AB0EE494AFF
:106D30002846F0EE690AF0EE691AF0EE682AF0EEE5
:106D40006A3AF0EE694AFAF773FB1BEE100A04F197
:106D50007005F9F734FD41EC1A0BD9F80800F9F782
:106D60002EFD41EC150BB0EE490AB0EE491AB0EE1B
:106D7000482AB0EE4A3AB0EE494A2846F0EE690A8F
:106D8000F0EE691AF0EE682AF0EE6A3AF0EE694A1F
:106D9000FAF74EFB002184ED00DAA180404684F82A
:106DA0009D10BDEC0C8BBDE8F08700BF00BF00BF9D
:106DB000000000000000E03F0000000000000000B4
:106DC0000000000000000000B0B52DED028B9FED2B
:106DD000368B04460020B0EE480AB0EE481AB0EEFA
:106DE000482AB0EE483AB0EE484AB0EE485A206021
:106DF000A080C4E90500E06104F12000F0EE680A1B
:106E0000F0EE681AF0EE682AF0EE683AF0EE684AA2
:106E1000F0EE685A0D46FAF70BFBB0EE480AB0EEFA
:106E2000481AB0EE482AB0EE483AB0EE484AB0EE02
:106E3000485A04F14800F0EE680AF0EE681AF0EEE5
:106E4000682AF0EE683AF0EE684AF0EE685AFAF70F
:106E5000EFFAB0EE480AB0EE481AB0EE482AB0EEAB
:106E6000483AB0EE484AB0EE485A04F17000F0EEED
:106E7000680AF0EE681AF0EE682AF0EE683AF0EE72
:106E8000684AF0EE685AFAF7D3FA04F19C00C4F8A5
:106E9000985000F057F9012084F89D00BDEC028B5A
:106EA000B0BD00BF00BF00BF000000000000000038
:106EB00070B52DED068B84B004468088014488B2FD
:106EC000A180F9F737FC9FED5C0B53EC102BF9F721
:106ED00096FBF9F787FC04F19C050646284600F06E
:106EE00035F9002840F0A48094F89D0008EE106A5F
:106EF000012832D0002840F09B8004F12000B0EE41
:106F0000480AFAF705FBB0EE409A04F14800B0EEEB
:106F1000480AFAF7FDFAB0EE40AA04F17000B0EEAC
:106F2000480AFAF7F5FAD4F89800B0EE401AB0EE35
:106F3000490AF0EE4A0A0121FAF728FA94ED000A0C
:106F4000B4EE480AF1EE10FA72DC284604B0BDEC4B
:106F5000068BBDE8704000F0FBB894ED000A04F128
:106F60002000B4EE480AF1EE10FAB8BFB0EE408A45
:106F7000B0EE480AFAF72AFA94ED021A04F1480032
:106F800030EE010A8DED010AB0EE480AFAF71EFA5A
:106F900094ED031A04F1700030EE010A8DED020A3F
:106FA000B0EE480AFAF712FAD4F8980094ED041AF1
:106FB000D0F8A41130EE010A01F13C0201A900232E
:106FC0008DED030AFAF70CF9D4F8980094ED050A50
:106FD000D0F8A40190ED031A90ED0F2A30EE410A8B
:106FE000B0EEC00AB4EE420AF1EE10FA20DA94EDE7
:106FF000060A90ED041A90ED102A30EE410AB0EE28
:10700000C00AB4EE420AF1EE10FA11DA94ED070A62
:1070100090ED051A90ED112A30EE410AB0EEC00A4B
:10702000B4EE420AF1EE10FA02DA284600F090F8C7
:1070300004B0BDEC068B70BD0000000000408F4026
:107040002DE9F04782B00A9C984615460E468146C7
:10705000FBF7A6F8201A00EB0804FBF7A1F840F2B2
:107060001001C2F200010968C1F3CB316143019103
:10707000D9F8001089683140891BB1FA81F14909BA
:10708000A94203D1002002B0BDE8F087824608F192
:1070900001070CE0019801380190D9F800008068E0
:1070A0003040801BB0FA80F04009A842EAD0002F9F
:1070B000F3D0FBF775F8A0EB0A00A04204D20198C8
:1070C0000028E7D10024E8E7D9E900014268B1F5DA
:1070D000827F22F0E00242600BD1D9F80810B1F5AE
:1070E000004F02D0B1F5806F03D1016821F040015B
:1070F0000160D9F82810B1F5005F07D1016821F4CB
:1071000000510160016841F400510160012089F8DB
:107110005100002089F85000032002B0BDE8F0873C
:10712000074B19680868B0E8F04F80F30988BFF38F
:107130006F8F4FF0000080F31188704700BF00BFD1
:10714000740F002000210170704700000078704724
:10715000012101707047000000210170704700009C
:10716000B5EE400AF1EE10FADCBF9FED140A70474D
:1071700045F6DF1110EE100AC5F63771A1EB60007D
:10718000BEEE002A01EE100A20EE020A20EE012ACD
:1071900022EE012AB7EE083A32EE032A22EE011A55
:1071A00020EE010A20EE010A30EE030A21EE000A69
:1071B000B7EE001A81EE000A704700BF0000000021
:1071C000012001F07FF8FBE7DDF800C001604263B9
:1071D00080F8383080ED0F0A80F840C0704700001A
:1071E00080B5FBF705FC02F0A7F8012808BF80BDB9
:1071F000BDE8804001F0B4BF70B592B006AC204647
:107200003021F9F715F8002543F640000595CDE942
:107210000355CDE901550095C4F20200016802262C
:1072200041F080510160006800F0805000900098AB
:1072300047F200000095C4F20000016841F480416B
:107240000160006800F480400090009801200690E2
:107250004FF4803007904FF480000D900C200E907A
:10726000A820CDE90F060720119020460C96FBF7C9
:1072700035FE10B172B600BFFEE70F20CDE9010662
:107280004FF4A05004904FF48050059001A80521C0
:107290000395FBF717FD10B172B600BFFEE712B001
:1072A00070BD00004EF68850CEF20000016841F437
:1072B0007001016070470000B0B540F6FF3E056800
:1072C000C4F2000E40F2004C7045C4F2010C0FDC19
:1072D000B0F1804F19D040F20043C4F2000398424D
:1072E00013D040F60003C4F2000398420DD011E021
:1072F00040F60043C4F20003984206D0604504D033
:107300000023C4F20103984204D14B6825F07002B7
:1073100043EA020541F6FF73C4F2000398420FDC12
:10732000704521DCB0F1804F41D040F20043C4F2FF
:10733000000398423BD040F60003C4F2000334E05F
:1073400043F6FF73C4F2010398421EDC42F20003CD
:10735000C4F2000398422AD00023C4F201039842E9
:1073600025D0604523D027E040F60043C4F2000357
:1073700098421CD041F60003C4F20003984216D094
:1073800041F60043C4F200030FE044F20003C4F2EC
:10739000010398420BD044F60003C4F20103984263
:1073A00005D044F20043C4F20103984204D1CB68F3
:1073B00025F4407243EA02050A688C684B69C4628E
:1073C00040F480648262644504BF09690163026815
:1073D00025F0800142F0040219430260012242615B
:1073E0000160B0BD40F6E050C2F20000FCF7AEBE56
:1073F000806B0021C185FCF77DBE0000806B0168B9
:10740000496990F84120212A11D111F080010ED054
:107410000021C184016851E8031F026821F0C00106
:1074200042E80313002BF5D1202180F841100168B8
:10743000496990F84220222A2BD111F0400128D02E
:107440000021C185016851E8031F026821F4907191
:1074500042E80313002BF5D1016851E8051F0268CB
:1074600021F0010142E80513002BF5D1016B012940
:107470000AD100BF016851E8031F026821F0100122
:1074800042E80313002BF5D1202180F8421000219F
:107490000163416C41F010014164FCF72BBE000018
:1074A0000168806B0968C90530D40021C18500BF1F
:1074B000016851E8031F026821F4807142E8031358
:1074C000002BF5D1016851E8051F026821F0010188
:1074D00042E80513002BF5D1016851E8051F026849
:1074E00021F0400142E80513002BF5D1202180F85E
:1074F0004210016B012909D1016851E8031F02689C
:1075000021F0100142E80313002BF5D10021416363
:10751000016B012918BFFDF741B9818DFCF7B0BDA2
:10752000806B01214163016B012918BFFDF7ACB9E4
:10753000818D4908FCF7A4BD90F84210222918BF9C
:1075400070478268B2F5805F02D1016900294AD094
:10755000816AB2F5805F07D00AB9026922B1026878
:10756000526802F07F0201E0026852680A70816A84
:1075700001318162C18D01390A04C18500D0704793
:107580000168CA6822F02002CA60CA6822F48072C8
:10759000CA604A6922F001024A61202180F8421043
:1075A00000214163026B012A18BFFDF7F7B881B0D3
:1075B000016300BF016851E8031F026821F0100158
:1075C00042E80313002BF5D101680A68D20606D5FC
:1075D000002200920A680092496800910099818D0A
:1075E00001B0FCF74DBD0168826A49686FF35F2105
:1075F00022F8021B8262BDE7B0B50446006804F1C0
:1076000008030ECB0569194325F440552A4302614E
:107610006269E3691143C268194349F20C639A43F2
:107620001143C1604169A26921F4407141F20043F4
:10763000114340F48062C4F201039A42416102D1D5
:10764000FBF704FC01E0FBF7EDFBE1694FF69C75ED
:1076500063681922C0F6FF75B1F5004FA0FB020167
:107660001CD15A00DB0FF8F7ABFD48F21F51C5F2F1
:10767000EB11A0FB01235A0905F1805302FB030023
:10768000322303EBC000A0FB01014FF4F87000EAC5
:10769000111000EB0210C1F3421118E09A009B0F89
:1076A000F8F78EFD48F21F51C5F2EB11A0FB012344
:1076B0005A0902FB0500322303EB0010A0FB010175
:1076C000F02000EA511000EB0210C1F3431108440E
:1076D00021688860B0BD0000F0B581B01346002776
:1076E0000446816283854764222084F84200E06B6F
:1076F00047F2A14547F221560A462168C0F6000527
:10770000C0F60006C0E90F5647F2FD36C0F6000687
:107710000431C0E91367FAF701FC38B11020606446
:10772000202084F84200012001B0F0BD00972068BD
:1077300001680091406800900098206950B100BF36
:10774000206850E8030F216840F4807041E803028C
:10775000002AF5D1206850E8050F216840F00100AB
:1077600041E80502002AF5D1206850E8050F21689C
:1077700040F0400041E80502002AF5D1002001B0A8
:10778000F0BD000040F62860C2F20000FCF7DEBC4D
:10779000B0B50C464FF486710546F8F749FD40F642
:1077A0007063C2F2000360682278A1681C78C5F893
:1077B0000811611C197044F67451C2F20001C5F839
:1077C000040141F82450294685F80021FCF724FCE7
:1077D000D5F80401C06B0068016821F00801016060
:1077E000B0BD000082B002F47F42B2F5807F2BD1A1
:1077F000826B4FF6BF7322F480328263C268CFF689
:10780000BD731A40C260029BC268DBB222F4401210
:10781000012BC26003D1C26842F48012C260002210
:10782000009200BF009A01320092009AB2F1706F8C
:1078300033D80269B2F1FF3FF4DC0A220092009AC9
:10784000D2B1009A013AF9E7C26842F04002C26040
:1078500000220192019A01320192019AB2F1706FF5
:107860002FD80269B2F1FF3FF4DC0A220192019A9B
:10787000B2B1019A013AF9E7026942F001020261EC
:10788000009A01320092009AB2F1706F05D8026935
:10789000D207F5D14FF0000C1EE04FF0030C1BE0B7
:1078A000026942F001020261019A01320192019AD9
:1078B000B2F1706F05D80269D207F5D14FF0000C14
:1078C00001E04FF0030C826B13F47F4F14BF22F4DE
:1078D000803242F48032826301F47F01B1F5803F4F
:1078E00007D1816841F006018160816841F0200183
:1078F0008160604602B070470146D0F8000E20F06B
:107900000300C1F8000ED1F8040840F00202002084
:10791000C1F80428704700002DE9F04F83B01B0C1C
:1079200000F580770F260025013E47F8045FFBD164
:10793000DBB200933BB1836B23F400138363836B4F
:1079400043F4002310E0D0F8043843F00203C0F8F9
:107950000438836B43F400138363836B23F40023A5
:107960008363836B23F4802302F47F4783630023C4
:10797000B7F5807FC0F8003E07D1D0F80078B3EBB0
:10798000116F07D1C0F8007808E0D0F8003843F054
:10799000030301E047F00103C0F80038002301931E
:1079A000019B01330193019BB3F1706F18D80369F8
:1079B000B3F1FF3FF4DC002301934FF484630361D0
:1079C000019B4FF0000E01330193019BB3F1706FE7
:1079D00088BF4FF0010E05D803699B06F0D401E083
:1079E0004FF0010E00230293029B01330293029B8E
:1079F000B3F1706F18D80369B3F1FF3FF4DC0023D3
:107A000002931023036100BF029B4FF0000A013371
:107A10000293029BB3F1706F88BF4FF0010A05D843
:107A20000469E406F0D401E04FF0010ACCB24FF053
:107A30000008C0F81088C0F81488C0F81C8894B3F7
:107A400000F510664FEA441B4FF67F39002400BF53
:107A500033594FF09045002C08BF4FF0006505EA00
:107A6000E373371933512034A345C7F81080C7F8A2
:107A70000890EDD100F530664FF000094FF67F34E5
:107A8000002700BFF5594FF0904C002F08BF4FF072
:107A9000006C0CEAE575F319F5512037BB45C3F8C6
:107AA00010909C60EED1D0F8103811F47F0F23F4C1
:107AB0008073C0F810386FF08043C0F818804361BD
:107AC00003D1816941F010018161816943F60003AE
:107AD000C8F23C03194312F47F0F816103D081691E
:107AE00041F0080181610099012905D1816941F0C6
:107AF000804141F0040181614EEA0A0003B0BDE813
:107B0000F08F00000146806820F0010200208A60AA
:107B100070470000B0B50446C06820F0C040E06087
:107B200091B1012926D1E068002540F00050E060C5
:107B30000A20FAF743FA6069C00705F10A0014D178
:107B4000BE2D0546F4D310E0E068002540F08040EB
:107B5000E06000BF0A20FAF731FA6069C00705F15A
:107B60000A0002D0BE2D0546F4D3C838B0FA80F022
:107B70004009B0BD0120B0BDFEE7000070B582B085
:107B800000F11C0604250DF10604ADF8061000BF37
:107B900056F81C0C2146FEF755FE56F81C0C00F05A
:107BA0001FF986ED010A0436013DF1D102B070BD26
:107BB0002DE9F041F9F70AF98020F9F733FA552059
:107BC000F9F730FA5520F9F72DFAF9F7F7F896207A
:107BD000F9F73AF9F9F7FAF88020F9F723FA55207E
:107BE000F9F720FA5520F9F71DFAF9F7E7F896208A
:107BF000F9F72AF9F9F7EAF87E20F9F713FAB6202F
:107C0000F9F710FAF9F7DAF85020F9F7FBF8F9F775
:107C1000DDF88020F9F706FA5520F9F703FA552028
:107C2000F9F700FAF9F7CAF89620F9F70DF9F9F71C
:107C3000CDF88020F9F7F6F95520F9F7F3F955203A
:107C4000F9F7F0F90446F9F7B9F89620F9F7FCF8D6
:107C50001E2C1CBFFF20BDE8F0814DF6C128002678
:107C6000C0F60008F9F7B2F806EB460018F8005025
:107C700008EB00077C782846F9F7D4F92046F9F795
:107C8000D1F9F9F79BF89620F9F7DEF8F9F79EF8A5
:107C900045F08000F9F7C6F95520F9F7C3F95520EA
:107CA000F9F7C0F90546F9F789F89620F9F7CCF805
:107CB000A54205D10136062ED4D10020BDE8F081C1
:107CC000B878BDE8F08100002DE9F041F9F790F8AF
:107CD0008020F9F7A7F95520F9F7A4F9F9F780F80A
:107CE0009620F9F7B1F8F9F783F88020F9F79AF9B7
:107CF0005520F9F797F9F9F773F89620F9F7A4F8F2
:107D0000F9F776F81420F9F78DF9B620F9F78AF922
:107D1000F9F766F85020F9F775F8F9F769F8802057
:107D2000F9F780F95520F9F77DF9F9F759F8962018
:107D3000F9F78AF8F9F75CF88020F9F773F955201C
:107D4000F9F770F90446F9F74BF89620F9F77CF843
:107D50000F2C1CBFFF20BDE8F0814DF6D328002674
:107D6000C0F60008F9F744F806EB460018F8005092
:107D700008EB00077C782846F9F754F92046F9F714
:107D800051F9F9F72DF89620F9F75EF8F9F730F880
:107D900045F08000F9F746F95520F9F743F9054613
:107DA000F9F71EF89620F9F74FF8A54205D10136EC
:107DB000062ED7D10020BDE8F081B878BDE8F0816B
:107DC00080B582B0019040F6E050C2F2000001A9F7
:107DD00001224FF6FF73FCF759FD019802B080BDF8
:107DE00070B50446B0F93A00F8F793FC9FED0E0B1E
:107DF00053EC102BF8F791FB0546E06B0E46F8F7B5
:107E0000DEFC02460B4628463146F8F786FB9FED1E
:107E1000080B53EC102BF8F7F2FBF8F7E3FC00EE3D
:107E2000100A70BD00BF00BF1F85EB51B81E09408E
:107E30000000000000004E40FEF774FE18B105205F
:107E400001F008F8F8E740F2982740F2902540F258
:107E5000600941F2000A41F2180B40F23C26C2F2DE
:107E600000070124C2F20005C2F20009C4F2020AAE
:107E7000C2F2000BC2F20006386801303860FDF72C
:107E8000A5F840F22821C2F200010870002100BFCD
:107E900020FA01F224EA02026A5401310829F7D1DA
:107EA00048460821FDF77CF8E9782A79A8786B79AB
:107EB00081F0010182F00102114380F001000843CA
:107EC00083F0010150EA0102B2FA82F04FEA501841
:107ED00050464FF4806118BF0122FAF75BF9FF208A
:107EE0008BF80080FDF740F80A2000F0B3FF304621
:107EF0000821FDF755F8FF20FDF736F80A2000F0BD
:107F0000A9FFB9E7FAF782FDFFF776F9FEF78CF8DB
:107F1000FEF724F8FDF7E2FFFEF7C8F9FDF76AFF68
:107F2000FDF7A2FFFDF7FAFFFEF75AF9FEF77AF91F
:107F3000FEF79AF9FEF7DEF9FEF706FAFEF73CFACD
:107F4000FEF7BAFAFEF7F2FAFEF764FBFEF7C6FB9D
:107F5000FEF7E2FBFEF7FEFBFEF71AFCFEF736FC2F
:107F6000FEF752FC40F60044C4F2020420464FF4EF
:107F7000804100220027FAF70DF920464FF4004116
:107F80000022FAF707F940F6E834C2F2000420466E
:107F90000021FBF7B3FF20460821FBF7AFFF204687
:107FA0000C21FBF7ABFF40F67845C2F200052846EE
:107FB0000C21FBF7A3FF28460821FBF79FFF40F6A3
:107FC000C046C2F2000630460021FBF797FF30465C
:107FD0000421FBF793FF20684FF4E1614763C1631D
:107FE0000164286840F2DC510764C763306841636C
:107FF000816300F007F8FDF7EFFF00F06BF900BFB9
:10800000FEE700002DE9F04F81B02DED028B82B02C
:1080100040F6E05040F24A21C2F20000C2F20001F4
:108020000122FCF791FB4DF69C24C0F6000420468B
:1080300002F052FA204602F04FFA204602F04CFAC3
:10804000204602F049FA204602F046FA204602F0A5
:1080500043FA00BFF8F712FF0028FBD141F2600499
:10806000C2F2000440F23801C2F200012046FFF7DC
:108070008FFB94F800112046F8F7DAF840F250042C
:10808000C2F2000440F698559FED708A2068C2F253
:108090000005002601212A460023B0EE480A00967A
:1080A0000127FFF791F8606802212A460123B0EE0C
:1080B000480A0096FFF788F8A06804212A460023A2
:1080C000B0EE480A00964FF0040BFFF77DF8E06829
:1080D00003212A460123B0EE480A00974FF0030817
:1080E000FFF772F840F2242640F27000C2F2000658
:1080F000C2F2000040F66C7740F6CC61306040F68A
:10810000BC6540F67460C2F20007C2F200019FED48
:10811000500AC2F20005C2F200003960F0EE000A17
:1081200001212860FDF79CF830682A682146F8F79D
:1081300093FF38683168FEF747FE40F26C0746F659
:108140004D00C2F20007C0F6000042A14FF4487291
:108150000023CDE9008701F01BF8804640F6C06798
:1081600046F6F900C2F20007C0F600003DA14FF448
:1081700016720023CDE900B701F00AF8814640F2FB
:10818000442746F6C100C2F20007C0F6000038A13D
:108190004FF496720023CDE900B700F0F9FF824654
:1081A00040F2342744F6FD70C2F20007C0F600002A
:1081B00033A1C8220023CDE900B700F0E9FF07464C
:1081C00040F2382445F6E530C2F20004C0F6000063
:1081D0002FA14FF4967200230126CDE9006400F030
:1081E000D7FF41F2280448F62530C2F20004C0F659
:1081F00000002BA1642200230226CDE9006400F0D8
:10820000C7FF044640F29C2547F63960C2F20005DC
:10821000C0F6000027A164220023CDE9006500F02C
:10822000B7FFB8F1010F08BFB9F1010F01D000BFCE
:10823000FEE7BAF1010FFBD1012FF9D1012CF7D1E3
:1082400002B0BDEC028B01B0BDE8F08F8FC2753D6E
:108250009A99193F436861737369635F636F6E74C2
:10826000726F6C006D61696E5F637070000000007A
:10827000506C616E6E65725F75706461746500004C
:10828000494D555F526561645F7461736B00000016
:108290004C43445F53686F775F7461736B000000F9
:1082A0007463733233305F726561645F7461736BE2
:1082B00000000000677261795F726561645F7461DC
:1082C000736B000080B5012898BF012000F0C2FD4B
:1082D000002080BD80B500F01FFE002080BD0000A2
:1082E000B0B584B043698E4693B1846984B1058981
:1082F000D0E9001C026928B2843D18BFC51CCDE935
:10830000005360467346029400F0A0FF039010E013
:108310000589D0E90013028A28B2843D18BFC51C24
:1083200003AC18467346CDE9005400F031FF012834
:1083300002D1039804B0B0BD002004B0B0BD00006D
:1083400090ED154A30EEC02A9FED7E1AB5EE404AF8
:10835000F1EE10FAB0EEC23A80ED080AC0ED050A5F
:1083600080ED0B2A07D0B4EE443AF1EE10FA02DDAC
:10837000B0EE410A704790ED164AB5EE404AF1EE74
:1083800010FA04D0B4EE443AF1EE10FAF0DBD0F873
:108390005CC0BCF1040F54D0BCF1030F40F0B980B5
:1083A00090ED013A90ED0A5A90ED0D6A23EE023AF3
:1083B00090ED024A33EE066A32EE453A90ED195AD4
:1083C00090ED001A24EE033AB8EE454A22EE011A67
:1083D000B4EE446A80ED0C1A80ED0D6AF1EE10FAED
:1083E00080ED0E3AC8BF80ED0D4A90ED0D5AB1EE0A
:1083F000444AB4EE445AF1EE10FAB8BF80ED0D4A8B
:1084000090ED0D4A90ED185A31EE041A33EE013A10
:10841000B8EE451AB4EE413AF1EE10FA80ED0F3A9B
:10842000C8BF80ED0F1A90ED0F3AB1EE411AB4EECD
:10843000413AF1EE10FAB8BF80ED0F1AC26B026438
:1084400067E090ED0A3A90ED094A32EE431A33EEB6
:10845000033A32EE433A90ED005A90ED016A33EE62
:10846000043A90ED194A90ED027A25EE011A22EEB7
:10847000065AB8EE444A27EE033AB4EE445A80ED69
:108480000C1A80ED0D5AF1EE10FA80ED0E3AC8BFCD
:1084900080ED0D4A90ED0D6AB1EE445AB4EE456A96
:1084A000F1EE10FAB8BF80ED0D5A90ED0D6A90ED27
:1084B000137A31EE061A33EE011AB4EE441AD0EDF7
:1084C000181AF1EE10FAC8BFB0EE441AB4EE451A0D
:1084D000F1EE10FAB8BFB0EE451A37EE013A80ED72
:1084E000111AB8EE611AB4EE413AF1EE10FA80EDCD
:1084F000123AC8BF80ED121A90ED123AB1EE411A4D
:10850000B4EE413AF1EE10FAB8BF80ED121A826C67
:10851000C264C1690269836A81614821436280ED56
:108520000A2A80ED070AC260BCF1030F08BF3C2194
:10853000014491ED001AC0ED040A80ED141AB0EE6A
:10854000410A70470000000000F15C0C8CE80E004E
:1085500080EC030A7047000080EC030A70470000BB
:108560002DE9F047044600F0B3FB44F68450C2F214
:108570000000016840F6747701310160C2F2000723
:10858000396845F24C0A40F68476C2F2000AC2F21B
:10859000000651B1DAF8000000283DD13868E16AE0
:1085A000C06A884298BF3C6036E03C6000680128A1
:1085B00032D10025701900F045FB14358C2DF9D10E
:1085C00044F69C58C2F20008404600F03BFB44F6DB
:1085D000B059C2F20009484600F034FB45F23800B9
:1085E000C2F2000000F02EFB45F26C00C2F2000067
:1085F00000F028FB45F25800C2F2000000F022FB18
:1086000040F67870C2F20000C0F8008040F680703A
:10861000C2F20000C0F8009044F69050C2F2000090
:10862000016844F6945201310160E06AC2F200022E
:10863000012113688140194300EB8000116006EBB3
:108640008000211D00F02CFB00F066FBDAF8000032
:1086500088B13868E16AC06A884228BFBDE8F087FF
:108660004EF60450CEF200004FF080510160BFF38F
:108670004F8FBFF36F8FBDE8F087000044F6885539
:1086800040F6847A4EF6045845F26C0744F6845658
:10869000C2F20005C2F2000ACEF200084FF0805983
:1086A000C2F20007C2F2000603E000BF204600F05D
:1086B0004BFB2868C8B100F00BFBF868C468201DAC
:1086C00000F0A0FA3068013830602868013828606E
:1086D00000F022FB94F851000228EAD00128E5D0EE
:1086E00070B9206B00F030FBE0E7DAF800000228F8
:1086F000DFD3C8F80090BFF34F8FBFF36F8FD8E779
:108700004FF0500080F31188BFF36F8FBFF34F8F8E
:10871000FEE7000008480068006880F308884FF012
:10872000000080F3148862B661B6BFF34F8FBFF3C9
:108730006F8F00DF00BF000008ED00E081B0002077
:10874000009040F24C00C2F2000000684FF050016F
:1087500081F31188BFF36F8FBFF34F8F013001D0CA
:10876000FEE700BF00980028FCD001B07047000071
:10877000F0B581B0044600F00FFC40F67C71C2F207
:1087800000010868002844F69850C2F2000028D181
:1087900041F26C12C2F20002D31D560702F5705668
:1087A00018BF23F0070245F25003C2F20003002570
:1087B000C3E9002526F00703A3F108060E6043E98C
:1087C0000255B31A0E68C2E9006345F22002C2F2F4
:1087D0000002136044F6C452C2F200021360012288
:1087E00002700278002A18BF4FF00042224238D1AE
:1087F0003CB162071ABF24F0070202F110040834EA
:1088000000E0002444F6C45EC2F2000EDEF8002050
:10881000631E934225D245F25003C2F200031E6844
:108820007568A54207D200BF326822B15568334649
:108830001646A542F8D30A68964212D0D3F800C073
:1088400037682A1B112A1F603FD333195D0719D0DF
:108850004FF0500080F31188BFF36F8FBFF34F8F3D
:10886000FEE7002400F042FE600708D04FF0500001
:1088700080F31188BFF36F8FBFF34F8FFEE7204661
:1088800001B0F0BD45F25005C2F200055A607460B7
:108890002C462D689D42FBD36268A7189F4203D1E6
:1088A0005B681A44234662605A689F18AF4201D041
:1088B000294606E009688D4203D0D5E900152A440F
:1088C0005A609C42196018BF236045F2200172680B
:1088D000DEF80030C2F200010C689A1AA242CEF80B
:1088E000002038BF0A60007845F22C027168C2F29D
:1088F0000002002818BF41F00041136800200CF16D
:108900000804C6E90001581C1060ABE7034648F2B2
:108910003D7021F00101C0F600004FF0807C03E9BA
:1089200003106FF00201A3F1440043E909127047FC
:108930002DE9F0412DED048BB0EE409A9FED420AF7
:10894000044629EE000A10EE100AB0EE608AF7F72E
:1089500036FF0546E06B8846F7F731FF9FED360B93
:1089600053EC102BF7F7D9FD06460F462846414633
:1089700032463B46F7F743FEF7F7E9FE05466087C8
:1089800018EE100AF7F71BFF32463B46F7F737FEA3
:108990009FED2B0B53EC102BF7F7BFFDF7F7F6FE0F
:1089A00094F83810B5F1FF3F04DCB1FA81F14909C0
:1089B0006A4262872268254605F8412F35F8072C60
:1089C000A970110AE97000216971010EA971010CE9
:1089D000E971010A687240F20110FD232972688171
:1089E0006B2155F80D0C6B702A71297329460D22E5
:1089F0004FF47A73FBF74AFF0120F9F7DFFA15F815
:108A0000010C78B14FF60071C6F66631606BC4F8A0
:108A10004110294604224FF47A73FBF737FF0120F7
:108A2000F9F7CCFA84ED099A84ED0A8ABDEC048B3F
:108A3000BDE8F08100BF00BF1F85EB51B81E0940A3
:108A4000000000000000A94000007042000000008B
:108A500070B59FED331A80ED090A20EE010A044635
:108A600010EE100AF7F7ABFE0546E06B0E46F7F77F
:108A7000A6FE9FED290B53EC102BF7F74EFD024697
:108A80000B4628463146F7F7BAFDF7F760FE012896
:108A9000608703DB226894F8381006E094F83810F9
:108AA0002268B1FA81F14909404284F84120020A62
:108AB00084F845004FF48070A4F846006B20F6233C
:108AC00084F84800606B04F1410584F8423084F872
:108AD000431084F84420294608224FF47A73FBF7A8
:108AE000D5FE0120F9F76AFA94F84000002808BF83
:108AF00070BD4FF60071C6F66631606BC4F8411068
:108B0000294604224FF47A73FBF7C0FE0120BDE82A
:108B10007040F9F753BA00BF1F85EB51B81E0940EA
:108B20000000704241F2100541F2140640F2300993
:108B300040F2482A40F2292B4DF6A924C2F2000542
:108B4000C2F20006C2F200094FF0FF380027C2F25D
:108B5000000AC2F2000BC0F6000406E0204601F055
:108B6000BBFC00BF642000F075F928680128F9D12A
:108B7000306802283ED001281AD00028F2D140F2F5
:108B80006800C2F20000077020468AF800708BF877
:108B90000070C9F8008001F09FFC4FF4FA7000F0FB
:108BA00059F9204601F098FC306801303060D9E76F
:108BB000F8F75EFD0028D1D09AF800000028CDD04B
:108BC0009BF800000028C9D040F26800C2F2000003
:108BD00000780028C2D0F8F7EFFC411CC9F800006B
:108BE000BCD0316840F22C02C2F200021060481C76
:108BF0003060B3E7C9F8008037602F60B2E700004B
:108C000070470000D0E9013201699A60D1F804C0D0
:108C100082688445536008BF4A6000220261086888
:108C2000013808600868704744F6CC73C2F200034C
:108C3000036044F6C850C2F2000008608020106053
:108C4000704700004FF0FF31024642F8081F002134
:108C50004260C0E903220160704700000021016109
:108C60007047000080B5D1F800C01CF1010207D0A8
:108C700000F108039E465B681A686245FAD901E074
:108C8000D0F810E0DEF8042008614A609160C1F875
:108C900008E0CEF8041001680131016080BD0000D9
:108CA000D0F800C0436808619A684B608A609A688F
:108CB000996051600CF1010101607047DFF80C0010
:108CC000016841F4700101607047000088ED00E028
:108CD0004FF0500080F31188BFF36F8FBFF34F8FB9
:108CE00040F24C00C2F2000001684A1C026001B16F
:108CF00070474EF60450CEF200000068000608BF30
:108D000070474FF0500080F31188BFF36F8FBFF3AF
:108D10004F8F00BFFEE7000040F24C00C2F200009F
:108D2000016839B10139016018BF7047002080F334
:108D3000118870474FF0500080F31188BFF36F8F98
:108D4000BFF34F8FFEE70000B0B5002808BFB0BDED
:108D500044F69851C2F20001097850F8042C002919
:108D600018BF4FF0004111420DD0A0F10804236854
:108D70009BB14FF0500080F31188BFF36F8FBFF3AA
:108D80004F8F00BFFEE74FF0500080F31188BFF314
:108D90006F8FBFF34F8F00BFFEE722EA010140F85B
:108DA000041C054600F0F8F844F6C451C2F2000174
:108DB00055F8040C0B682A461844086045F2500127
:108DC000C2F2000108460968A142FBD34368C518F6
:108DD000A54204D152F8042C04461A444260636848
:108DE000E2188A4201D00A460AE040F67C72C2F2DA
:108DF00000021268914203D0D1E900211944616058
:108E0000A042226018BF046045F23000C2F20000A8
:108E1000016801310160BDE8B04000F067BB0000AF
:108E20004EF21000CEF2000000210160816040F29D
:108E30001001C2F20001096844F6D352C1F2620285
:108E4000A1FB02124FF0FF3101EB921141600721AB
:108E50000160704770B5002852D044F68C51C2F2C0
:108E600000010A684AB14FF0500080F31188BFF347
:108E70006F8FBFF34F8F00BFFEE70546086840F6CF
:108E800074740130086045F28000C2F20000C2F242
:108E90000004066820680430FFF7B4FE60B920685B
:108EA00044F69452C06AC2F200020121136801FA2A
:108EB00000F023EA000010602068AD19456009D376
:108EC00040F68070C2F20000006821680431FFF7AC
:108ED000C9FE10E040F67870C2F200000068216818
:108EE0000431FFF7BFFE45F22400C2F20000016822
:108EF0008D4238BF056000F0F9FA002818BF70BD38
:108F00004EF60450CEF200004FF080510160BFF3E6
:108F10004F8FBFF36F8F70BDB0B586B0002405A82A
:108F200004A903AACDE90444FFF77EFEDDE903208E
:108F3000059DCDE9004048F27D60C0F6000014A117
:108F40000023029500F082F944F6C870C2F20000D6
:108F50000560DDB14FF0500080F31188BFF36F8FD3
:108F6000BFF34F8F45F22400C2F200004FF0FF31F3
:108F7000016045F24C00C2F200000121016045F29F
:108F80008000C2F20000046000F052F806B0B0BDEC
:108F900049444C450000000044F68C50C2F20000E9
:108FA000016801310160704744F68C50C2F2000044
:108FB000006830B145F28400C2F200000121016076
:108FC000704745F28400C2F200000021016044F6BF
:108FD0009450C2F200000068B0FA80F0C0B2C0F154
:108FE0001F0040F6847100EB8000C2F2000151F8CE
:108FF000202092B101EB8000416800F1080249682D
:109000009142416001D149684160406840F6747105
:10901000C068C2F20001086070474FF0500080F352
:109020001188BFF36F8FBFF34F8F00BFFEE70000C3
:10903000B0B584B04EF20040CEF200004CF2702188
:10904000C4F20F11D0F800294B1C9A4209D14FF0FD
:10905000500080F31188BFF36F8FBFF34F8F00BFB5
:10906000FEE7D0F800298A4209D14FF0500080F382
:109070001188BFF36F8FBFF34F8F00BFFEE70178FA
:1090800044F66C520291FF2101700178C2F2000295
:109090008DF807109DF8071001F05001117044F68B
:1090A0007051C2F2000107220A609DF90720B2F157
:1090B000FF3F0CDC062200BF0A609DF80730013A32
:1090C0005B008DF807309DF90730002BF4D40A6857
:1090D000032A3BD14FF440720A6002990170D0F824
:1090E000201941F47001C0F82019D0F8201941F07E
:1090F0007041C0F82019FFF793FE40F24C04C2F211
:10910000000400252560FFF7D9FD4EF63470CEF23D
:109110000000016841F040410160FFF7FBFAFFF7F2
:1091200043FF039520684FF0500181F31188BFF38E
:109130006F8FBFF34F8F013002D000BFFEE700BF3B
:1091400003980028FCD0002004B0B0BD4FF05000C0
:1091500080F31188BFF36F8FBFF34F8FFEE70000DE
:1091600080B54FF0500080F31188BFF36F8FBFF3CD
:109170004F8F00F0FBF830B14EF60450CEF20000F5
:109180004FF080510160002080F3118880BD000005
:109190002DE9F04781469000984614460F46FFF7A8
:1091A000E7FA70B105465420FFF7E2FA30B10646FF
:1091B00005634EB94FF0FF30BDE8F0872846FFF752
:1091C000C3FD0026002EF5D0306BDDE9085A00EB18
:1091D00084000438002120F0070406F1340086F8EA
:1091E00051105FB17A5C42547A5C1AB10F2901F1D7
:1091F0000101F7D1002086F8430000E0017000274C
:10920000301D062D28BF0625F562C6E91157FFF768
:1092100025FD06F11800FFF721FD85F00700B0617C
:1092200020464946424636617662F76486F85070B9
:10923000FFF76CFB30603046BAF1000F18BFCAF878
:109240000060FFF78DF90120BDE8F0872DE9F047B8
:1092500082B0DDF82CC0BCF1000F21D00C9C44B3CF
:1092600054270197019F542F2DD1DDF828A0019F8D
:10927000022704F13406C4F830C084F8517061B399
:10928000002700BFCD5DF555CD5D1DB10F2F07F156
:109290000107F7D181460020984684F8430020E07A
:1092A0004FF0500080F31188BFF36F8FBFF34F8FE3
:1092B000FEE74FF0500080F31188BFF36F8FBFF3CC
:1092C0004F8F00BFFEE74FF0500080F31188BFF3CF
:1092D0006F8FBFF34F8F00BFFEE781469846002097
:1092E00030700CEB8200043820F007070025201DA9
:1092F000BAF1060F28BF4FF0060AC4F82CA0C4E943
:1093000011A5FFF7ABFC04F11800FFF7A7FC8AF0EA
:109310000700A06138464946424624616462E5641C
:1093200084F85050FFF7F2FA20602046FFF718F952
:10933000204602B0BDE8F08745F24C00C2F20000C2
:109340000068002804BF0120704744F68C50C2F228
:1093500000000068B0FA80F040094000704700004B
:1093600045F28000C2F20000006870472DE9F04F1E
:1093700081B044F68C50C2F20000006840B145F262
:109380003400C2F200000168002401310160A9E04C
:1093900045F28000C2F2000001684E1C06602ED328
:1093A00040F67870C2F200000168096849B14FF0D8
:1093B000500080F31188BFF36F8FBFF34F8F00BF52
:1093C000FEE740F68072C2F2000201681368036093
:1093D000116045F22801C2F200010A6801320A60F8
:1093E0000168096821B10068C068C068406801E090
:1093F0004FF0FF3045F22401C2F20001086045F24F
:109400002401C2F20001086840F6747A8642C2F272
:10941000000A01D200244FE040F6787BC2F2000B34
:10942000DBF8000000240068E0B344F694590127FB
:10943000C2F2000920E000BFD8F82C00D9F80010D3
:1094400007FA00F21143C9F8001040F6847100EBEE
:109450008000C2F2000101EB80002946FFF720FCEA
:10946000D8F82C00DAF80010C96ADBF8002088422E
:10947000106828BF3C46C0B1DBF80000C068D0F8D7
:109480000C80454655F8040F864210D32846FFF756
:10949000B9FBD8F828000028CED008F11800FFF753
:1094A000B1FBC9E74FF0FF3005E04FF0FF3045F268
:1094B0002401C2F200010860DAF8000040F684716D
:1094C000C06AC2F2000100EB800051F820000128C0
:1094D00045F28400C2F2000088BF01240068002821
:1094E00018BF0124204601B0BDE8F08F2DE9F04FF0
:1094F00081B044F68C54C2F20004206868B1FFF7D2
:10950000E7FB206801382060206880B10024FFF765
:1095100003FC204601B0BDE8F08F4FF0500080F30F
:109520001188BFF36F8FBFF34F8F00BFFEE744F684
:109530008450C2F2000000680028E7D045F23806E7
:10954000C2F20006306845F284080028C2F2000822
:1095500044D044F6945540F6847940F6747A4FF03E
:10956000010BC2F20005C2F20009C2F2000A00BFFC
:10957000F068C76807F11800FFF744FB3C1D204660
:10958000FFF740FBF86A29680BFA00F2114300EB81
:109590008000296009EB80002146FFF781FBF86A13
:1095A000DAF80010C96A884228BFC8F800B03068ED
:1095B0000028DDD197B140F67870C2F20000016852
:1095C000096821B10068C068C068406801E04FF0D8
:1095D000FF3045F22401C2F20001086045F2340474
:1095E000C2F2000425685DB1012600BFFFF7BEFE90
:1095F000002818BFC8F80060013DF7D100202060A6
:10960000D8F8000000283FF481AF4EF60450CEF2A7
:1096100000004FF080510160BFF34F8F0124BFF372
:109620006F8F74E703B401984100009850EAC1209D
:1096300018BF04204A0D18BF40F0010040F2FF722D
:10964000B2EB515F08BF40F00200012808BF0520BF
:1096500002B070474100080218BF04200A0E18BF6C
:1096600040F001004FF07F4232EA010108BF40F0B4
:109670000200012808BF052070470000000000001C
:1096800010B52F499FED2C1B2DED020B84B00598D2
:1096900020F000408842D8BF9DED040B2DDD294904
:1096A000884209D1049840B94FF0010000F002FF50
:1096B00000F012FE06B010BD05DB9DED040B00F0BE
:1096C000FFFD06B010BD68469DED040B00F010FADA
:1096D00010F0030004BF9DED021B9DED000B0CD0AC
:1096E00001280ED09DED021B9DED000B022817D026
:1096F000012000F04DFD06B010BD00F015FC06B0D5
:1097000010BD9DED021B9DED000B012000F040FD02
:1097100051EC100B81F0004106B041EC100B10BD74
:1097200000F002FC51EC100B81F0004106B041EC5E
:10973000100B10BD00000000000000000000000041
:10974000FB21E93F0000F07F10EE101A08B5444AF3
:109750006846B2EB410F28D94FF0E640B0EB410F1D
:1097600094BF00204FF0FF3000900098002861DB8C
:1097700060EE000A10F0010F45D010F0020FDFED8F
:10978000391A9FED391A00EEA11ADFED381A40EEB2
:10979000811A21EEA01AF0EE400A40EE010A08BF3D
:1097A000F1EE600AB0EE600A08BD314B21F00042D4
:1097B00093423CD911F0004FDFED2E0A20EE201A23
:1097C000DFED2D0A19BF31EE601A71EE200A31EE7D
:1097D000201A71EE600ABDEEE01A11EE100A9FED3C
:1097E000271A00F0030000EEC10A9FED251A009031
:1097F00000EEC10A9FED231A00EEC10A9FED221A66
:1098000000EEC10AB1E79FED211A9FED210A10F089
:10981000020F00EE810A9FED1F1A00EE801AB7EECC
:10982000000A00EE810A18BFB1EE400A08BD00F040
:1098300087FD9AE710EE100A4000B0F17F4F3CBF61
:10984000B7EE000A08BD07D14FF0010000F032FE6C
:10985000BDE8084000F064BDBDE8084000F05CBD14
:10986000B61F927E336D4CB9DA82083CA0AA2ABE9C
:10987000490E494683F9223F0000004B0000C93FD2
:1098800000A0FD390020A2331A61342CB93AB2BAD3
:10989000CA9F2A3DDDFFFFBE10B52F499FED2C1B4F
:1098A0002DED020B84B0059820F000408842DCBF0B
:1098B00000209DED040B32DD2849884209D104982F
:1098C00040B94FF0010000F0F5FD00F005FD06B0D5
:1098D00010BD05DB9DED040B00F0F2FC06B010BDE1
:1098E00068469DED040B00F003F910F0030011D061
:1098F000012818D09DED021B9DED000B02281AD007
:1099000000F012FB51EC100B81F0004106B041EC6D
:10991000100B10BD9DED021B9DED000B012000F012
:1099200037FC06B010BD9DED021B9DED000B00F055
:10993000FBFA06B010BD012000F02AFC51EC100B20
:1099400081F0004106B041EC100B10BD000000009A
:109950000000000000000000FB21E93F0000F07F54
:1099600000B510EE101A2DED028B81B0524A6846F8
:10997000B2EB410F2ED94FF0E640B0EB410F94BF50
:1099800000204FF0FF3000900098B0EE408A002891
:109990006ADB10F0010F4BD068EE080A9FED471A02
:1099A0009FED470A00EE810A9FED461A10F0020F64
:1099B00000EE801AB7EE000A00EE810A02BF01B085
:1099C000BDEC028B00BD00BF01B0B1EE400ABDECA2
:1099D000028B00BD3C4B21F00042934241D911F073
:1099E000004FDFED3A0A20EE201ADFED390A19BFE9
:1099F00031EE601A71EE200A31EE201A71EE600A23
:109A0000BDEEE01A11EE100A9FED321A00F00300CD
:109A100000EEC10A9FED301A009000EEC10A9FEDE2
:109A20002F1A00EEC10A9FED2E1A00EEC10AABE715
:109A300028EE080A9FED2B1ADFED2B0A10F0020F1B
:109A400040EE010A9FED291A00EE201A61EE000A8D
:109A5000B0EE480A08EE200AB6D101B0BDEC028B88
:109A600000BD00F06DFC8FE718EE100A4000B0F169
:109A70007F4F0DD218EE100AFFF7ECFD042808BF47
:109A800000F056FCB0EE480A01B0BDEC028B00BD00
:109A900009D1012000F00EFD01B0BDEC028B5DF894
:109AA00004EB00F03DBC01B0B0EE480ABDEC028B07
:109AB0005DF804EB00F030BCB61F927EB93AB2BA42
:109AC000CA9F2A3DDDFFFFBE490E494683F9223F6A
:109AD0000000004B0000C93F00A0FD390020A23368
:109AE0001A61342C336D4CB9DA82083CA0AA2ABE24
:109AF0002DE9F14F04462DED020B2DED088B8AB0B8
:109B00009FEDE70B80ED020B139EE74826F0004522
:109B100085420ADC9DED120B002084ED000B0AB09B
:109B2000BDEC088B03B0BDE8F08FE0489FEDE0ABE3
:109B30009FEDE1BBA84247DDE14F9FEDE39B9FED29
:109B4000E48B9DED120B53EC1A2B51EC100B002EF5
:109B50001CDDF6F7DCFC41EC100BBD4208D053ECE9
:109B60001B2B51EC100BF6F7D2FCC4E900010BE003
:109B700053EC192B51EC100BF6F7C9FC53EC182BD6
:109B8000F6F7C5FCC4E900010120C8E7F6F71EFCA2
:109B900041EC100BBD4208D053EC1B2B51EC100BC9
:109BA000F6F714FCC4E900010BE053EC192B51EC5F
:109BB000100BF6F70BFC53EC182BF6F707FCC4E977
:109BC00000014FF0FF30AAE7C348A84279DB9DEDC2
:109BD000120B51EC100B00F073FC41EC180B9FEDD5
:109BE000C00B53EC102BF6F798FC9FEDBF1B53EC0A
:109BF000112BF6F7EBFBF6F7AAFD0746F6F789FD02
:109C000041EC190B53EC1A2BF6F787FC53EC182B8D
:109C1000F6F780FC41EC180B53EC1B2B51EC190BA5
:109C2000F6F77BFCDFF8C8A241EC100B4FEA1558A1
:109C30000125FA4453EC102B51EC180BF6F767FC96
:109C4000032DC4E900013DD0C1F30A5005EB4511D5
:109C5000A8EB00001139814234DA0AEB051BB0EEA3
:109C600048AA9BED000BF0EE68AA53EC102B51ECC8
:109C7000190BF6F752FC41EC1B0B51EC1A0B53EC91
:109C80001B2BF6F744FC41EC180B51EC1A0B53EC70
:109C9000182BF6F73CFC53EC1B2BF6F738FC9BED2E
:109CA000020B41EC1A0B53EC102B51EC190BF6F78D
:109CB00034FC53EC1A2BF6F72AFC41EC100B6D1C0C
:109CC000B8E70EE0002EA8BF3846BFF628AF94EDE7
:109CD000000B51EC100B81F00041C4E90001784207
:109CE0001DE7C6F3130040F4801EC6F30A50A0F22D
:109CF000F530471100F01F05C5F12000DDF848B030
:109D000008900020069007900520EC467949002D28
:109D100007EB0002794408BF51F8221009D051F82E
:109D2000223001EB8201AB404A68089922FA01F126
:109D30001943A1FB0E26A1FB0B131A449A4234BF10
:109D40000123002303EB06080CEB8003D3E901A6F3
:109D50000E448E4234BF0121002192448A4411B145
:109D6000924502D903E0924501D2012100E0002191
:109D7000C3E901A641444CF82010011EA0F10100E6
:109D8000C4DC029800F10050850F0298DDE90367FA
:109D90008000DDF81480F6F7BCFC41EC1A0B30466D
:109DA000F6F7C8FC9FED541B53EC112BF6F7B5FBEF
:109DB00041EC1B0B3846F6F7BDFC9FED511B53ECF5
:109DC000112BF6F7AAFB41EC180B4046F6F7B2FC54
:109DD0009FED4D1B53EC112BF6F79FFB41EC190B3C
:109DE00051EC180B53EC192BF6F7F0FA53EC1B2B34
:109DF000F6F7ECFA53EC1A2BF6F7E8FACDE908017E
:109E0000002008909DED080B53EC1A2B51EC100B21
:109E1000F6F77DFB53EC1B2BF6F779FB53EC182B75
:109E2000F6F775FB53EC192BF6F774FB9FED381B17
:109E300053EC112BF6F771FB9FED370B41EC180B30
:109E400053EC102B9DED080B51EC100BF6F765FB56
:109E500053EC182BF6F7BAFA9FED310B41EC180BC7
:109E600053EC102B9DED080B51EC100BF6F755FB46
:109E700053EC182BF6F7AAFA41EC100B139810F0DC
:109E8000004F06D06D4251EC100B81F0004141ECC7
:109E9000100B284684ED000B41E600000000000096
:109EA0000000000000000000FB21E93F7CD90240D7
:109EB00000004054FB21F93F3163621A61B4D03D88
:109EC000FB21F93F000000000000601A61B4D03DA2
:109ED0007370032E8A19A33BFB2139410000000057
:109EE00083C8C96D305FE43F000000000000E03F20
:109EF000FA08000048080000000000000000103EC2
:109F0000000000000000103C000000000000103ABB
:109F1000182D4454FB21F93D3326A611460B113C64
:109F200000000054FB21F93D10B52DED040B2DED83
:109F3000088B82B0B0EE419AF0EE619A0B9820F057
:109F400000449FED4BABB4F1795F11DA9DED0A0B44
:109F500051EC100BF6F7FBFB002801BFB0EE4A0AEC
:109F6000F0EE6A0A02B0BDEC088B04BF04B010BD6D
:109F70009DED0A0B53EC102B51EC100BF6F7CDFABC
:109F800041EC180B3C480621B0EE480AF0EE680A96
:109F9000784400F081F853EC182B51EC100BF6F7D5
:109FA000BCFA9DED0A0B41EC1B0B53EC192B51EC49
:109FB000100BF6F7B2FA41EC190B53EC1B2B51ECDA
:109FC000180BF6F7AAFA53EC192BF6F7A0FA9FED47
:109FD0002C0B41EC190B53EC102B51EC180BF6F732
:109FE0009CFA41EC100B2848844210DA53EC192BF0
:109FF00051EC100BF6F78BFA53EC1A2BF6F78AFAA2
:10A0000041EC100B02B0BDEC088B04B010BD1F4832
:10A01000A042BCBF9FED1E1B8DED001B06DBA4F50F
:10A0200000100190002000909DED001B51EC100BE2
:10A0300053EC112BF6F76BFA9DED000B41EC180B6E
:10A0400053EC102B51EC1A0BF6F761FA41EC1A0B9A
:10A0500053EC192B51EC180BF6F759FA53EC1A2B59
:10A06000F6F758FA41EC100BCCE7000000000000B6
:10A07000000000000000F03F6C0500000000000040
:10A08000000000000000E03F3333D33F0000E93F11
:10A09000000000000000D23F70B504462DED028B99
:10A0A0004D1E00EBC500B0EE408AF0EE608A90EDE8
:10A0B000000B35F0060017D053EC182B51EC100BA9
:10A0C000F6F72BFA41EC100B6D1E04EBC50090ED7A
:10A0D000001B51EC100B53EC112BF6F777F941EC08
:10A0E000100B35F00600E7D1022D36D0042D1CD020
:10A0F000062D1CBFBDEC028B70BD53EC182B51EC30
:10A10000100BF6F70AFA94ED0A1B53EC112BF6F735
:10A110005DF953EC182BF6F700FA94ED081B53EC9D
:10A12000112BF6F753F941EC100B53EC182B51ECB3
:10A13000100BF6F7F2F994ED061B53EC112BF6F722
:10A1400045F953EC182BF6F7E8F994ED040B53ECB2
:10A15000102BF6F73BF941EC100B53EC182B51EC9C
:10A16000100BF6F7DAF994ED021B53EC112BF6F70E
:10A170002DF953EC182BF6F7D0F994ED001B53ECA6
:10A18000112BF6F723F9BDEC028B41EC100B70BDDF
:10A1900031B504462DED040B2DED0A8BB0EE41BA1E
:10A1A000F0EE61BA0B989DED0A0B20F00040B0F183
:10A1B000795F0DDA51EC100BFFF734FA042808BF71
:10A1C00000F09AF89DED0A0BBDEC0A8B05B030BD8E
:10A1D00053EC102B51EC100BF6F79FF941EC180BD8
:10A1E0009DED0A0B53EC182B51EC100BF6F795F97B
:10A1F00041EC190B2C48B0EE480AF0EE680A052134
:10A200007844FFF749FF9FED2ACBB0EE40AAF0EE6D
:10A2100060AA9CB353EC1C2B51EC190BF6F77DF99B
:10A2200041EC1C0B53EC1A2B51EC190BF6F775F99A
:10A230009FED210B41EC190B53EC102B51EC1B0B38
:10A24000F6F76BF953EC192BF6F761F953EC182B71
:10A25000F6F763F953EC1B2BF6F759F953EC1C2B6B
:10A26000F6F755F99DED0A1B53EC112BF6F752F951
:10A27000BDEC0A8B05B041EC100B30BDFFE753EC91
:10A280001A2B51EC180BF6F748F953EC1C2BF6F788
:10A290009DF853EC192BF6F740F99DED0A1B53EC92
:10A2A000112BF6F793F8E3E71C0400000000000010
:10A2B000495555555555C5BF000000000000E03F09
:10A2C00010B553EC102B51EC100BF6F77FF841EC66
:10A2D000100B10BD000000009FED050B10B553ECF6
:10A2E000102B51EC100BF6F78AF941EC100B10BD56
:10A2F00000000000000000009FED050B10B553ECBE
:10A30000102B51EC100BF6F708F941EC100B10BDB7
:10A31000000000000000001030EE000A704700004E
:10A32000DFED020A80EEA00A704700000000000086
:10A330009FED020A20EE000A7047000000000010A6
:10A340002DE9F0014FF07F42B2EB410F9FBF4FF07C
:10A35000FF310160BDE8F00170474FF0004242EA72
:10A360000123C1F3C752783A551112F01F0C434C28
:10A37000CCF120067C44C1F3C752A2F178024FEA27
:10A38000621204EB820254F8254008BFD2E901565C
:10A3900012D0556804FA0CF425FA06F73C43976886
:10A3A00005FA0CF527FA06F8D26807FA0CFCF24019
:10A3B00045EA08054CEA0206A4FB034CA5FB035240
:10A3C000A6FB03631D449D4234BF012600261319DA
:10A3D000334416B1934202D903E0934201D20122E1
:10A3E00000E00022624402F1200C9206DC0C42EAFA
:10A3F000443200EE102A5B03DFED210AF8EEC01AAA
:10A4000000EE103A4FEA9C1C11F0004FB8EE400AE3
:10A41000C0F800C020EE201A00EE105ADFED190A35
:10A42000B8EE400A20EE200A71EE810A70EE800A32
:10A4300010EE902A02F500626FF30B0200EE902AF4
:10A4400070EEE11A31EEC11ADFED101A30EE411A4A
:10A450009FED0D0A20EE800A01EE210A9FED0C1AF5
:10A4600000EE810A04BFBDE8F0017047CCF18051D5
:10A470000160BDE8F001B1EE400A704784020000BF
:10A48000000000360000802C22AAFD29DB0FC92F16
:10A490000000C92F02E008C8121F08C1002AFAD123
:10A4A00070477047002001E001C1121F002AFBD154
:10A4B0007047000001490860704700000400002058
:10A4C00082B0CDE9000121F0004001909DED000B2C
:10A4D00002B051EC100B704710B5044601E0FDF7D7
:10A4E0006FFC14F8010B04490028F8D1BDE81040B6
:10A4F0000A20FDF765BC00000000002000000000FD
:10A500004C5555555555A53F7751C1166CC156BF91
:10A510009015CB19A001FA3EAD529C804F7E92BEA1
:10A52000C4B1B4BD9EEE213ED43888BEE9FAA8BDC0
:10A5300000004054FB21F93F3163621A61B4D03D01
:10A540000000601A61B4D03D7370032E8A19A33BDA
:10A550000000002E8A19A33BC14920259A837B392C
:10A5600000000000000000006E83F9A22915444E8F
:10A57000D15727FCC0DD34F5999562DB4190433C0F
:10A58000AB6351FE61C5BBDE3A6E24B7E0D24D42EB
:10A59000EA2E49061C92D1091CEB1DFE3EA729B1EB
:10A5A000F53582E88444BB2E26709CE9417E5FB479
:10A5B00039D69139F43953838B5F849C3B28F9BD9C
:10A5C000FF97F81F0F9805DE8B112FEF1F6D0A5AAA
:10A5D000CF7E366DB709CB27663F464F2DEA5F9E8B
:10A5E000C7BA27757BF1E5EBF739073DEA92528A46
:10A5F000B15FFB6B085D8D1F463003560000000005
:10A600006E83F9A22915444ED15727FCC0DD34F5DD
:10A61000999562DB4190433CAB6351FE0000000022
:10A62000A6F810111111813FD561C119A0012ABFEF
:10A630007DFEB157E31DC73EEB9C2B8AE6E55ABE73
:10A640007CD5CF5A3AD9E53DDDDDDDDDDCBBBBDDB8
:10A65000DDDDDDDDDDDDDDDD9888888888888888C2
:10A6600077777777778888888555555666666666E2
:10A6700066666666666888888333333222222222C1
:10A68000222222222228888D0000000000000000E3
:10A690000102030406070809000000000102030488
:10A6A00000000000000000000000000000000404A2
:10A6B000040404000004000014140A000000000058
:10A6C0000000000000000A0A1F0A0A1F0A0A000010
:10A6D00000040E1505060C14150E040000001215DA
:10A6E0000D152E2C2A1200000000040A0A3615153A
:10A6F0002916000002020100000000000000000016
:10A7000010080804040404040808100002040408E3
:10A71000080808080404020000000004150E0E15C5
:10A720000400000000000008083E080800000000C7
:10A730000000000000000000020201000000000014
:10A74000003F0000000000000000000000000000CA
:10A75000000200000020101008080404020201009A
:10A7600000000E1111111111110E0000000004065D
:10A7700004040404040E000000000E111108040279
:10A78000011F000000000E11100C1010110E00002F
:10A790000000080C0C0A091F081C000000001F0123
:10A7A000010F1110110E000000000C12010D131109
:10A7B000110E000000001E1008080404040400002C
:10A7C00000000E11110E1111110E000000000E11EB
:10A7D0001119161009060000000000000400000016
:10A7E0000004000000000000000400000004040059
:10A7F000000010080402020408100000000000001D
:10A800003F003F0000000000000002040810100894
:10A810000402000000000E111108040400040000EE
:10A8200000001C22292D2D1D221C00000000040404
:10A830000C0A0A1E1233000000000F12120E121230
:10A84000120F000000001E1101010101110E000095
:10A8500000000F1212121212120F000000001F123D
:10A860000A0E0A02121F000000001F120A0E0A023E
:10A870000207000000001C1201013911120C000037
:10A8800000003312121E12121233000000001F04C7
:10A8900004040404041F000000003E08080808081F
:10A8A00008080907000037120A060A1212370000CA
:10A8B0000000070202020202223F000000003B1BD0
:10A8C0001B1B15151535000000003B1216161A1A31
:10A8D0001217000000000E1111111111110E0000CD
:10A8E00000000F12120E02020207000000000E11FB
:10A8F00011111117190E180000000F12120E0A1272
:10A900001237000000001E1101060810110F000090
:10A9100000001F1504040404040E0000000033129C
:10A9200012121212120C000000003312120A0A0C4A
:10A93000040400000000151515150E0A0A0A00008F
:10A9400000001B0A0A04040A0A1B000000001B0A7C
:10A950000A0A0404040E000000001F09080404028F
:10A96000121F00001C0404040404040404041C005A
:10A970000002020404040808081010000E08080869
:10A980000808080808080E00040A0000000000007B
:10A990000000000000000000000000000000003F78
:10A9A00002040000000000000000000000000000A1
:10A9B000000C121C123C000000030202020E1212D4
:10A9C000120E000000000000001C1202120C000019
:10A9D00000181010101C1212123C000000000000A1
:10A9E000000C121E021C000000182404041E0404A3
:10A9F000041E000000000000003C120C021C221C7F
:10AA000000030202020E12121237000000040400BA
:10AA100000060404040E000000080800000C0808EA
:10AA20000808080700030202021A0A060A130000B7
:10AA30000007040404040404041F000000000000D4
:10AA4000000F15151515000000000000000F121270
:10AA50001237000000000000000C1212120C00005F
:10AA600000000000000F1212120E0207000000008A
:10AA7000001C1212121C103800000000001B0602FD
:10AA80000207000000000000001E020C101E000063
:10AA900000000004041E0404041C00000000000068
:10AAA000001B1212123C000000000000001B0A0AEA
:10AAB00004040000000000000015150E0A0A000042
:10AAC00000000000001B0A040A1B00000000000038
:10AAD000003312120C08040300000000001E0804DA
:10AAE000041E000018080808080C080808081800C8
:10AAF00008080808080808080808080806040404E4
:10AB00000408040404040600160900000000000004
:10AB10000000000000000000000000000000000035
:10AB200000000000000000080808080808080000ED
:10AB30001818000000486C241200000000000000FB
:10AB4000000000000000002424247F1212127F1253
:10AB5000121200000000081C2A2A0A0C1828282AB1
:10AB60002A1C080800000022251515152A585454DF
:10AB7000542200000000000C1212120A762529113E
:10AB8000916E0000000606040300000000000000B3
:10AB900000000000004020101008080808080810F5
:10ABA00010204000000204080810101010101008B7
:10ABB000080402000000000008086B1C1C6B080859
:10ABC0000000000000000000080808087F080808CE
:10ABD000080000000000000000000000000000006D
:10ABE000060604030000000000000000FE00000054
:10ABF0000000000000000000000000000000000055
:10AC000006060000000080404020201010080804C4
:10AC10000402020000000018244242424242424222
:10AC200024180000000000080E080808080808089A
:10AC3000083E00000000003C424242202010080470
:10AC4000427E00000000003C42422018204040426A
:10AC5000221C0000000000203028242422227E2014
:10AC6000207800000000007E0202021A26404042C6
:10AC7000221C0000000000382402021A2642424230
:10AC8000241800000000007E222210100808080886
:10AC9000080800000000003C4242422418244242BE
:10ACA000423C0000000000182442424264584040E8
:10ACB000241C000000000000000018180000000024
:10ACC000181800000000000000000008000000004C
:10ACD00000080804000000402010080402040810C6
:10ACE000204000000000000000007F0000007F0006
:10ACF000000000000000000204081020402010089E
:10AD0000040200000000003C4242464020101000B7
:10AD1000181800000000001C225A555555552D42A8
:10AD2000221C00000000000808181414243C2242D1
:10AD300042E700000000001F2222221E224242425F
:10AD4000221F00000000007C42420101010101427B
:10AD5000221C00000000001F2242424242424242A6
:10AD6000221F00000000003F4212121E1212024277
:10AD7000423F00000000003F4212121E1212020267
:10AD8000020700000000003C222201010171212283
:10AD9000221C0000000000E7424242427E42424242
:10ADA00042E700000000003E0808080808080808FC
:10ADB000083E00000000007C101010101010101051
:10ADC0001010110F0000007722120A0E0A12122230
:10ADD00022770000000000070202020202020202C3
:10ADE000427F000000000077363636362A2A2A2AAB
:10ADF0002A6B0000000000E346464A4A5252526263
:10AE0000624700000000001C224141414141414194
:10AE1000221C00000000003F424242423E02020269
:10AE2000020700000000001C2241414141414D53F6
:10AE3000321C60000000003F4242423E12122222B9
:10AE400042C700000000007C424202041820404239
:10AE5000423E00000000007F490808080808080872
:10AE6000081C0000000000E74242424242424242C7
:10AE7000423C0000000000E742422224241414183F
:10AE8000080800000000006B494949495555362221
:10AE900022220000000000E742242418181824246D
:10AEA00042E7000000000077222214140808080876
:10AEB000081C00000000007E21201010080404423D
:10AEC000423F000000780808080808080808080839
:10AED0000808780000000202040408080810102086
:10AEE00020204040001E10101010101010101010E4
:10AEF00010101E0000384400000000000000000098
:10AF00000000000000000000000000000000000041
:10AF1000000000FF00060800000000000000000024
:10AF200000000000000000000000003C42784442A5
:10AF300042FC0000000000030202021A26424242C4
:10AF4000261A00000000000000000038440202023F
:10AF500044380000000000604040407844424242D3
:10AF600064D80000000000000000003C427E0202A5
:10AF7000423C0000000000F08808087E080808082D
:10AF8000083E0000000000000000007C22221C029D
:10AF90003C42423C000000030202023A4642424266
:10AFA00042E700000000000C0C00000E0808080832
:10AFB000083E000000000030300000382020202033
:10AFC0002020221E0000000302020272120A161242
:10AFD000227700000000000E08080808080808088A
:10AFE000083E0000000000000000007F9292929254
:10AFF00092B70000000000000000003B46424242C1
:10B0000042E70000000000000000003C42424242D3
:10B01000423C0000000000000000001B26424242AB
:10B02000221E020700000000000000784442424255
:10B03000447840E000000000000000774C04040465
:10B04000041F0000000000000000007C42023C40A1
:10B05000423E0000000000000008083E0808080802
:10B06000083000000000000000000063424242423D
:10B0700062DC000000000000000000E7422424140D
:10B080000808000000000000000000EB4949555589
:10B09000222200000000000000000076241818188A
:10B0A000246E000000000000000000E74224241489
:10B0B00018080807000000000000007E22100808A1
:10B0C000447E000000C020202020201020202020CE
:10B0D0002020C000101010101010101010101010B0
:10B0E00010101010000608080808081008080808C2
:10B0F000080806000C32C20000000000000000003A
:10B10000000000000000000000000000000000003F
:10B11000000000000000000000000000000000002F
:10B12000000000000000000000000000000000001F
:10B13000000000000000000000000000600060004F
:10B14000600060006000600060004000200020009F
:10B1500020000000000000006000600060000000AF
:10B160000000000000000000600660063003980147
:10B170008800440000000000000000000000000003
:10B1800000000000000000000000000000000000BF
:10B19000000000000000000000000000100210028B
:10B1A00010021002FE07FE0708020801080108014C
:10B1B0000801FE07FE070401040104010401000068
:10B1C0000000000000000000000040004000F0010E
:10B1D00058034C03CC034C0058007000E000C00141
:10B1E000C00140034C035C034C034801F0004000E5
:10B1F0004000000000000000000000000E010A01F5
:10B20000910091009100510051003A00AE03A0025C
:10B210005004500448044804480484028403000095
:10B2200000000000000000000000000038006C007A
:10B230006C006C006C006C002C0098071C011A015B
:10B24000330133016301E300C308C6093C07000072
:10B2500000000000000000000C001C0010001000A6
:10B2600008000400000000000000000000000000D2
:10B2700000000000000000000000000000000000CE
:10B280000000000000000000000400020001800037
:10B29000800040004000200020002000200020000E
:10B2A00020002000400040008000800000010002DB
:10B2B000000400000000000002000400080010006C
:10B2C00010002000200040004000400040004000EE
:10B2D0004000400020002000100010000800040082
:10B2E000020000000000000000000000000000005C
:10B2F0004000C0004000460C4E0FD001F0015E0F30
:10B30000460C40004000400000000000000000002B
:10B31000000000000000000000000000000000002D
:10B32000000040004000400040004000FE0F400090
:10B33000400040004000400000000000000000000D
:10B3400000000000000000000000000000000000FD
:10B3500000000000000000000000000000000000ED
:10B3600000000000000000000C001C001000100095
:10B3700008000400000000000000000000000000C1
:10B38000000000000000000000000000FE070000B8
:10B3900000000000000000000000000000000000AD
:10B3A000000000000000000000000000000000009D
:10B3B000000000000000000000000000000000008D
:10B3C00000000000000000001C001C001C00000029
:10B3D000000000000000000000040006000200035E
:10B3E000000100018000800040004000600020005B
:10B3F000200010001000080008000C0004000600E7
:10B400000200000000000000000000000000F0004A
:10B4100098010C030C030606060606060606060639
:10B420000606060606060C030C039801F000000051
:10B4300000000000000000000000000000004000CC
:10B440007C006000600060006000600060006000E0
:10B45000600060006000600060006000FC030000AD
:10B460000000000000000000000000000000F800E4
:10B470008401020306030603000300018001C000EB
:10B48000600020001000080204020602FE03000013
:10B490000000000000000000000000000000780034
:10B4A000C6008601860180018001C0007000800115
:10B4B000000100030003060306038601F8000000F4
:10B4C00000000000000000000000000000008001FB
:10B4D0008001C001A001A0019001880188018401C0
:10B4E0008201FE0F8001800180018001E0070000E1
:10B4F0000000000000000000000000000000FC034D
:10B5000004000400040004000400F4008C0104039F
:10B51000000300030603060382018401F800000013
:10B520000000000000000000000000000000E0013A
:10B5300018030C030C0004000600E60116030E06B7
:10B5400006060606060604060C021803F0000000B4
:10B550000000000000000000000000000000F807EC
:10B560000C0604020401000100018000800040007C
:10B57000400040006000600060006000600000006B
:10B580000000000000000000000000000000F801C2
:10B590000C030606060606060C021C03F000C80192
:10B5A0000C0306060606060606060C03F00100005C
:10B5B0000000000000000000000000000000F0009B
:10B5C0000C010C03060206060606060606078C0694
:10B5D00078060006000300030C018C0178000000CF
:10B5E000000000000000000000000000000000005B
:10B5F0000000000000000000E000E000E0000000AB
:10B600000000000000000000E000E000E00000009A
:10B61000000000000000000000000000000000002A
:10B62000000000000000000060006000000000005A
:10B63000000000000000000000006000600040000A
:10B6400020002000000000000000000000040002B4
:10B6500000018000400020001000080004000800E5
:10B6600010002000400080000001000200040000E3
:10B6700000000000000000000000000000000000CA
:10B680000000000000000000FE07000000000000B5
:10B69000FE070000000000000000000000000000A5
:10B6A000000000000000000000000000040008008E
:10B6B0001000200040008000000100020004000291
:10B6C000000180004000200010000800040000007D
:10B6D0000000000000000000000000000000E00387
:10B6E0001806040C040C0C0C0C0C00078001400024
:10B6F0004000400000000000E000E000E00000002A
:10B70000000000000000000000000000E00018033E
:10B710000C02CC0564056605A605B604B604B6049D
:10B72000B604B602E4010C040C021803F000000099
:10B7300000000000000000000000000000006000A9
:10B7400060005000D000900090008800880108013F
:10B75000F801040304030402020202060F0F0000B2
:10B760000000000000000000000000000000FE00DB
:10B770008C030C030C030C030C038C01FC000C0366
:10B780000C020C060C060C060C060C03FE01000055
:10B790000000000000000000000000000000E003C6
:10B7A00018030C060C04040406000600060006003C
:10B7B0000600060006040C040C021803F00000004A
:10B7C00000000000000000000000000000007F00FA
:10B7D0008C010C030C030C060C060C060C060C0664
:10B7E0000C060C060C060C030C038C017F000000F9
:10B7F0000000000000000000000000000000FF0347
:10B80000060306040604060086008600FE00860085
:10B81000860086000600060406040602FF030000F8
:10B820000000000000000000000000000000FF0316
:10B83000060306040604060086008600FE00860055
:10B840008600860006000600060006001F000000B5
:10B850000000000000000000000000000000F000F8
:10B8600018010C020C020402060006000600060085
:10B87000C60F060306030C030C031803F0000000B8
:10B8800000000000000000000000000000000F0F9A
:10B89000060606060606060606060606FE0706064F
:10B8A0000606060606060606060606060F0F000032
:10B8B0000000000000000000000000000000FC0389
:10B8C0006000600060006000600060006000600078
:10B8D000600060006000600060006000FC03000029
:10B8E0000000000000000000000000000000F80759
:10B8F000C000C000C000C000C000C000C000C00048
:10B90000C000C000C000C000C000C000C000C60031
:10B9100066003C0000000000000000000000CF03B3
:10B920008601C60046002600160036002E006E0076
:10B930004600C60086008601060106038F07000048
:10B9400000000000000000000000000000001F00D8
:10B9500006000600060006000600060006000600B7
:10B96000060006000600060406040602FF030000A7
:10B9700000000000000000000000000000000707B9
:10B98000860386038E038E034E034E034A035A0337
:10B990005A033A03320332033203120387070000CB
:10B9A00000000000000000000000000000008E0FFA
:10B9B0000C021C021C0234023402640264024402BF
:10B9C000C402840284038403040304031F020000EE
:10B9D0000000000000000000000000000000F00077
:10B9E00098010C030C020606060606060606060665
:10B9F0000606060606060C020C039801F00000007D
:10BA00000000000000000000000000000000FF0037
:10BA10000603060606060606060606068603FE005A
:10BA20000600060006000600060006001F000000D3
:10BA30000000000000000000000000000000F00016
:10BA400098010C030C020606060606060606060604
:10BA50000606060676064C02CC039801F000800725
:10BA60000003000000000000000000000000FF01D3
:10BA7000060306060606060606060603FE00460040
:10BA8000C600860086010603060306060F0E0000A8
:10BA90000000000000000000000000000000F802AC
:10BAA0000C030602060206000E003C00F800E0034C
:10BAB000800300070206020606060C03F0010000E0
:10BAC0000000000000000000000000000000FE0771
:10BAD000620461086108600060006000600060004E
:10BAE000600060006000600060006000F80100001D
:10BAF00000000000000000000000000000001E0721
:10BB00000C020C020C020C020C020C020C020C02C5
:10BB10000C020C020C020C020C021801F0000000D6
:10BB200000000000000000000000000000000F07FF
:10BB30000602040104010C010C0188008800980031
:10BB400098005000500070003000200020000000DD
:10BB50000000000000000000000000000000F70EE0
:10BB6000620442044604460464026402E402E402FD
:10BB70009C029C01980198018801880088000000BF
:10BB800000000000000000000000000000009E0710
:10BB90000C01080118019000B00060002000600056
:10BBA0006000D00090008801080104038E070000A7
:10BBB00000000000000000000000000000000F0F67
:10BBC000060404020C0208011801B800B00070005D
:10BBD000600060006000600060006000F80100002C
:10BBE0000000000000000000000000000000FC0752
:10BBF0000C0206030201800180004000400020008A
:10BC000020001000180008040C040402FE030000C9
:10BC10000000000000000000E003200020002000E1
:10BC20002000200020002000200020002000200014
:10BC30002000200020002000200020002000200004
:10BC4000E003000000000000000000000400040009
:10BC50000800080010001000100020002000400024
:10BC60004000C000800080000001000100020002CE
:10BC700000020004000000007C0040004000400082
:10BC800040004000400040004000400040004000B4
:10BC900040004000400040004000400040004000A4
:10BCA0007C0000000000600090000801000000001F
:10BCB0000000000000000000000000000000000084
:10BCC0000000000000000000000000000000000074
:10BCD0000000000000000000000000000000000064
:10BCE0000000000000000000000000000000000054
:10BCF0000000000000000000000000000000000044
:10BD00000000FF0F000000001800600000000000AD
:10BD10000000000000000000000000000000000023
:10BD20000000000000000000000000000000000013
:10BD30000000000000000000000000000000000003
:10BD40000000000000000000F0010C030C030003E1
:10BD5000E0031C030E03060306038E0B7C0E00009B
:10BD600000000000000000000000000008000E00BD
:10BD70000C000C000C000C00CC013C031C060C0653
:10BD80000C060C060C060C060C021C03E401000059
:10BD900000000000000000000000000000000000A3
:10BDA0000000000000000000F0008C018C01860102
:10BDB00006000600060006020C020C01F00000005E
:10BDC0000000000000000000000000000002C003AE
:10BDD000000300030003000378038C030C03060335
:10BDE000060306030603060304038C07780100001C
:10BDF0000000000000000000000000000000000043
:10BE00000000000000000000E001180308020C061A
:10BE10000C06FC070C000C0018041802E0010000DE
:10BE20000000000000000000000000000000C0034F
:10BE30006006300630003000FE0130003000300077
:10BE4000300030003000300030003000FC010000D5
:10BE500000000000000000000000000000000000E2
:10BE60000000000000000000F007D8068C018C01E3
:10BE70008C019801F8000C00FC00CC0306030603BB
:10BE80008E03F800000000000000000008000E0013
:10BE90000C000C000C000C00EC011C030C030C0348
:10BEA0000C030C030C030C030C030C039E07000093
:10BEB0000000000000000000000000000000600022
:10BEC00060000000000040007C0060006000600036
:10BED000600060006000600060006000FC03000023
:10BEE0000000000000000000000000000000C00191
:10BEF000C001000000000001F0018001800180010C
:10BF00008001800180018001800180018001800129
:10BF1000CC007C00000000000000000008000E00C3
:10BF20000C000C000C000C008C038C008C004C00EE
:10BF30006C005C008C008C010C010C039E0700005F
:10BF400000000000000000000000000040007C0035
:10BF500060006000600060006000600060006000E1
:10BF6000600060006000600060006000FC03000092
:10BF700000000000000000000000000000000000C1
:10BF800000000000000000003707EE0666066606A7
:10BF9000660666066606660666066606FF0F00000B
:10BFA0000000000000000000000000000000000091
:10BFB0000000000000000000EE011C030C030C0355
:10BFC0000C030C030C030C030C030C039E07000072
:10BFD0000000000000000000000000000000000061
:10BFE0000000000000000000F00098010C030606AD
:10BFF00006060606060606060C030C03F000000003
:10C000000000000000000000000000000000000030
:10C010000000000000000000EE011C030C060C06EE
:10C020000C060C060C060C060C031C03EC010C00A1
:10C030000C003E00000000000000000000000000B6
:10C04000000000000000000078028C030C030603CF
:10C05000060306030603060304038C0378030003A8
:10C060000003C00700000000000000000000000006
:10C0700000000000000000009F035806380618006A
:10C08000180018001800180018001800FF00000021
:10C0900000000000000000000000000000000000A0
:10C0A0000000000000000000F0031C030C020C0262
:10C0B0003800F000C003040304038C03FC010000FB
:10C0C0000000000000000000000000000000000070
:10C0D0002000200030003000FE0130003000300031
:10C0E000300030003000300030023002E00100004B
:10C0F0000000000000000000000000000000000040
:10C1000000000000000008028E030C030C030C0367
:10C110000C030C030C030C030C039C0778010000B8
:10C12000000000000000000000000000000000000F
:10C1300000000000000000001E070C0208010801BA
:10C1400018019000B000B000600060002000000006
:10C1500000000000000000000000000000000000DF
:10C160000000000000000000F70E620446046402B4
:10C170006402EC029C0198019801980108000000FB
:10C1800000000000000000000000000000000000AF
:10C190000000000000000000BC0718011001B00002
:10C1A00060006000E0009000080108039E070000A6
:10C1B000000000000000000000000000000000007F
:10C1C00000000000000000009E07080108010801AF
:10C1D00090009000B000600060006000200020002F
:10C1E00024001C000000000000000000000000000F
:10C1F0000000000000000000FC018401C4004400B5
:10C20000600020003000180208020C03FC0100004E
:10C21000000000000000000000038000800080009B
:10C2200080008000800080008000400020004000EE
:10C2300080008000800080008000800080008000FE
:10C24000000300004000400040004000400040006B
:10C2500040004000400040004000400040004000DE
:10C2600040004000400040004000400040004000CE
:10C2700040004000000000000C0010001000100002
:10C2800010001000100010001000200040002000DE
:10C29000100010001000100010001000100010001E
:10C2A0000C00000000001C002204C20480030000F7
:10C2B000000000000000000000000000000000007E
:10C2C000000000000000000000000000000000006E
:10C2D000000000000000000000000000000000005E
:10C2E000000000000000000000000000000000004E
:10C2F000000000000000000000000000000000003E
:10C30000000000000000000000000000000000002D
:10C310000000000000000000000000000000C0015C
:10C32000C001C001C001C001C001C0018000800087
:10C33000800080008000800080000000000000007D
:10C3400000008001C003C003800100000000000065
:10C3500000000000000000000000E01CE01CF01ED7
:10C36000700E380718030801840000000000000068
:10C3700000000000000000000000000000000000BD
:10C3800000000000000000000000000000000000AD
:10C39000000000000000000000000000000000009D
:10C3A00020102010201020102010FE7FFE7F10088B
:10C3B000100810081008100810081008FE7FFE7FF3
:10C3C0000804080408040804080400000000000031
:10C3D000000000000000000000000000000100015B
:10C3E000C007601910311831183918393801700137
:10C3F000E001C0038007000F001D003900311C312F
:10C400001C310C310C11180DE00700010001000176
:10C41000000000000000000000000000000000001C
:10C420001C1036186308630C630463046302630220
:10C430006301361D9C378022806340634063206324
:10C440002063306310221836081C00000000000032
:10C4500000000000000000000000000000000000DC
:10C46000F00098018C018C018C018C018C00CC00B7
:10C470007800183E1C083608320863046304C304BD
:10C48000C303834306438E26781C0000000000008F
:10C49000000000000000000000001C003C003C0008
:10C4A0003000300010000C0006000000000000000A
:10C4B000000000000000000000000000000000007C
:10C4C000000000000000000000000000000000006C
:10C4D00000000000000000000000004000200010EC
:10C4E0000008000C000400060003000300038001A4
:10C4F00080018001800180018001800180010003B2
:10C500000003000300060006000C000800100020D5
:10C5100000400000000000000000020004000800CD
:10C520001000300020006000C000C000C00080018A
:10C530008001800180018001800180018001C000B4
:10C54000C000C0006000600030001000080004005F
:10C5500002000000000000000000000000000000D9
:10C560000000000000018003800300011C713C7981
:10C57000783DC0070001C007783D3C791C7100017F
:10C580008003800380010000000000000000000024
:10C59000000000000000000000000000000000009B
:10C5A0000000000000000001000100010001000186
:10C5B00000010001FC7F00010001000100010001F9
:10C5C0000001000100000000000000000000000069
:10C5D000000000000000000000000000000000005B
:10C5E000000000000000000000000000000000004B
:10C5F000000000000000000000000000000000003B
:10C60000000000001C003C003C0030003000100026
:10C610000C00060000000000000000000000000008
:10C62000000000000000000000000000000000000A
:10C6300000000000FE7F000000000000000000007D
:10C6400000000000000000000000000000000000EA
:10C6500000000000000000000000000000000000DA
:10C6600000000000000000000000000000000000CA
:10C6700000000000000000000000000000000000BA
:10C68000000018003C003C00180000000000000002
:10C6900000000000000000000000004000600020DA
:10C6A0000030001000180008000C00040006000212
:10C6B0000003000180018000C000400060002000F5
:10C6C00030001000180008000C00040006000200F2
:10C6D000000000000000000000000000000000005A
:10C6E000C007600C30181830183018200C600C602F
:10C6F0000C600C600C600C600C600C600C6018200E
:10C70000183018303018600CC0070000000000001E
:10C710000000000000000000000000000000000019
:10C7200000018001F8018001800180018001800109
:10C7300080018001800180018001800180018001F1
:10C74000800180018001C003F81F0000000000008C
:10C7500000000000000000000000000000000000D9
:10C76000E007101C0818043004300C300C30003086
:10C770000018000800040002000180004000202092
:10C78000102008200430FC1FFC1F000000000000E7
:10C790000000000000000000000000000000000099
:10C7A000E003180E0C0C0C180C180C180018000CD8
:10C7B0000006C003000E00180010003000300C30DE
:10C7C0000C300C100C18180CE003000000000000E6
:10C7D0000000000000000000000000000000000059
:10C7E000000C000E000E000F800E800E400E600E3A
:10C7F000200E100E100E080E040E040EFE7F000E0A
:10C80000000E000E000E000E000EC07F00000000A3
:10C810000000000000000000000000000000000018
:10C82000F03FF03F10001000100008000800C8079B
:10C83000280C1818081000300030003000300C3080
:10C840000C3004180418080CF0030000000000006D
:10C8500000000000000000000000000000000000D8
:10C86000800FC010203010301800180008000C0095
:10C870008C0F6C183C301C600C600C600C600C6001
:10C880001860182030306018C00700000000000059
:10C890000000000000000000000000000000000098
:10C8A000F83FF83F1C100C080408040400040002C0
:10C8B0000002000100010001800080008000C00033
:10C8C000C000C000C000C000C000000000000000A8
:10C8D0000000000000000000000000000000000058
:10C8E000E007300C18180C300C300C301C303818A5
:10C8F0007008E007B007180E0C1C0638063006302A
:10C90000063006300C18180CE00300000000000090
:10C910000000000000000000000000000000000017
:10C92000E00318040C080C18061006300630063018
:10C93000063006380C3C1836F0310030001800186C
:10C9400000180C0C0C060C03F001000000000000A5
:10C9500000000000000000000000000000000000D7
:10C960000000000000000000000000000000800146
:10C97000C003C003800100000000000000000000B0
:10C9800000008001C003C00380010000000000001F
:10C990000000000000000000000000000000000097
:10C9A0000000000000000000000000000000C000C7
:10C9B000C0000000000000000000000000000000B7
:10C9C000000000000000C000C000800080004000A7
:10C9D00040000000000000000000000000000020F7
:10C9E000001000080004000600038001C000600081
:10C9F000300018000C00180030006000C0008001FA
:10CA000000030006000400080010002000000000E1
:10CA10000000000000000000000000000000000016
:10CA20000000000000000000000000000000FE7F89
:10CA300000000000000000000000FE7F0000000079
:10CA400000000000000000000000000000000000E6
:10CA500000000000000000000000000000000400D2
:10CA60000800100020006000C000800100030006E4
:10CA7000000C001800300018000C000600038001B4
:10CA8000C00060002000100008000400000000004A
:10CA90000000000000000000000000000000C007CF
:10CAA0003018083008600C601C601C601C6000308E
:10CAB000001C000600018000800080008000000053
:10CAC00000008001C003C0038001000000000000DE
:10CAD0000000000000000000000000000000000056
:10CAE000C0076018103018200C2F8C4D864CC64C97
:10CAF000C64C664C66446644662666266615CC1CA3
:10CB00000C40082018303018C0070000000000005A
:10CB10000000000000000000000000000000000114
:10CB2000C001C001C00140016003200320032003B5
:10CB30003006100610061006F80F080C080C080C3A
:10CB40000C0C0418041806181F7C000000000000DC
:10CB500000000000000000000000000000000000D5
:10CB6000FE07181C183818301830183018301818EC
:10CB7000180CF8071818183018201860186018607A
:10CB80001860186018301818FE0F00000000000030
:10CB90000000000000000000000000000000000095
:10CBA000C0276038103018200C400C4004000600EC
:10CBB00006000600060006000600060006000C40FF
:10CBC0000C400C2018303018C00700000000000096
:10CBD0000000000000000000000000000000000055
:10CBE000FE03180E18181830183018301860186026
:10CBF00018601860186018601860186018601830A5
:10CC0000183018101818180EFE030000000000005D
:10CC10000000000000000000000000000000000014
:10CC2000FE3F18301820186018401800180818081F
:10CC3000180CF80F180C180818081800180018001D
:10CC40001840184018201830FE3F00000000000077
:10CC500000000000000000000000000000000000D4
:10CC6000FE7F1870184018C018801800181018108F
:10CC70001818F81F181818101810180018001800A5
:10CC800018001800180018007E00000000000000C6
:10CC90000000000000000000000000000000000094
:10CCA000C013701C101018100C200C20040006007B
:10CCB000060006000600060006FC063006300C30B2
:10CCC0000C30183018303008C00700000000000099
:10CCD0000000000000000000000000000000000054
:10CCE0003F7E0C180C180C180C180C180C180C188B
:10CCF0000C180C18FC1F0C180C180C180C180C181D
:10CD00000C180C180C180C183F7E000000000000D6
:10CD10000000000000000000000000000000000013
:10CD2000F81F800180018001800180018001800165
:10CD300080018001800180018001800180018001EB
:10CD40008001800180018001F81F000000000000C8
:10CD500000000000000000000000000000000000D3
:10CD6000E07F00060006000600060006000600063A
:10CD70000006000600060006000600060006000683
:10CD80000006000600060006000600060E060E035A
:10CD90008E01FC0000000000000000000000000008
:10CDA0007E7C181818081804180618021801980133
:10CDB0009801D801B803380318071806180E180C84
:10CDC000181C1818183018307EFC000000000000F5
:10CDD0000000000000000000000000000000000053
:10CDE0007E0018001800180018001800180018001D
:10CDF0001800180018001800180018001800180073
:10CE00001840184018201830FE3F000000000000B5
:10CE10000000000000000000000000000000000012
:10CE20001FF81C381C381C381C3C3434343434345F
:10CE3000343674326432643264326431C431C431A1
:10CE4000C431C430C43084309FFC000000000000B6
:10CE500000000000000000000000000000000000D2
:10CE60001F7C1C103C103410341074106410E4103B
:10CE7000C410C41184118413041304170416041E6F
:10CE8000041C041C041C04181F18000000000000EF
:10CE90000000000000000000000000000000000092
:10CEA000C003300C181808100C300C3006600660F7
:10CEB00006600660066006600660066006600C207C
:10CEC0000C3008101818300CC003000000000000DF
:10CED0000000000000000000000000000000000052
:10CEE000FE0F181818301860186018601860186065
:10CEF00018301818F80F180018001800180018003B
:10CF000018001800180018007E0000000000000043
:10CF10000000000000000000000000000000000011
:10CF2000C003300C18180C100C300C200660066082
:10CF30000660066006600660066006600660E461E2
:10CF40002C331C321816300EC007004C007C003801
:10CF500000000000000000000000000000000000D1
:10CF6000FE07181C183818301830183018301818E8
:10CF7000180CF80798031803180718061806180E57
:10CF8000180C180C181C18187E78000000000000FF
:10CF90000000000000000000000000000000000091
:10CFA000E027303818300C200C200C000C00180042
:10CFB0007800E003800F001E0038007000600460FD
:10CFC0000460086018303818C80F00000000000026
:10CFD0000000000000000000000000000000000051
:10CFE000FC3F8C218461824182418001800180016B
:10CFF0008001800180018001800180018001800129
:10D000008001800180018001E00700000000000035
:10D010000000000000000000000000000000000010
:10D020003F7C0C100C100C100C100C100C100C1081
:10D030000C100C100C100C100C100C100C100C1010
:10D040000C100C1008083804E00300000000000079
:10D0500000000000000000000000000000000000D0
:10D060003EF81820182018203010301030103010E2
:10D07000600860086008E00CC004C004C0048003BD
:10D080008003800380030001000100000000000015
:10D090000000000000000000000000000000000090
:10D0A000DFF38661862186218C210C218C238C1351
:10D0B0008C138C134C1358125816580E380E380E09
:10D0C000380E300C100410041004000000000000A2
:10D0D0000000000000000000000000000000000050
:10D0E0007E3E180838083004300470026002E00107
:10D0F000C001C001800180034003400720062006D4
:10D10000100C100C081808183E7C000000000000ED
:10D11000000000000000000000000000000000000F
:10D120007E7C1C10181018083008300C7004600445
:10D130006002C002C002C001800180018001800144
:10D140008001800180018001E007000000000000F4
:10D1500000000000000000000000000000000000CF
:10D16000F83F18180818040C040E00060007000306
:10D1700080038001C001C000E0006000700030004A
:10D18000382018201C100C18FE1F000000000000A2
:10D1900000000000000000000000C03F4000400010
:10D1A000400040004000400040004000400040007F
:10D1B000400040004000400040004000400040006F
:10D1C0004000400040004000400040004000C03FA0
:10D1D0000000000000000000000000000000080047
:10D1E00018001800100030002000600060004000AF
:10D1F000C0008000800180010001000300020006E1
:10D2000000060004000C0008001800180010003090
:10D2100000200000000000000000FC0300020002EB
:10D2200000020002000200020002000200020002EE
:10D2300000020002000200020002000200020002DE
:10D240000002000200020002000200020002FC03D1
:10D25000000000000000000000008007C006200859
:10D26000101000000000000000000000000000009E
:10D2700000000000000000000000000000000000AE
:10D28000000000000000000000000000000000009E
:10D29000000000000000000000000000000000008E
:10D2A000000000000000000000000000000000007E
:10D2B000000000000000000000000000000000006E
:10D2C000000000000000000000000000000000005E
:10D2D0000000FFFF0000000000007800C000000117
:10D2E000000000000000000000000000000000003E
:10D2F000000000000000000000000000000000002E
:10D30000000000000000000000000000000000001D
:10D31000000000000000000000000000000000000D
:10D320000000000000000000000000000000F0030A
:10D3300018060C0C0C0C000C800F700C1C0C0C0C48
:10D34000060C060C064C0C4FF838000000000000DC
:10D3500000000000000000000000000000001000BD
:10D360001E00180018001800180018001800180FE8
:10D37000D818383038601860186018601860186065
:10D380001860182038307818C80700000000000026
:10D39000000000000000000000000000000000008D
:10D3A0000000000000000000000000000000C007B6
:10D3B000700C181818180C180C000C000C000C003D
:10D3C0000C20182018103008C007000000000000D2
:10D3D000000000000000000000000000000000103D
:10D3E000001E001800180018001800180018E01B94
:10D3F000301C181818180C180C180C180C180C18CD
:10D400000C180818181C307AE00900000000000011
:10D41000000000000000000000000000000000000C
:10D420000000000000000000000000000000C00735
:10D43000300C181808100C300C30FC3F0C000C009D
:10D440000C00182018107018C00700000000000021
:10D4500000000000000000000000000000000000CC
:10D46000003E80C380C0C0C0C000C000C000FC1F20
:10D47000C000C000C000C000C000C000C000C000AC
:10D48000C000C000C000C000F80F00000000000095
:10D49000000000000000000000000000000000008C
:10D4A0000000000000000000000000000000C07745
:10D4B000306C10181818181818181018300CF007BD
:10D4C00018001800F00FF03F08700C600C600C6042
:10D4D0003838E00F000000000000000000001000DD
:10D4E0001E00180018001800180018001800980FE7
:10D4F000D818383018301830183018301830183024
:10D5000018301830183018307EFC00000000000081
:10D51000000000000000000000000000000000000B
:10D520008003800380030000000000000001F80178
:10D5300080018001800180018001800180018001E3
:10D540008001800180018001F81F000000000000C0
:10D5500000000000000000000000000000000000CB
:10D560000038003800380000000000000010801F64
:10D5700000180018001800180018001800180018EB
:10D580000018001800180018001800180018180CCF
:10D590001806F0030000000000000000000010006A
:10D5A0001E00180018001800180018001800183E77
:10D5B000180C1806180318019801D8013803180729
:10D5C0001806180C181C18187E7C000000000000BB
:10D5D000000000000000000000000000000000014A
:10D5E000F8018001800180018001800180018001BB
:10D5F0008001800180018001800180018001800123
:10D600008001800180018001F81F000000000000FF
:10D61000000000000000000000000000000000000A
:10D620000000000000000000000000000800EE1CE8
:10D630009C338C318C318C318C318C318C318C31F0
:10D640008C318C318C318C31DE7B0000000000008D
:10D6500000000000000000000000000000000000CA
:10D6600000000000000000000000000010001E0F7D
:10D67000D8183830183018301830183018301830A2
:10D6800018301830183018307EFC00000000000000
:10D69000000000000000000000000000000000008A
:10D6A0000000000000000000000000000000C007B3
:10D6B000701C103018300C600C600C600C600C603A
:10D6C0000C60183018303018C0070000000000004F
:10D6D000000000000000000000000000000000004A
:10D6E00000000000000000000000000010009E0F7D
:10D6F00058183830182018601860186018601860C2
:10D70000186018303830781898071800180018007A
:10D7100018007E0000000000000000000000000073
:10D720000000000000000000000000000000C02316
:10D73000303C183818300C300C300C300C300C30B9
:10D740000C3008301838303CE03300300030003006
:10D75000003000FC0000000000000000000000009D
:10D7600000000000000000000000000060007E3C9F
:10D7700060666061E000E0006000600060006000E2
:10D780006000600060006000FE0700000000000014
:10D790000000000000000000000000000000000089
:10D7A0000000000000000000000000000000E02772
:10D7B00030381830182018007000E003800F001C6B
:10D7C000043004300C301C18EC0F00000000000086
:10D7D0000000000000000000000000000000000049
:10D7E00000000000800080008000C000E000FC1FFE
:10D7F000C000C000C000C000C000C000C000C00029
:10D80000C000C020C0208011000F000000000000F8
:10D810000000000000000000000000000000000008
:10D8200000000000000000000000000010201E3C6E
:10D8300018301830183018301830183018301830A8
:10D8400018301830183830F4E013000000000000E1
:10D8500000000000000000000000000000000000C8
:10D8600000000000000000000000000000007E3CFE
:10D87000181818083808300430047002600260027A
:10D88000E001C001C001C0008000000000000000F5
:10D890000000000000000000000000000000000088
:10D8A0000000000000000000000000000000DFF7A2
:10D8B0008E630C238C238C239813981358165816B8
:10D8C000700E700E700E2004200400000000000096
:10D8D0000000000000000000000000000000000048
:10D8E0000000000000000000000000000000FC3EFE
:10D8F00070087004E004C002C00180038003400788
:10D900006006200C100C18183E7E0000000000007D
:10D910000000000000000000000000000000000007
:10D9200000000000000000000000000000007E7CFD
:10D930001818180830083008300460046004C00269
:10D94000C002C00280018001800180008000800050
:10D950004C003C000000000000000000000000003F
:10D960000000000000000000000000000000FC1F9C
:10D970000C0C040E0406000380038001C000E000CC
:10D980007020302038301C18FC1F00000000000000
:10D99000000000000000000000000030000800044B
:10D9A0000004000400040004000400040004000457
:10D9B00000040002800100020004000400040004CE
:10D9C0000004000400040004000400040004000833
:10D9D0000030000000010001000100010001000111
:10D9E000000100010001000100010001000100012F
:10D9F000000100010001000100010001000100011F
:10DA0000000100010001000100010001000100010E
:10DA1000000100010000000000000C0010002000C8
:10DA200020002000200020002000200020002000F6
:10DA30002000400080014000200020002000200045
:10DA400020002000200020002000200020001000E6
:10DA50000C00000000003800C40086400261002273
:10DA6000001C00000000000000000000000000009A
:10DA700000000000000000000000000000000000A6
:10DA80000000000000000000000000000000000096
:10DA900000000000000610160006101641542B4C22
:10DAA000494748542B4F4E0D0041542B434F4C4F88
:10DAB000520D002C0064656661756C745461736B63
:10DAC000007D04017C000240AB03410005530806C1
:10DAD0005804070F000810820911000A15800B1660
:10DAE000000C18010D00000008DB000800000020F9
:10DAF0006000000094A4000868DB000860000020BB
:10DB000088590000A4A400080000000000000000E4
:10DB1000E7416B3A58A08B3A0024F400CDCC4C3D41
:10DB2000CDCC4C3DCDCC4C3DCDCC4C3E000000008E
:10DB3000000000005A000000FFFFFFFFFFFFFFFF93
:10DB40005A000000280E0020018C0008010000008F
:10DB500010000000AAAAAAAA88500020E0500020C5
:08DB6000385100209051002013
:040000050800018965
:00000001FF
